Borsa_Fiyati,Sistem_Hacmi,Sebekeden_Alis,Sebekeye_Satis,Kooperatif_Tasarrufu
3.08979386236083,-0.1265,104.5765,0,0.021505
3.08980084920381,-0.1265,108.2365,0,0.021505
3.08980737794856,-0.1265,111.8965,0,0.021505
3.08978319059165,-0.1265,99.4415,0,0.021505
3.08980960349186,-0.1265,113.2015,0,0.021505
3.08977442347129,-0.1265,95.5865,0,0.021505
3.08982542304773,-0.1265,123.4365,0,0.021505
4.97167623025452,-0.1265,129.3015,0,-0.216315
4.97184768542838,-0.1265,117.3265,0,-0.216315
4.97043929989023,-0.1265,492.6615,0,-0.216315
4.408246135178,247.4465,258.3435,0,423.133515
4.06345567363241,494.09,0,63.3949999999999,844.8939
3.88097758504683,515.435,0,388.495,881.39385
3.7400491064928,447.28,0,698.712,764.8488
3.76220088756743,438.955,0,616.737,750.61305
3.9416406510018,431.17,0,219.316,737.3007
4.20134099326008,415.0929,93.2521,0,709.808859
4.5641312820084,174.8561,386.9889,0,299.003931
7.34064880072055,-0.1265,795.7515,0,-0.51612
7.34074183577476,-0.1265,695.9865,0,-0.51612
7.34072516416021,-0.1265,711.9815,0,-0.51612
7.34074634667985,-0.1265,691.7815,0,-0.51612
7.34072353761275,-0.1265,713.5815,0,-0.51612
3.08996888174702,-0.1265,691.3265,0,0.021505
3.08993034445565,-0.1265,308.9865,0,0.021505
3.08980425710086,-0.1265,110.1165,0,0.021505
3.08993181101139,-0.1265,315.6265,0,0.021505
3.0899308350768,-0.1265,311.1765,0,0.021505
3.08993035347917,-0.1265,309.0265,0,0.021505
3.08993053345974,-0.1265,309.8265,0,0.021505
3.08993502500955,-0.1265,331.2265,0,0.021505
4.97071598204046,-0.1265,302.3765,0,-0.216315
4.97064384542233,-0.1265,336.2265,0,-0.216315
4.97008250240711,-0.1265,2622.1765,0,-0.216315
4.89155685860309,124.9229,2473.3771,0,213.618159
4.6202492199743,672.2084,1942.1416,0,1149.476364
4.48621661337033,1042.732,1600.218,0,1783.07172
4.35555108113145,1251.359,979.791,0,2139.82389
4.43677408785557,976.462,1178.488,0,1669.75002
4.47827313664997,824.144,1217.706,0,1409.28624
4.69234903205026,499.9698,2079.2802,0,854.948358
4.83066133214219,231.7149,2380.2351,0,396.232479
7.34014785261776,-0.1265,3491.0265,0,-0.51612
7.34017359813001,-0.1265,2973.3265,0,-0.51612
7.34017393159304,-0.1265,2967.6265,0,-0.51612
7.34017670661556,-0.1265,2921.0265,0,-0.51612
7.34016933218087,-0.1265,3048.2265,0,-0.51612
3.0899927177566,-0.1265,2953.3265,0,0.021505
3.08995942632732,-0.1265,530.2765,0,0.021505
3.08993628591787,-0.1265,337.7765,0,0.021505
3.08980140095213,-0.1265,108.5365,0,0.021505
3.08978555794323,-0.1265,100.5365,0,0.021505
3.08979015110487,-0.1265,102.7315,0,0.021505
3.08981075955772,-0.1265,113.8915,0,0.021505
3.08982245394164,-0.1265,121.3765,0,0.021505
4.97184500633297,-0.1265,117.4965,0,-0.216315
4.97181102362205,-0.1265,119.6965,0,-0.216315
4.97043306869859,-0.1265,499.7465,0,-0.216315
4.44244637928493,222.2808,275.9342,0,380.100168
3.91591780137434,489.765,0,297.304,837.49815
3.80731028783829,516.305,0,580.518,882.88155
3.75128254371141,512.075,0,758.222,875.64825
3.73773588781776,440.62,0,695.908,753.4602
3.75851958927662,431.19,0,616.669,737.3349
3.88957611157286,434.55,0,311.187,743.0805
4.3054847698327,363.0448,208.1352,0,620.806608
7.34065965119467,-0.1265,782.6665,0,-0.51612
7.34076076374123,-0.1265,678.6765,0,-0.51612
7.34070318615045,-0.1265,734.2265,0,-0.51612
7.34074574816478,-0.1265,692.3365,0,-0.51612
7.34075163453424,-0.1265,686.9165,0,-0.51612
3.08996841116457,-0.1265,681.0315,0,0.021505
3.08992946486117,-0.1265,305.1365,0,0.021505
3.08980185841238,-0.1265,108.7865,0,0.021505
3.08979619687543,-0.1265,105.7715,0,0.021505
3.08979762571344,-0.1265,106.5165,0,0.021505
3.08979681306897,-0.1265,106.0915,0,0.021505
3.08981717088847,-0.1265,117.8765,0,0.021505
3.0898112743915,-0.1265,114.2015,0,0.021505
4.97178656821814,-0.1265,121.3315,0,-0.216315
4.97175611003544,-0.1265,123.4315,0,-0.216315
4.97041762192102,-0.1265,518.2215,0,-0.216315
4.40715539555704,262.9924,273.0226,0,449.717004
3.94149180022713,423.915,0,215.858,724.89465
3.81895022500086,428.2,0,453.595,732.222
3.76544807813535,438.885,0,607.038,750.49335
3.76187433652441,458.67,0,645.453,784.3257
3.85626725056527,509.835,0,442.456,871.81785
3.95588078889203,516,0,235.9758,882.36
4.31179528974926,352.5585,210.8215,0,602.875035
7.34065860740748,-0.1265,783.9065,0,-0.51612
7.34074741127822,-0.1265,690.7965,0,-0.51612
7.34071968358018,-0.1265,717.4015,0,-0.51612
7.34072662920328,-0.1265,710.5465,0,-0.51612
7.34070810155602,-0.1265,729.1315,0,-0.51612
3.08996884996926,-0.1265,690.6215,0,0.021505
3.08993389961532,-0.1265,325.5915,0,0.021505
3.08978361599259,-0.1265,99.6365,0,0.021505
3.08993404861174,-0.1265,326.3265,0,0.021505
3.08993139770985,-0.1265,313.7265,0,0.021505
3.08993129908777,-0.1265,313.2765,0,0.021505
3.08993468955139,-0.1265,329.5265,0,0.021505
3.08993974055232,-0.1265,357.1265,0,0.021505
4.97066903581088,-0.1265,323.5765,0,-0.216315
4.97064509346944,-0.1265,335.5765,0,-0.216315
4.97008328541449,-0.1265,2597.5265,0,-0.216315
4.76425674544099,362.9504,2290.6996,0,620.645184
4.56948875011258,795.784,1806.066,0,1360.79064
4.40257327955722,1313.341,1331.209,0,2245.81311
4.36496169433528,1441.41,1190.99,0,2464.8111
4.37475144884617,1425.818,1244.382,0,2438.14878
4.59342151825645,711.305,1807.345,0,1216.33155
4.78387755062197,317.7771,2284.0229,0,543.398841
4.96001628583518,15.7703,2669.5797,0,26.967213
7.34015259783985,-0.1265,3382.4765,0,-0.51612
7.34016688473581,-0.1265,3092.9265,0,-0.51612
7.34017030158975,-0.1265,3030.8765,0,-0.51612
7.34017500199629,-0.1265,2949.4765,0,-0.51612
7.34018107418333,-0.1265,2850.5765,0,-0.51612
3.08999276820404,-0.1265,2973.9265,0,0.021505
3.08995994400916,-0.1265,537.1265,0,0.021505
3.08993002487607,-0.1265,307.5765,0,0.021505
3.08993336400975,-0.1265,322.9765,0,0.021505
3.08993525973625,-0.1265,332.4265,0,0.021505
3.08992823856631,-0.1265,299.9265,0,0.021505
3.08993137581831,-0.1265,313.6265,0,0.021505
3.08993683796243,-0.1265,340.7265,0,0.021505
4.97067069531367,-0.1265,322.7765,0,-0.216315
4.97063347521843,-0.1265,341.7265,0,-0.216315
4.97008459971524,-0.1265,2557.1765,0,-0.216315
4.88356194955525,139.5494,2481.6006,0,238.629474
4.78752335648381,311.0119,2292.4881,0,531.830349
4.60379476812061,585.4592,1562.8908,0,1001.135232
4.62148458956727,562.8402,1635.9098,0,962.456742
4.59184865879805,617.618,1557.632,0,1056.12678
4.59224625693169,584.205,1476.145,0,998.99055
4.65665067680751,470.8034,1627.6466,0,805.073814
4.78563698956036,322.7785,2348.2715,0,551.951235
7.33951084859285,0.4115,3431.4885,0,1.67892
7.34016834628608,-0.1265,3066.0765,0,-0.51612
7.34016932940314,-0.1265,3048.2765,0,-0.51612
7.3401755108141,-0.1265,2940.9265,0,-0.51612
7.34016943502126,-0.1265,3046.3765,0,-0.51612
3.08999290152395,-0.1265,3029.7765,0,0.021505
3.08995911002266,-0.1265,526.1765,0,0.021505
3.0899348675772,-0.1265,330.4265,0,0.021505
3.08993101258006,-0.1265,311.9765,0,0.021505
3.08993481822301,-0.1265,330.1765,0,0.021505
3.08993229405255,-0.1265,317.8765,0,0.021505
3.0899304098232,-0.1265,309.2765,0,0.021505
3.0899356856928,-0.1265,334.6265,0,0.021505
4.97059900560335,-0.1265,361.3765,0,-0.216315
4.97066831235798,-0.1265,323.9265,0,-0.216315
4.97008367038013,-0.1265,2585.5765,0,-0.216315
4.79277203545966,299.5864,2291.4136,0,512.292744
4.6621493705215,578.86,2057.64,0,989.8506
4.5026668348107,827.849,1373.451,0,1415.62179
4.43004083756498,1019.495,1189.655,0,1743.33645
4.43342039825917,970.916,1152.334,0,1660.26636
4.51691825004216,754.14,1337.96,0,1289.5794
4.64470292127199,510.779,1663.471,0,873.43209
4.77282171327447,282.006,1881.644,0,482.23026
7.34014754406961,-0.1265,3498.3265,0,-0.51612
7.34016903271087,-0.1265,3053.6265,0,-0.51612
7.34017065916823,-0.1265,3024.5265,0,-0.51612
7.34016986160978,-0.1265,3038.7265,0,-0.51612
7.34017404596679,-0.1265,2965.6765,0,-0.51612
3.0899927576096,-0.1265,2969.5765,0,0.021505
3.08995987674764,-0.1265,536.2265,0,0.021505
3.08993323989091,-0.1265,322.3765,0,0.021505
3.0899385524904,-0.1265,350.2265,0,0.021505
3.08993440067597,-0.1265,328.0765,0,0.021505
3.08993374382074,-0.1265,324.8265,0,0.021505
3.08994025949132,-0.1265,360.2265,0,0.021505
3.08993625758988,-0.1265,337.6265,0,0.021505
4.97065535403478,-0.1265,330.3265,0,-0.216315
4.97066237768833,-0.1265,326.8265,0,-0.216315
4.97008492020978,-0.1265,2547.5265,0,-0.216315
4.74154506113732,406.989,2232.361,0,695.95119
4.54732544446678,860.6,1760.5,0,1471.626
4.39449914308247,1094.188,1062.812,0,1871.06148
4.34509310050282,1256.531,925.319,0,2148.66801
4.32807695864941,1274.468,846.082,0,2179.34028
4.43579715499906,947.783,1138.317,0,1620.70893
4.50760955272579,799.578,1357.822,0,1367.27838
4.74330869332899,331.958,1840.142,0,567.64818
7.34015877569334,-0.1265,3250.8765,0,-0.51612
7.34016637367317,-0.1265,3102.4265,0,-0.51612
7.340170585841,-0.1265,3025.8265,0,-0.51612
7.34017338526739,-0.1265,2976.9765,0,-0.51612
7.34017308871568,-0.1265,2982.0765,0,-0.51612
3.08999293777309,-0.1265,3045.3265,0,0.021505
3.08995841820975,-0.1265,517.4265,0,0.021505
3.08993557973001,-0.1265,334.0765,0,0.021505
3.08993010447764,-0.1265,307.9265,0,0.021505
3.08993308409063,-0.1265,321.6265,0,0.021505
3.08993494638862,-0.1265,330.8265,0,0.021505
3.08993558937741,-0.1265,334.1265,0,0.021505
3.0899360490791,-0.1265,336.5265,0,0.021505
4.97064789508601,-0.1265,334.1265,0,-0.216315
4.97064403711516,-0.1265,336.1265,0,-0.216315
4.97008494355258,-0.1265,2546.8265,0,-0.216315
4.80042972218742,288.112,2329.188,0,492.67152
4.68213601610896,424.4778,1672.5722,0,725.857038
4.50975852912866,812.833,1394.367,0,1389.94443
4.38738533239631,1137.364,1063.486,0,1944.89244
4.38274843769146,1143.488,1042.712,0,1955.36448
4.36328524493884,1162.331,951.319,0,1987.58601
4.40883494316788,1030.196,1078.854,0,1761.63516
4.67987561276028,452.082,1760.418,0,773.06022
7.32837064965623,9.4467,3295.3533,0,38.542536
7.34016795185588,-0.1265,3073.2765,0,-0.51612
7.34017179527763,-0.1265,3004.5265,0,-0.51612
7.34017128216207,-0.1265,3013.5265,0,-0.51612
7.34017223959699,-0.1265,2996.7765,0,-0.51612
3.08999287836913,-0.1265,3019.9265,0,0.021505
3.08995872150887,-0.1265,521.2265,0,0.021505
3.0899313648673,-0.1265,313.5765,0,0.021505
3.08980981397056,-0.1265,113.3265,0,0.021505
3.08979583893063,-0.1265,105.5865,0,0.021505
3.08979872430237,-0.1265,107.0965,0,0.021505
3.08979562550191,-0.1265,105.4765,0,0.021505
3.08981099241069,-0.1265,114.0315,0,0.021505
4.97172508941851,-0.1265,125.6465,0,-0.216315
4.97189960789824,-0.1265,114.1265,0,-0.216315
4.97043190138237,-0.1265,501.0965,0,-0.216315
4.5946307884761,144.5065,369.2885,0,247.106115
4.38230165354129,274.0834,249.3216,0,468.682614
4.10322360927651,438.045,0,12.2354,749.05695
4.010650646783,421.505,0,117.1884,720.77355
3.7814070717786,436.615,0,558.687,746.61165
3.81193513197753,437.61,0,480.579,748.3131
3.88929893489327,426.47,0,305.911,729.2637
4.28775946994141,377.129,190.996,0,644.89059
7.33836131176245,0.3182,791.6168,0,1.298256
7.3407665772782,-0.1265,673.5315,0,-0.51612
7.34072434489045,-0.1265,712.7865,0,-0.51612
7.34073303805586,-0.1265,704.3365,0,-0.51612
7.34075047057087,-0.1265,687.9815,0,-0.51612
3.08996912501247,-0.1265,696.7715,0,0.021505
3.08992910209727,-0.1265,303.5765,0,0.021505
3.08980338914869,-0.1265,109.6315,0,0.021505
3.08980838200635,-0.1265,112.4815,0,0.021505
3.08980847586689,-0.1265,112.5365,0,0.021505
3.0897892668682,-0.1265,102.3015,0,0.021505
3.0898079713542,-0.1265,112.2415,0,0.021505
3.08983618795157,-0.1265,131.5315,0,0.021505
4.97172392083106,-0.1265,125.7315,0,-0.216315
4.97206125200703,-0.1265,105.1965,0,-0.216315
4.97043570301335,-0.1265,496.7265,0,-0.216315
4.31177570796257,327.599,195.871,0,560.19429
3.90176388242813,431.635,0,286.835,738.09585
3.84685805379623,407.1,0,372.017,696.141
3.95301247559285,435.04,0,203.376,743.9184
4.13260282987208,418.2174,17.5826000000001,0,715.151754
4.02722741417156,440.485,0,100.785,753.22935
3.98570211045334,432.42,0,154.088,739.4382
4.30401779860913,357.634,203.006,0,611.55414
7.34067134635434,-0.1265,769.0365,0,-0.51612
7.34073388233738,-0.1265,703.5265,0,-0.51612
7.34074274320803,-0.1265,695.1365,0,-0.51612
7.34073237753798,-0.1265,704.9715,0,-0.51612
7.34074466680662,-0.1265,693.3415,0,-0.51612
3.08996932867523,-0.1265,701.3965,0,0.021505
3.08993243551055,-0.1265,318.5415,0,0.021505
3.08977792923269,-0.1265,97.0915,0,0.021505
3.08979336718761,-0.1265,104.3265,0,0.021505
3.08978503276239,-0.1265,100.2915,0,0.021505
3.0897725385669,-0.1265,94.7965,0,0.021505
3.08976718253517,-0.1265,92.6215,0,0.021505
3.08982342339383,-0.1265,122.0415,0,0.021505
4.97176845693824,-0.1265,122.5715,0,-0.216315
4.97179145082548,-0.1265,121.0015,0,-0.216315
4.9704164961872,-0.1265,519.6215,0,-0.216315
4.31587047801311,267.845,164.5,0,458.01495
3.94093181129953,415.405,0,212.3819,710.34255
3.7983242794173,443.73,0,522.059,758.7783
3.75550194649615,452.925,0,657.215,774.50175
3.73238024741536,429.55,0,695.856,734.5305
3.77460878885316,429.59,0,568.31,734.5989
3.8731870862615,422.085,0,332.902,721.76535
4.18559002238422,404.7772,72.8527999999999,0,692.169012
7.31337081530381,4.9676,751.1774,0,20.267808
7.34078654228168,-0.1265,656.4415,0,-0.51612
7.34077024960881,-0.1265,670.3215,0,-0.51612
7.34075058516761,-0.1265,687.8765,0,-0.51612
7.34073569732809,-0.1265,701.7915,0,-0.51612
3.08996899368988,-0.1265,693.8215,0,0.021505
3.08992327411353,-0.1265,280.5365,0,0.021505
3.08978894630178,-0.1265,102.1465,0,0.021505
3.08978753883924,-0.1265,101.4715,0,0.021505
3.08980422146053,-0.1265,110.0965,0,0.021505
3.08978480689659,-0.1265,100.1865,0,0.021505
3.08979571286757,-0.1265,105.5215,0,0.021505
3.08981106713464,-0.1265,114.0765,0,0.021505
4.9718037749065,-0.1265,120.1765,0,-0.216315
4.9716908393814,-0.1265,128.1865,0,-0.216315
4.97041930572207,-0.1265,516.1415,0,-0.216315
4.15737088931987,471.198,49.1370000000001,0,805.74858
3.79386754015575,505.965,0,608.697,865.20015
3.7887863765928,521.495,0,643.431,891.75645
3.83501576020835,540.345,0,526.205,923.98995
3.91839680846228,537.91,0,321.2495,919.8261
3.80277990094908,510.295,0,587.068,872.60445
3.83258811901522,495.645,0,488.924,847.55295
4.07381311665699,543.66,0,55.029,929.6586
7.28180094968584,11.1525,759.5325,0,45.5022
7.34075501562709,-0.1265,683.8415,0,-0.51612
7.34070886013362,-0.1265,728.3515,0,-0.51612
7.34074569429164,-0.1265,692.3865,0,-0.51612
7.34074867434943,-0.1265,689.6315,0,-0.51612
3.08996944958827,-0.1265,704.1715,0,0.021505
3.08992945097737,-0.1265,305.0765,0,0.021505
3.08980350591858,-0.1265,109.6965,0,0.021505
3.08993799439773,-0.1265,347.0765,0,0.021505
3.08993401825889,-0.1265,326.1765,0,0.021505
3.08993531815318,-0.1265,332.7265,0,0.021505
3.08993643657624,-0.1265,338.5765,0,0.021505
3.08993471928991,-0.1265,329.6765,0,0.021505
4.97065416490889,-0.1265,330.9265,0,-0.216315
4.97064499729406,-0.1265,335.6265,0,-0.216315
4.97008251971724,-0.1265,2621.6265,0,-0.216315
4.81766756747503,256.0132,2361.8368,0,437.782572
4.63185951030582,627.374,1917.926,0,1072.80954
4.60625026829165,728.445,1967.555,0,1245.64095
4.54710624733951,878.426,1795.124,0,1502.10846
4.55085392156283,871.101,1811.649,0,1489.58271
4.4872312869401,989.391,1525.709,0,1691.85861
4.58555210122438,763.007,1867.793,0,1304.74197
4.72729627031811,437.283,2206.367,0,747.75393
7.31469133471943,21.1061,3360.2939,0,86.112888
7.34016726332193,-0.1265,3085.9265,0,-0.51612
7.34016576717664,-0.1265,3113.7765,0,-0.51612
7.34017225396814,-0.1265,2996.5265,0,-0.51612
7.34016937385787,-0.1265,3047.4765,0,-0.51612
3.08999274967394,-0.1265,2966.3265,0,0.021505
3.08995610987125,-0.1265,490.2265,0,0.021505
3.08993567607422,-0.1265,334.5765,0,0.021505
3.08992945097737,-0.1265,305.0765,0,0.021505
3.08993653037643,-0.1265,339.0765,0,0.021505
3.08993492670365,-0.1265,330.7265,0,0.021505
3.08993652100887,-0.1265,339.0265,0,0.021505
3.08994215564046,-0.1265,372.0265,0,0.021505
4.97068308525974,-0.1265,316.9265,0,-0.216315
4.97059669235236,-0.1265,362.7765,0,-0.216315
4.97008280242464,-0.1265,2612.6765,0,-0.216315
4.82307872202126,247.8267,2388.7733,0,423.783657
4.70072834238261,498.8913,2170.4087,0,853.104123
4.57703686389024,782.3686,1839.7814,0,1337.850306
4.52096849468601,970.908,1755.592,0,1660.25268
4.4867681573105,1066.541,1641.059,0,1823.78511
4.4876996997313,986.3843,1524.4657,0,1686.717153
4.54611574485477,836.2721,1701.0779,0,1430.025291
4.72303734454333,453.0037,2230.6463,0,774.636327
7.31866586596421,17.6096,3332.4904,0,71.847168
7.34016905762624,-0.1265,3053.1765,0,-0.51612
7.34016893588753,-0.1265,3055.3765,0,-0.51612
7.34017242372901,-0.1265,2993.5765,0,-0.51612
7.34017310032605,-0.1265,2981.8765,0,-0.51612
3.08999288943644,-0.1265,3024.6265,0,0.021505
3.0899568712666,-0.1265,498.8765,0,0.021505
3.0899360014999,-0.1265,336.2765,0,0.021505
3.08993296937413,-0.1265,321.0765,0,0.021505
3.08993393718119,-0.1265,325.7765,0,0.021505
3.08993197278912,-0.1265,316.3765,0,0.021505
3.08992564573764,-0.1265,289.4765,0,0.021505
3.08993342589626,-0.1265,323.2765,0,0.021505
4.97061024307882,-0.1265,354.7265,0,-0.216315
4.9706794378301,-0.1265,318.6265,0,-0.216315
4.9700839642996,-0.1265,2576.5265,0,-0.216315
4.7037279409729,489.321,2163.779,0,836.73891
4.48201165149821,1032.992,1553.808,0,1766.41632
4.28815943880313,1749.565,888.635,0,2991.75615
4.22818406869151,2026.619,618.431,0,3465.51849
4.37323788676394,1435.327,1242.223,0,2454.40917
4.33747169827924,1513.294,1064.506,0,2587.73274
4.53469076397411,864.99,1667.91,0,1479.1329
4.70274651575603,490.588,2157.812,0,838.90548
7.32253587505086,14.6347,3389.7153,0,59.709576
7.34016770354957,-0.1265,3077.8265,0,-0.51612
7.34016903824698,-0.1265,3053.5265,0,-0.51612
7.34017188968247,-0.1265,3002.8765,0,-0.51612
7.34017581872535,-0.1265,2935.7765,0,-0.51612
3.08999282251178,-0.1265,2996.4265,0,0.021505
3.08995820404705,-0.1265,514.7765,0,0.021505
3.08993010447764,-0.1265,307.9265,0,0.021505
3.08978305936234,-0.1265,99.3815,0,0.021505
3.08979671703446,-0.1265,106.0415,0,0.021505
3.08977845542066,-0.1265,97.3215,0,0.021505
3.08978777995431,-0.1265,101.5865,0,0.021505
3.08983909886385,-0.1265,133.9065,0,0.021505
4.97172426436887,-0.1265,125.7065,0,-0.216315
4.97213037419304,-0.1265,101.7915,0,-0.216315
4.97043206960572,-0.1265,500.9015,0,-0.216315
4.09445696495415,503.535,0,24.7925000000001,861.04485
3.81122574966566,501.45,0,552.6868,857.4795
3.67532876121921,512.93,0,1085.9858,877.1103
3.76087183696348,555.99,0,786.196,950.7429
3.9112561150364,542.5,0,339.4396,927.675
3.87558346532546,498.88,0,388.055,853.0848
3.99140646904876,513.605,0,173.5786,878.26455
4.42880290165082,255.2552,296.0098,0,436.486392
7.31488312399683,4.9473,793.7477,0,20.184984
7.34076040507202,-0.1265,678.9965,0,-0.51612
7.34071299258094,-0.1265,724.1315,0,-0.51612
7.34074932108565,-0.1265,689.0365,0,-0.51612
7.34076198800148,-0.1265,677.5865,0,-0.51612
3.0899688210651,-0.1265,689.9815,0,0.021505
3.08992953766155,-0.1265,305.4515,0,0.021505
3.08979945632661,-0.1265,107.4865,0,0.021505
3.089807274373,-0.1265,111.8365,0,0.021505
3.08979220917256,-0.1265,103.7465,0,0.021505
3.08978577156604,-0.1265,100.6365,0,0.021505
3.08980011804236,-0.1265,107.8415,0,0.021505
3.08982077449089,-0.1265,120.2415,0,0.021505
4.97181034158099,-0.1265,119.7415,0,-0.216315
4.9720138530073,-0.1265,107.6665,0,-0.216315
4.97045007162571,-0.1265,480.8765,0,-0.216315
4.27077848183111,360.472,160.618,0,616.40712
3.82794914847685,498.48,0,503.88,852.4008
3.80616851640846,507.365,0,573.78,867.59415
3.68053019193444,456.14,0,942.52,779.9994
3.62634553347902,422.775,0,1127.8472,722.94525
3.90277427553496,504.475,0,333.1265,862.65225
3.88800569779378,493.73,0,356.92,844.2783
4.12924639936616,538.0265,18.2334999999999,0,920.025315
7.24247046418396,19.1654,763.4246,0,78.194832
7.34076948594337,-0.1265,670.9865,0,-0.51612
7.34075868927211,-0.1265,680.5315,0,-0.51612
7.34073896799051,-0.1265,698.6865,0,-0.51612
7.34074003815472,-0.1265,697.6765,0,-0.51612
3.0899695475751,-0.1265,706.4365,0,0.021505
3.08992489789361,-0.1265,286.5965,0,0.021505
3.0897833871382,-0.1265,99.5315,0,0.021505
3.08993272823678,-0.1265,319.9265,0,0.021505
3.08993317765794,-0.1265,322.0765,0,0.021505
3.08993500537214,-0.1265,331.1265,0,0.021505
3.08993266504578,-0.1265,319.6265,0,0.021505
3.0899395117341,-0.1265,355.7765,0,0.021505
4.9706432710279,-0.1265,336.5265,0,-0.216315
4.97061483954312,-0.1265,352.0765,0,-0.216315
4.97008241125546,-0.1265,2625.0765,0,-0.216315
4.71512747165713,465.1673,2190.5827,0,795.436083
4.4732073924263,1030.822,1486.528,0,1762.70562
4.31909090653805,1355.514,850.036,0,2317.92894
4.42698509815992,1011.035,1161.765,0,1728.86985
4.54842150490458,711.6227,1463.2273,0,1216.874817
4.39402951558872,1054.9534,1022.1466,0,1803.970314
4.52555669775822,886.687,1638.163,0,1516.23477
4.72409760337741,454.9143,2253.6357,0,777.903453
7.28904270573289,42.5487,3321.6513,0,173.598696
7.34017248135103,-0.1265,2992.5765,0,-0.51612
7.34017007430948,-0.1265,3034.9265,0,-0.51612
7.3401660525064,-0.1265,3108.4265,0,-0.51612
7.34016808586409,-0.1265,3070.8265,0,-0.51612
3.08999277087819,-0.1265,2975.0265,0,0.021505
3.08995998127932,-0.1265,537.6265,0,0.021505
3.08993629535494,-0.1265,337.8265,0,0.021505
3.08993208021514,-0.1265,316.8765,0,0.021505
3.08993297981915,-0.1265,321.1265,0,0.021505
3.08992985368925,-0.1265,306.8265,0,0.021505
3.08993062310165,-0.1265,310.2265,0,0.021505
3.08993750790051,-0.1265,344.3765,0,0.021505
4.97062478427952,-0.1265,346.4765,0,-0.216315
4.97062415331813,-0.1265,346.8265,0,-0.216315
4.97008266951665,-0.1265,2616.8765,0,-0.216315
4.82630256246815,238.8302,2364.4198,0,408.399642
4.51200327844346,935.251,1621.399,0,1599.27921
4.44892856050949,1146.185,1469.065,0,1959.97635
4.367103567454,1214.965,1016.085,0,2077.59015
4.34744898205275,1283.145,958.205,0,2194.17795
4.48646784098565,828.3539,1272.7461,0,1416.485169
4.64786461156814,603.262,1995.788,0,1031.57802
4.76719075390333,350.276,2252.824,0,598.97196
7.3367995559722,2.7169,3458.1331,0,11.084952
7.34016985881465,-0.1265,3038.7765,0,-0.51612
7.34017107210256,-0.1265,3017.2265,0,-0.51612
7.34017377347732,-0.1265,2970.3265,0,-0.51612
7.34018018914414,-0.1265,2864.5765,0,-0.51612
3.08999266735055,-0.1265,2933.0265,0,0.021505
3.08996194637101,-0.1265,565.3765,0,0.021505
3.08993884952946,-0.1265,351.9265,0,0.021505
3.08993384573027,-0.1265,325.3265,0,0.021505
3.08993170273141,-0.1265,315.1265,0,0.021505
3.08993302156671,-0.1265,321.3265,0,0.021505
3.0899324217099,-0.1265,318.4765,0,0.021505
3.08993643657624,-0.1265,338.5765,0,0.021505
4.97063088865135,-0.1265,343.1265,0,-0.216315
4.97065515554701,-0.1265,330.4265,0,-0.216315
4.97008282778892,-0.1265,2611.8765,0,-0.216315
4.77302266262659,340.5652,2275.3848,0,582.366492
4.52832131870894,908.259,1699.891,0,1553.12289
4.36651217350226,1196.818,997.582,0,2046.55878
4.55136511948141,710.619,1481.431,0,1215.15849
4.42093435604788,1021.457,1138.293,0,1746.69147
4.44823252138332,918.557,1173.293,0,1570.73247
4.41640011616139,1006.667,1096.133,0,1721.40057
4.54223978403722,727.1231,1452.4769,0,1243.380501
7.24691609883866,80.0989,3350.6511,0,326.803512
7.34016275619666,-0.1265,3171.3765,0,-0.51612
7.34017112882457,-0.1265,3016.2265,0,-0.51612
7.34017088518639,-0.1265,3020.5265,0,-0.51612
7.34017179813686,-0.1265,3004.4765,0,-0.51612
3.08999291578814,-0.1265,3035.8765,0,0.021505
3.08995998127932,-0.1265,537.6265,0,0.021505
3.08993232601208,-0.1265,318.0265,0,0.021505
3.08993572413834,-0.1265,334.8265,0,0.021505
3.08993117816391,-0.1265,312.7265,0,0.021505
3.0899350446351,-0.1265,331.3265,0,0.021505
3.08993432053594,-0.1265,327.6765,0,0.021505
3.0899356856928,-0.1265,334.6265,0,0.021505
4.97063627017988,-0.1265,340.2265,0,-0.216315
4.97069404360653,-0.1265,311.9265,0,-0.216315
4.97008493021227,-0.1265,2547.2265,0,-0.216315
4.75948773852381,373.457,2286.693,0,638.61147
4.5321807129741,727.84,1387.06,0,1244.6064
4.37995448359641,1121.975,1007.625,0,1918.57725
4.2978340452392,1389.948,756.152,0,2376.81108
4.2640596745876,1538.985,649.915,0,2631.66435
4.2877126788517,1359.811,688.439,0,2325.27681
4.44896493565656,943.763,1209.837,0,1613.83473
4.66160311685743,481.462,1706.688,0,823.30002
7.31476557693507,21.6873,3463.1127,0,88.484184
7.34016129135587,-0.1265,3200.1765,0,-0.51612
7.34017315840125,-0.1265,2980.8765,0,-0.51612
7.34016813788401,-0.1265,3069.8765,0,-0.51612
7.34017220224321,-0.1265,2997.4265,0,-0.51612
3.08999272883666,-0.1265,2957.8265,0,0.021505
3.08995824867713,-0.1265,515.3265,0,0.021505
3.08993208021514,-0.1265,316.8765,0,0.021505
3.08993597291838,-0.1265,336.1265,0,0.021505
3.08993462005603,-0.1265,329.1765,0,0.021505
3.08993295892585,-0.1265,321.0265,0,0.021505
3.08992894984199,-0.1265,302.9265,0,0.021505
3.08993781509932,-0.1265,346.0765,0,0.021505
4.97064041436051,-0.1265,338.0265,0,-0.216315
4.97064022481787,-0.1265,338.1265,0,-0.216315
4.97008203154108,-0.1265,2637.2265,0,-0.216315
4.75406339751413,378.3861,2239.6639,0,647.040231
4.52271953681275,935.796,1706.054,0,1600.21116
4.30849040750284,1394.104,815.546,0,2383.91784
4.27800300463451,1541.864,726.386,0,2636.58744
4.26748430961783,1535.134,666.416,0,2625.07914
4.27394287478185,1416.254,646.796,0,2421.79434
4.41631721102386,1048.716,1141.434,0,1793.30436
4.65640258268537,595.697,2056.853,0,1018.64187
7.30129441819418,32.6876,3380.2624,0,133.365408
7.34016592438661,-0.1265,3110.8265,0,-0.51612
7.34017445778131,-0.1265,2958.6765,0,-0.51612
7.34016984763503,-0.1265,3038.9765,0,-0.51612
7.34017061685636,-0.1265,3025.2765,0,-0.51612
3.08999280991306,-0.1265,2991.1765,0,0.021505
3.08996045591998,-0.1265,544.0765,0,0.021505
3.08993494638862,-0.1265,330.8265,0,0.021505
3.08978946286352,-0.1265,102.3965,0,0.021505
3.08978717087195,-0.1265,101.2965,0,0.021505
3.08980113465602,-0.1265,108.3915,0,0.021505
3.08977917203633,-0.1265,97.6365,0,0.021505
3.08981773647432,-0.1265,118.2415,0,0.021505
4.97188816682451,-0.1265,114.8165,0,-0.216315
4.97205040829964,-0.1265,105.7515,0,-0.216315
4.9704189402882,-0.1265,516.5915,0,-0.216315
4.08510304058677,528.92,0,38.3299999999999,904.4532
3.70335109369337,445.635,0,827.539,762.03585
3.58367609213122,423.36,0,1389.916,723.9456
3.60484449098273,442.765,0,1310.034,757.12815
3.58291401585593,439.895,0,1449.686,752.22045
3.63751539649551,439.99,0,1113.006,752.3829
3.66248180952691,426.96,0,960.079,730.1016
3.87525173585132,480.875,0,374.77,822.29625
6.97157461698307,72.9143,661.6357,0,297.490344
7.34079372732117,-0.1265,650.5015,0,-0.51612
7.3407153296508,-0.1265,721.7665,0,-0.51612
7.34073096688258,-0.1265,706.3315,0,-0.51612
7.34075249479317,-0.1265,686.1315,0,-0.51612
3.08996873198418,-0.1265,688.0165,0,0.021505
3.08993172766625,-0.1265,315.2415,0,0.021505
3.08977930800926,-0.1265,97.6965,0,0.021505
3.08980402520652,-0.1265,109.9865,0,0.021505
3.08975378820404,-0.1265,87.5965,0,0.021505
3.08979592611396,-0.1265,105.6315,0,0.021505
3.0898146895479,-0.1265,116.3015,0,0.021505
3.0898120906823,-0.1265,114.6965,0,0.021505
4.97168965072819,-0.1265,128.2765,0,-0.216315
4.97194320800226,-0.1265,111.5715,0,-0.216315
4.97042848356455,-0.1265,505.0915,0,-0.216315
4.4866082533395,199.1347,306.1703,0,340.520337
4.06184940740835,516.165,0,68.428,882.64215
3.86356666885902,509.825,0,424.765,871.80075
3.75220541818591,528.835,0,779.587,904.30785
3.74164285323688,540.83,0,838.475,924.8193
3.81604419975056,541.775,0,582.568,926.43525
3.86857427350729,503.96,0,408.13,861.7716
4.15198933478885,506.572,45.8130000000001,0,866.23812
6.78425452203327,123.6744,660.6056,0,504.591552
7.34075370356984,-0.1265,685.0315,0,-0.51612
7.34074371180087,-0.1265,694.2315,0,-0.51612
7.3407536485412,-0.1265,685.0815,0,-0.51612
7.34072760235344,-0.1265,709.5965,0,-0.51612
3.08996887251337,-0.1265,691.1215,0,0.021505
3.089928038054,-0.1265,299.0915,0,0.021505
3.08977467164719,-0.1265,95.6915,0,0.021505
3.08980578622487,-0.1265,110.9815,0,0.021505
3.08978755982752,-0.1265,101.4815,0,0.021505
3.08977277890188,-0.1265,94.8965,0,0.021505
3.0898113985275,-0.1265,114.2765,0,0.021505
3.08981909340602,-0.1265,119.1265,0,0.021505
4.97167195476837,-0.1265,129.6315,0,-0.216315
4.97181185792601,-0.1265,119.6415,0,-0.216315
4.97043271784172,-0.1265,500.1515,0,-0.216315
4.54273968646704,172.8657,346.1193,0,295.600347
4.19805648235089,336.5899,72.4301,0,575.568729
4.0121675472582,436.43,0,119.3329,746.2953
3.97883258436892,442.56,0,167.667,756.7776
3.93613564642496,427.26,0,226.054,730.6146
3.97756785453904,421.49,0,161.4517,720.7479
4.11821890934805,416.1646,3.14539999999994,0,711.641466
4.48115237066794,180.1505,269.8695,0,308.057355
7.05456052962907,55.6442,684.0758,0,227.028336
7.34075095648302,-0.1265,687.5365,0,-0.51612
7.3407205174793,-0.1265,716.5715,0,-0.51612
7.34073838124662,-0.1265,699.2415,0,-0.51612
7.34076490722099,-0.1265,675.0015,0,-0.51612
3.08996891570671,-0.1265,692.0815,0,0.021505
3.08993304763254,-0.1265,321.4515,0,0.021505
3.08975994463266,-0.1265,89.8365,0,0.021505
3.08979917540984,-0.1265,107.3365,0,0.021505
3.0898034969412,-0.1265,109.6915,0,0.021505
3.08979427647596,-0.1265,104.7865,0,0.021505
3.08978722351672,-0.1265,101.3215,0,0.021505
3.08980906253746,-0.1265,112.8815,0,0.021505
4.97178568332941,-0.1265,121.3915,0,-0.216315
4.97213584324412,-0.1265,101.5315,0,-0.216315
4.96902590099947,0.2831,496.4069,0,0.484101
4.39675083269202,252.5648,248.2702,0,431.885808
4.15644509984068,389.414,39.676,0,665.89794
3.98454277125169,427.065,0,153.79,730.28115
3.83408038601287,443.135,0,433.686,757.76085
3.87264300974056,436.19,0,345.107,745.8849
3.90781054520914,425.51,0,272.182,727.6221
3.84834656124646,432.465,0,392.008,739.51515
4.03038144842329,449.465,0,98.7383,768.58515
6.71057498733801,144.4691,647.5259,0,589.433928
7.34075502667214,-0.1265,683.8315,0,-0.51612
7.34072720253447,-0.1265,709.9865,0,-0.51612
7.34071763718665,-0.1265,719.4465,0,-0.51612
7.34074677863812,-0.1265,691.3815,0,-0.51612
3.08996860943673,-0.1265,685.3315,0,0.021505
3.08993115062182,-0.1265,312.6015,0,0.021505
3.08978850002705,-0.1265,101.9315,0,0.021505
3.08979080434053,-0.1265,103.0515,0,0.021505
3.08978538673799,-0.1265,100.4565,0,0.021505
3.08977517811685,-0.1265,95.9065,0,0.021505
3.08980055368264,-0.1265,108.0765,0,0.021505
3.08982276853596,-0.1265,121.5915,0,0.021505
4.97182940288473,-0.1265,118.4965,0,-0.216315
4.97208208405723,-0.1265,104.1465,0,-0.216315
4.96666828589117,0.9923,507.3127,0,1.696833
4.34084694120255,299.9407,215.3393,0,512.898597
3.92893266597985,426.035,0,237.008,728.51985
3.80678073651574,444.985,0,501.6744,760.92435
3.72482017757739,433.34,0,727.5094,741.0114
3.60540778190422,446.16,0,1316.471,762.9336
3.6022767044728,406.965,0,1219.25,695.91015
3.69781609016615,411.51,0,784.235,703.6821
3.95369983490658,465.645,0,216.545,796.25295
6.51350382406967,188.3271,553.0229,0,768.374568
7.34076090954727,-0.1265,678.5465,0,-0.51612
7.34077213365279,-0.1265,668.6865,0,-0.51612
7.34073611704392,-0.1265,701.3915,0,-0.51612
7.34076233690559,-0.1265,677.2765,0,-0.51612
3.0899687714873,-0.1265,688.8865,0,0.021505
3.08992811142478,-0.1265,299.3965,0,0.021505
3.08980993163549,-0.1265,113.3965,0,0.021505
3.08978219145477,-0.1265,98.9865,0,0.021505
3.08978851042696,-0.1265,101.9365,0,0.021505
3.08977812398438,-0.1265,97.1765,0,0.021505
3.08977287489372,-0.1265,94.9365,0,0.021505
3.08981638255271,-0.1265,117.3715,0,0.021505
4.97171496866415,-0.1265,126.3865,0,-0.216315
4.97183561248605,-0.1265,118.0965,0,-0.216315
4.97043302101798,-0.1265,499.8015,0,-0.216315
4.38629658858237,267.741,248.884,0,457.83711
3.81213520881562,416.195,0,456.594,711.69345
3.74784561329964,419.22,0,631.013,716.8662
3.70422475374922,444.975,0,822.938,760.90725
3.83715344391341,450.205,0,433.465,769.85055
3.83851086095778,434.485,0,415.309,742.96935
3.96553451168266,426.22,0,180.587,728.8362
4.11925126784875,441.557,4.41299999999984,0,755.06247
6.70038574620722,139.2985,609.9665,0,568.33788
7.34077486944008,-0.1265,666.3265,0,-0.51612
7.34073055818796,-0.1265,706.7265,0,-0.51612
7.34073481748089,-0.1265,702.6315,0,-0.51612
7.34076790030329,-0.1265,672.3715,0,-0.51612
3.08996964300713,-0.1265,708.6565,0,0.021505
3.08992943129929,-0.1265,304.9915,0,0.021505
3.08979284967755,-0.1265,104.0665,0,0.021505
3.08978132769324,-0.1265,98.5965,0,0.021505
3.08981565062343,-0.1265,116.9065,0,0.021505
3.08977723913257,-0.1265,96.7915,0,0.021505
3.08979784448925,-0.1265,106.6315,0,0.021505
3.08981458569538,-0.1265,116.2365,0,0.021505
4.97178494659147,-0.1265,121.4415,0,-0.216315
4.97184768542838,-0.1265,117.3265,0,-0.216315
4.94769787863561,6.6808,498.8842,0,11.424168
4.08385060404968,509.66,0,38.5399999999999,871.5186
3.71244641908808,418.505,0,744.71,715.64355
3.61641787248641,422.86,0,1183.052,723.0906
3.56832925359062,437.175,0,1550.231,747.56925
3.57935111948625,429.325,0,1440.217,734.14575
3.61044295618531,418.035,0,1203.748,714.83985
3.68266408625933,424.66,0,868.755,726.1686
3.94947824081968,456.41,0,219.139,780.4611
6.51634371629964,193.75,572.245,0,790.5
7.34075452444946,-0.1265,684.2865,0,-0.51612
7.34076452198489,-0.1265,675.3415,0,-0.51612
7.34073929083256,-0.1265,698.3815,0,-0.51612
7.34073360590785,-0.1265,703.7915,0,-0.51612
3.0899690099988,-0.1265,694.1865,0,0.021505
3.08993034783975,-0.1265,309.0015,0,0.021505
3.08978195957558,-0.1265,98.8815,0,0.021505
3.08977995160061,-0.1265,97.9815,0,0.021505
3.0897819927314,-0.1265,98.8965,0,0.021505
3.08979729188366,-0.1265,106.3415,0,0.021505
3.08979015110487,-0.1265,102.7315,0,0.021505
3.08982305290311,-0.1265,121.7865,0,0.021505
4.97173275872427,-0.1265,125.0915,0,-0.216315
4.97188940373924,-0.1265,114.7415,0,-0.216315
4.94094593776498,8.8126,501.0474,0,15.069546
4.26205705411029,366.0005,152.0545,0,625.860855
3.86667249231154,419.395,0,343.3395,717.16545
3.73738916430976,440.535,0,696.919,753.31485
3.65168836721209,447.9,0,1059.604,765.909
3.69284647274075,437.18,0,852.76,747.5778
3.75921911867149,428.725,0,611.083,733.11975
3.82234574038678,443.21,0,461.308,757.8891
4.13866156160438,453.429,25.811,0,775.36359
6.71004095330791,139.3462,623.7988,0,568.532496
7.34076858069747,-0.1265,671.7765,0,-0.51612
7.34073156782048,-0.1265,705.7515,0,-0.51612
7.34073779016037,-0.1265,699.8015,0,-0.51612
7.34073215416773,-0.1265,705.1865,0,-0.51612
3.0899689087409,-0.1265,691.9265,0,0.021505
3.0899317406685,-0.1265,315.3015,0,0.021505
3.08978717087195,-0.1265,101.2965,0,0.021505
3.08979178668422,-0.1265,103.5365,0,0.021505
3.08976022566996,-0.1265,89.9415,0,0.021505
3.0898010886707,-0.1265,108.3665,0,0.021505
3.08977999662399,-0.1265,98.0015,0,0.021505
3.08982499684661,-0.1265,123.1365,0,0.021505
4.97180913033115,-0.1265,119.8215,0,-0.216315
4.97182639091174,-0.1265,118.6915,0,-0.216315
4.96843438429031,0.4517,492.4533,0,0.772407
4.53225294521083,153.3324,292.3076,0,262.198404
4.34663846205341,244.5027,181.7123,0,418.099617
3.9598853979252,427.675,0,189.57,731.32425
3.782814508915,447.395,0,568.531,765.04545
3.95603326442814,441.465,0,201.652,754.90515
4.04563317682137,428.675,0,75.6990000000001,733.03425
4.02806820312012,431.295,0,97.63,737.51445
4.20683657442564,378.488,91.0920000000002,0,647.21448
6.75674850119301,131.4195,656.4755,0,536.19156
7.34075302727557,-0.1265,685.6465,0,-0.51612
7.34075657617471,-0.1265,682.4315,0,-0.51612
7.34072387249061,-0.1265,713.2515,0,-0.51612
7.34074038317397,-0.1265,697.3515,0,-0.51612
3.08996868371866,-0.1265,686.9565,0,0.021505
3.08992928626976,-0.1265,304.3665,0,0.021505
3.08979562550191,-0.1265,105.4765,0,0.021505
3.08993477868578,-0.1265,329.9765,0,0.021505
3.08993281230717,-0.1265,320.3265,0,0.021505
3.08993618192528,-0.1265,337.2265,0,0.021505
3.08993547341748,-0.1265,333.5265,0,0.021505
3.08993626703534,-0.1265,337.6765,0,0.021505
4.97064974386008,-0.1265,333.1765,0,-0.216315
4.97061580221679,-0.1265,351.5265,0,-0.216315
4.95711209633725,19.405,2535.895,0,33.18255
4.65903619895934,576.135,2015.915,0,985.19085
4.34575769812958,1239.363,916.287,0,2119.31073
4.24293537832975,1598.057,562.393,0,2732.67747
4.22464498875136,1652.67,486.23,0,2826.0657
4.27331312915579,1507.005,684.895,0,2576.97855
4.36539386788082,1087.411,900.689,0,1859.47281
4.50282036601476,794.978,1319.872,0,1359.41238
4.61864556222732,572.5675,1641.4825,0,979.090425
7.16463227773751,153.1951,3257.7549,0,625.036008
7.34016875636674,-0.1265,3058.6265,0,-0.51612
7.34017251017649,-0.1265,2992.0765,0,-0.51612
7.34016887232114,-0.1265,3056.5265,0,-0.51612
7.34017195840574,-0.1265,3001.6765,0,-0.51612
3.08999290796163,-0.1265,3032.5265,0,0.021505
3.08995772752782,-0.1265,508.9765,0,0.021505
3.08993091284674,-0.1265,311.5265,0,0.021505
3.08993643657624,-0.1265,338.5765,0,0.021505
3.08992801035071,-0.1265,298.9765,0,0.021505
3.08993197278912,-0.1265,316.3765,0,0.021505
3.0899318218205,-0.1265,315.6765,0,0.021505
3.08993957122404,-0.1265,356.1265,0,0.021505
4.97058913565385,-0.1265,367.4265,0,-0.216315
4.97063899552025,-0.1265,338.7765,0,-0.216315
4.95767034525037,18.8209,2572.6291,0,32.183739
4.59752183327815,601.344,1558.006,0,1028.29824
4.33657519001729,1267.173,886.527,0,2166.86583
4.22811109497678,1676.147,511.103,0,2866.21137
4.27405398657024,1506.087,688.413,0,2575.40877
4.28429970403935,1468.837,725.313,0,2511.71127
4.27224080358424,1441.819,649.831,0,2465.51049
4.37989105564525,1129.062,1013.638,0,1930.69602
4.71883583298286,461.8308,2220.6192,0,789.730668
7.18353157683992,138.4536,3333.3464,0,564.890688
7.3401676327397,-0.1265,3079.1265,0,-0.51612
7.34017171811439,-0.1265,3005.8765,0,-0.51612
7.34017353100734,-0.1265,2974.4765,0,-0.51612
7.34017429870791,-0.1265,2961.3765,0,-0.51612
3.089992684064,-0.1265,2939.7265,0,0.021505
3.08995986176995,-0.1265,536.0265,0,0.021505
3.08993540558116,-0.1265,333.1765,0,0.021505
3.08980447955923,-0.1265,110.2415,0,0.021505
3.08978745484466,-0.1265,101.4315,0,0.021505
3.089802222866,-0.1265,108.9865,0,0.021505
3.08979840353977,-0.1265,106.9265,0,0.021505
3.08984367787684,-0.1265,137.8215,0,0.021505
4.97170469724612,-0.1265,127.1465,0,-0.216315
4.97193911441595,-0.1265,111.8065,0,-0.216315
4.91416776351593,17.1287,490.3513,0,29.290077
4.15515144837116,480.033,47.3070000000002,0,820.85643
3.76346503569684,481.1,0,671.838,822.681
3.67094223743066,510.285,0,1102.812,872.58735
3.634251673279,549.055,0,1410.587,938.88405
3.63651538737379,531.13,0,1349.945,908.2323
3.63849968514685,503.355,0,1267.366,860.73705
3.70379312805415,491,0,909.895,839.61
3.95128142514949,559.16,0,264.8556,956.1636
6.32965780836941,257.1805,524.1945,0,1049.29644
7.3407753350554,-0.1265,665.9265,0,-0.51612
7.34072312704952,-0.1265,713.9865,0,-0.51612
7.34073534618418,-0.1265,702.1265,0,-0.51612
7.34073392408069,-0.1265,703.4865,0,-0.51612
3.0899686919252,-0.1265,687.1365,0,0.021505
3.08993593667845,-0.1265,335.9365,0,0.021505
3.08979138271401,-0.1265,103.3365,0,0.021505
3.08977850105831,-0.1265,97.3415,0,0.021505
3.08978503276239,-0.1265,100.2915,0,0.021505
3.0898115225003,-0.1265,114.3515,0,0.021505
3.08979973645858,-0.1265,107.6365,0,0.021505
3.08980114385053,-0.1265,108.3965,0,0.021505
4.97191822184387,-0.1265,113.0215,0,-0.216315
4.97198038973345,-0.1265,109.4815,0,-0.216315
4.89661360097163,22.8408,486.5392,0,39.057768
4.10052104101004,513.55,0,17.693,878.1705
3.79678736510383,494.47,0,586.253,845.5437
3.69794279471978,505.46,0,962.709,864.3366
3.66584549054229,543.045,0,1201.99,928.60695
3.63751056071337,508.92,0,1287.402,870.2532
3.67085271515455,518.345,0,1120.701,886.36995
3.74171986245551,521.615,0,808.389,891.96165
3.93431726963689,550.89,0,295.221,942.0219
6.20840144918325,296.724,476.396,0,1210.63392
7.34073095135418,-0.1265,706.3465,0,-0.51612
7.34072517434913,-0.1265,711.9715,0,-0.51612
7.34072936060828,-0.1265,707.8865,0,-0.51612
7.3407634137665,-0.1265,676.3215,0,-0.51612
3.08996951714333,-0.1265,705.7315,0,0.021505
3.08992796453329,-0.1265,298.7865,0,0.021505
3.08978932880087,-0.1265,102.3315,0,0.021505
3.08977158425254,-0.1265,94.4015,0,0.021505
3.08977940987911,-0.1265,97.7415,0,0.021505
3.08978827096984,-0.1265,101.8215,0,0.021505
3.08980155672543,-0.1265,108.6215,0,0.021505
3.08981657831777,-0.1265,117.4965,0,0.021505
4.97170765787635,-0.1265,126.9265,0,-0.216315
4.97178856242791,-0.1265,121.1965,0,-0.216315
4.93863117879479,9.5581,501.9219,0,16.344351
4.39091314447059,257.8901,245.7499,0,440.992071
4.19088555525881,414.7223,80.7876999999999,0,709.175133
4.07860036781657,521.095,0,46.3416999999999,891.07245
4.0898959095054,533.07,0,32.2504000000001,911.5497
3.84289633662843,541.66,0,505.708,926.2386
3.84177399756987,527.24,0,495.229,901.5804
3.8743777634324,494.785,0,387.567,846.08235
4.16873455873715,487.8037,65.4263000000002,0,834.144327
6.75765930014834,130.6082,653.8518,0,532.881456
7.34073538809418,-0.1265,702.0865,0,-0.51612
7.34073382494809,-0.1265,703.5815,0,-0.51612
7.34073983129748,-0.1265,697.8715,0,-0.51612
7.34072489425816,-0.1265,712.2465,0,-0.51612
3.08996929955737,-0.1265,700.7315,0,0.021505
3.08993204909654,-0.1265,316.7315,0,0.021505
3.08980203169518,-0.1265,108.8815,0,0.021505
3.08978609120343,-0.1265,100.7865,0,0.021505
3.08979086537293,-0.1265,103.0815,0,0.021505
3.08977845542066,-0.1265,97.3215,0,0.021505
3.08980494065679,-0.1265,110.5015,0,0.021505
3.08982320564624,-0.1265,121.8915,0,0.021505
4.97170968239102,-0.1265,126.7765,0,-0.216315
4.9718810245351,-0.1265,115.2515,0,-0.216315
4.91320588609453,16.5263,464.5337,0,28.259973
4.4042545903457,260.494,266.371,0,445.44474
4.19594438241731,407.5033,85.2266999999999,0,696.830643
3.99137824732668,506.13,0,171.098,865.4823
3.83558795001885,514.305,0,499.326,879.46155
3.85946656390553,523.545,0,446.341,895.26195
3.84060442070705,503.875,0,476.266,861.62625
3.88693902770409,510.005,0,371.048,872.10855
3.98616299567849,580.555,0,206.006,992.74905
6.17154651899703,317.2753,473.3097,0,1294.483224
7.34077848091242,-0.1265,663.2365,0,-0.51612
7.34071680993745,-0.1265,720.2765,0,-0.51612
7.34075663163172,-0.1265,682.3815,0,-0.51612
7.34072551584342,-0.1265,711.6365,0,-0.51612
3.08996849631236,-0.1265,682.8715,0,0.021505
3.08992786546515,-0.1265,298.3765,0,0.021505
3.08978882194955,-0.1265,102.0865,0,0.021505
3.08979906282265,-0.1265,107.2765,0,0.021505
3.08978253285266,-0.1265,99.1415,0,0.021505
3.08980752449017,-0.1265,111.9815,0,0.021505
3.08979190757038,-0.1265,103.5965,0,0.021505
3.08981671901034,-0.1265,117.5865,0,0.021505
4.97165462563153,-0.1265,130.9865,0,-0.216315
4.97171076409622,-0.1265,126.6965,0,-0.216315
4.90830921511332,19.2639,495.4461,0,32.941269
4.17027351817069,450.427,62.263,0,770.23017
3.9011445040972,497.59,0,331.945,850.8789
3.75689176897366,485.9,0,700.373,830.889
3.71528757587247,517.56,0,908.767,885.0276
3.68618426037898,528.22,0,1062.963,903.2562
3.71791395428491,526.175,0,912.559,899.75925
3.79786089410289,505.61,0,596.246,864.5931
4.00554362137066,566.26,0,166.27,968.3046
6.34871802246517,248.6936,526.2064,0,1014.669888
7.34077497997308,-0.1265,666.2315,0,-0.51612
7.34073064609631,-0.1265,706.6415,0,-0.51612
7.3407153891415,-0.1265,721.7065,0,-0.51612
7.34076949741585,-0.1265,670.9765,0,-0.51612
3.08996849400463,-0.1265,682.8215,0,0.021505
3.08993221081632,-0.1265,317.4865,0,0.021505
3.08978893594468,-0.1265,102.1415,0,0.021505
3.08978998715802,-0.1265,102.6515,0,0.021505
3.08979544081767,-0.1265,105.3815,0,0.021505
3.08980769660686,-0.1265,112.0815,0,0.021505
3.08981995671594,-0.1265,119.6965,0,0.021505
3.08983712466912,-0.1265,132.2865,0,0.021505
4.97173895742141,-0.1265,124.6465,0,-0.216315
4.97205430276785,-0.1265,105.5515,0,-0.216315
4.88832756309097,25.756,487.749,0,44.04276
4.21083852088224,412.5917,104.1733,0,705.531807
4.11253719969722,490.69,0,2.83499999999987,839.0799
4.0184580743872,506.155,0,128.854,865.52505
3.83059215219062,520.66,0,519.039,890.3286
3.91067941114521,518.48,0,325.617,886.6008
3.94426451545618,525.65,0,262.317,898.8615
3.85907895472872,488.51,0,417.374,835.3521
3.95813500263972,541.32,0,243.26,925.6572
6.4190281705647,232.5076,565.0174,0,948.631008
7.34077130861087,-0.1265,669.4015,0,-0.51612
7.34074473665034,-0.1265,693.2765,0,-0.51612
7.34074910900703,-0.1265,689.2315,0,-0.51612
7.34072992793638,-0.1265,707.3365,0,-0.51612
3.08996926247814,-0.1265,699.8865,0,0.021505
3.08992787272328,-0.1265,298.4065,0,0.021505
3.08978597411387,-0.1265,100.7315,0,0.021505
3.08977337752322,-0.1265,95.1465,0,0.021505
3.08979497275678,-0.1265,105.1415,0,0.021505
3.08977108581222,-0.1265,94.1965,0,0.021505
3.08978809363098,-0.1265,101.7365,0,0.021505
3.08981734946513,-0.1265,117.9915,0,0.021505
4.97188783725405,-0.1265,114.8365,0,-0.216315
4.97183312359379,-0.1265,118.2565,0,-0.216315
4.88447802498094,27.0868,487.4232,0,46.318428
4.24155342430267,378.215,131.415,0,646.74765
4.13340001123785,487.592,21.4480000000001,0,833.78232
3.85044697709961,515.56,0,461.999,881.6076
3.71528623730479,524.625,0,921.178,897.10875
3.81036187497937,536.215,0,593.615,916.92765
3.7854016809973,517.925,0,649.816,885.65175
3.77326642298081,523.24,0,696.748,894.7404
4.00259716730044,572.38,0,173.276,978.7698
6.39814951636598,228.0157,531.7093,0,930.304056
7.34076019787061,-0.1265,679.1815,0,-0.51612
7.34073329321996,-0.1265,704.0915,0,-0.51612
7.34076320492241,-0.1265,676.5065,0,-0.51612
7.34073232557925,-0.1265,705.0215,0,-0.51612
3.08997047916279,-0.1265,728.7215,0,0.021505
3.08992760197752,-0.1265,297.2915,0,0.021505
3.08979610025742,-0.1265,105.7215,0,0.021505
3.08978605928262,-0.1265,100.7715,0,0.021505
3.08980700628654,-0.1265,111.6815,0,0.021505
3.08978813538449,-0.1265,101.7565,0,0.021505
3.08979576137178,-0.1265,105.5465,0,0.021505
3.08982753712102,-0.1265,124.9465,0,0.021505
4.97170900701964,-0.1265,126.8265,0,-0.216315
4.97178959821632,-0.1265,121.1265,0,-0.216315
4.82224181730363,47.9804,459.3146,0,82.046484
4.06806926259223,509.68,0,59.2020000000001,871.5528
3.81838154106155,496.955,0,527.976,849.79305
3.7169488913266,503.52,0,877.239,861.0192
3.67174995735125,533.535,0,1148.704,912.34485
3.69108672988135,533.19,0,1048.635,911.7549
3.71888661954867,523.595,0,903.94,895.34745
3.74872325526458,508.135,0,761.65,868.91085
3.94166590780813,569.96,0,289.859,974.6316
6.22674029678867,292.0039,486.1611,0,1191.375912
7.34075956576479,-0.1265,679.7465,0,-0.51612
7.34073606980198,-0.1265,701.4365,0,-0.51612
7.34073248147757,-0.1265,704.8715,0,-0.51612
7.34072571987398,-0.1265,711.4365,0,-0.51612
3.08996893187333,-0.1265,692.4415,0,0.021505
3.08993631233462,-0.1265,337.9165,0,0.021505
3.08977966978643,-0.1265,97.8565,0,0.021505
3.08980377485891,-0.1265,109.8465,0,0.021505
3.08977840976419,-0.1265,97.3015,0,0.021505
3.08980086764481,-0.1265,108.2465,0,0.021505
3.08977143859239,-0.1265,94.3415,0,0.021505
3.08982322017945,-0.1265,121.9015,0,0.021505
4.97196340317771,-0.1265,110.4265,0,-0.216315
4.971670534449,-0.1265,129.7415,0,-0.216315
4.87091641490793,32.3982,494.3368,0,55.400922
4.14614144117334,478.2312,36.1537999999999,0,817.775352
3.97334050649099,508.55,0,201.9819,869.6205
3.77143837406276,521.91,0,701.192,892.4661
3.70427254965078,520.59,0,962.565,890.2089
3.72897020610779,530.04,0,872.598,906.3684
3.78485727113124,503.855,0,633.864,861.59205
3.80162946735675,506.485,0,586.074,866.08935
3.89237436537905,554.9,0,390.702,948.879
6.10568695321109,338.504,441.911,0,1381.09632
7.34077318626236,-0.1265,667.7765,0,-0.51612
7.34073356420073,-0.1265,703.8315,0,-0.51612
7.34076494689968,-0.1265,674.9665,0,-0.51612
7.34071171933337,-0.1265,725.4265,0,-0.51612
3.08996869169729,-0.1265,687.1315,0,0.021505
3.08992549116756,-0.1265,288.8765,0,0.021505
3.08978251085929,-0.1265,99.1315,0,0.021505
3.0897947477177,-0.1265,105.0265,0,0.021505
3.08979179676343,-0.1265,103.5415,0,0.021505
3.08980154756906,-0.1265,108.6165,0,0.021505
3.08980343407661,-0.1265,109.6565,0,0.021505
3.08982959385413,-0.1265,126.4515,0,0.021505
4.97179464630165,-0.1265,120.7865,0,-0.216315
4.97168879329526,-0.1265,128.3415,0,-0.216315
4.90691634553465,19.9189,500.1011,0,34.061319
4.22681872162903,399.629,120.256,0,683.36559
4.00654416607991,518.97,0,150.789,887.4387
3.87373778183682,528.57,0,415.565,903.8547
3.83042051025861,516.825,0,515.682,883.77075
3.8021697314154,527.06,0,608.224,901.2726
3.90864635473341,488.04,0,310.52,834.5484
3.9855465117204,480.05,0,171.303,820.8855
4.09869130547443,570.87,0,22.2016,976.1877
6.4200912737297,224.5051,546.7199,0,915.980808
7.34073120506738,-0.1265,706.1015,0,-0.51612
7.34076435781104,-0.1265,675.4865,0,-0.51612
7.34072831594225,-0.1265,708.9015,0,-0.51612
7.34073220090837,-0.1265,705.1415,0,-0.51612
3.08996937213954,-0.1265,702.3915,0,0.021505
3.08992755319812,-0.1265,297.0915,0,0.021505
3.08978305936234,-0.1265,99.3815,0,0.021505
3.08979740646359,-0.1265,106.4015,0,0.021505
3.08979148385345,-0.1265,103.3865,0,0.021505
3.0897910685573,-0.1265,103.1815,0,0.021505
3.08979048843814,-0.1265,102.8965,0,0.021505
3.08979496298274,-0.1265,105.1365,0,0.021505
4.97176744547077,-0.1265,122.6415,0,-0.216315
4.97188200646433,-0.1265,115.1915,0,-0.216315
4.8196018056161,48.6889,456.2061,0,83.258019
4.13097759584489,501.625,19.1050000000001,0,857.77875
3.84450050936143,502.29,0,464.907,858.9159
3.73166972335876,498.265,0,809.889,852.03315
3.71131580936184,541.3,0,968.343,925.623
3.73035123759896,521.515,0,852.98,891.79065
3.72695739729333,492.24,0,818.105,841.7304
3.80726554130115,506.34,0,569.443,865.8414
4.0539276354476,575.585,0,88.5530000000001,984.25035
6.43963064597046,222.8404,564.1146,0,909.188832
7.34074119124535,-0.1265,696.5915,0,-0.51612
7.34075944282217,-0.1265,679.8565,0,-0.51612
7.34071268737352,-0.1265,724.4415,0,-0.51612
7.34071599452586,-0.1265,721.0965,0,-0.51612
3.08996899704243,-0.1265,693.8965,0,0.021505
3.08993049304526,-0.1265,309.6465,0,0.021505
3.08979871488274,-0.1265,107.0915,0,0.021505
3.08977660276221,-0.1265,96.5165,0,0.021505
3.08976061268903,-0.1265,90.0865,0,0.021505
3.08979381295033,-0.1265,104.5515,0,0.021505
3.08979205848083,-0.1265,103.6715,0,0.021505
3.08982866384891,-0.1265,125.7665,0,0.021505
4.97176240543921,-0.1265,122.9915,0,-0.216315
4.97196867449046,-0.1265,110.1315,0,-0.216315
4.72741104900108,87.7192,442.8908,0,149.999832
4.24229158785867,375.7476,131.4524,0,642.528396
3.97059824178266,513.82,0,208.8283,878.6322
3.82569100589279,506.09,0,517.655,865.4139
3.73528915353419,435.77,0,696.2776,745.1667
3.62732049480546,428.95,0,1139.006,733.5045
3.71318989380547,509.435,0,903.357,871.13385
3.77412061775354,492.045,0,652.485,841.39695
3.97472194802662,552.995,0,217.072,945.62145
6.24559344080458,281.487,486.423,0,1148.46696
7.34074284476499,-0.1265,695.0415,0,-0.51612
7.34071431982046,-0.1265,722.7865,0,-0.51612
7.34075419367896,-0.1265,684.5865,0,-0.51612
7.34076144277561,-0.1265,678.0715,0,-0.51612
3.08996853342035,-0.1265,683.6765,0,0.021505
3.08992750435294,-0.1265,296.8915,0,0.021505
3.08980780831773,-0.1265,112.1465,0,0.021505
3.08978872858918,-0.1265,102.0415,0,0.021505
3.08979159499363,-0.1265,103.4415,0,0.021505
3.08979327780368,-0.1265,104.2815,0,0.021505
3.08978420226083,-0.1265,99.9065,0,0.021505
3.0898315823273,-0.1265,127.9415,0,0.021505
4.9717568231563,-0.1265,123.3815,0,-0.216315
4.97200507955341,-0.1265,108.1365,0,-0.216315
4.64640639767334,117.1726,384.8424,0,200.365146
4.19326392567591,434.3956,87.5393999999999,0,742.816476
3.88557841856665,502.96,0,368.9062,860.0616
3.76731357463729,512.335,0,702.2557,876.09285
3.68126206235192,434.43,0,894.5917,742.8753
3.62733826745066,442.28,0,1174.302,756.2988
3.67292070386056,435.11,0,931.671,744.0381
3.78956051482514,503.7,0,619.094,861.327
3.97766500105906,556.775,0,213.093,952.08525
6.11987126160464,321.448,431.997,0,1311.50784
7.34074337973335,-0.1265,694.5415,0,-0.51612
7.34073313176897,-0.1265,704.2465,0,-0.51612
7.34074698399351,-0.1265,691.1915,0,-0.51612
7.34077691064669,-0.1265,664.5765,0,-0.51612
3.08997017206716,-0.1265,721.2215,0,0.021505
3.08993209308347,-0.1265,316.9365,0,0.021505
3.08978351797138,-0.1265,99.5915,0,0.021505
3.08979349616136,-0.1265,104.3915,0,0.021505
3.08980241366796,-0.1265,109.0915,0,0.021505
3.08978750734905,-0.1265,101.4565,0,0.021505
3.08979218909295,-0.1265,103.7365,0,0.021505
3.0898382942886,-0.1265,133.2415,0,0.021505
4.971942771693,-0.1265,111.5965,0,-0.216315
4.97180054686882,-0.1265,120.3915,0,-0.216315
4.69707396970924,95.3891,406.8759,0,163.115361
4.30155599912312,321.8595,179.6555,0,550.379745
3.96901902590488,429.4,0,176.8196,734.274
3.80774105747744,434.68,0,487.6732,743.3028
3.80131607878711,449.475,0,520.927,768.60225
3.80614592754689,532.865,0,602.687,911.19915
3.81933910773612,523.79,0,553.74,895.6809
3.86468060535442,511.36,0,423.375,874.4256
4.14015423798777,518.459,31.4309999999999,0,886.56489
6.45665884675283,209.5306,548.7244,0,854.884848
7.34078571607991,-0.1265,657.1315,0,-0.51612
7.34071324383467,-0.1265,723.8765,0,-0.51612
7.34074954416962,-0.1265,688.8315,0,-0.51612
7.34071158195732,-0.1265,725.5665,0,-0.51612
3.08996986295035,-0.1265,713.8265,0,0.021505
3.08992678613073,-0.1265,293.9815,0,0.021505
3.08979927850399,-0.1265,107.3915,0,0.021505
3.08979211878374,-0.1265,103.7015,0,0.021505
3.08979871488274,-0.1265,107.0915,0,0.021505
3.08980248625762,-0.1265,109.1315,0,0.021505
3.08979532400291,-0.1265,105.3215,0,0.021505
3.08981656267193,-0.1265,117.4865,0,0.021505
4.97180520493872,-0.1265,120.0815,0,-0.216315
4.9719757771719,-0.1265,109.7365,0,-0.216315
4.68545614117097,102.8761,412.4939,0,175.918131
4.1684851368104,472.4295,63.0504999999999,0,807.854445
3.85175724148859,482.22,0,429.0304,824.5962
3.76699567738376,511.545,0,702.254,874.74195
3.72261647422075,526.065,0,892.399,899.57115
3.74008258081531,545.04,0,851.291,932.0184
3.74262212304839,508.385,0,784.5116,869.33835
3.80342587055033,510.865,0,585.8106,873.57915
4.0031934612444,583.06,0,175.4319,997.0326
6.17844220144573,308.6199,466.7951,0,1259.169192
7.34074157995958,-0.1265,696.2265,0,-0.51612
7.34073122578643,-0.1265,706.0815,0,-0.51612
7.34076004674084,-0.1265,679.3165,0,-0.51612
7.34076497524413,-0.1265,674.9415,0,-0.51612
3.08996844060178,-0.1265,681.6665,0,0.021505
3.08993280390959,-0.1265,320.2865,0,0.021505
3.08978040100686,-0.1265,98.1815,0,0.021505
3.0898078512489,-0.1265,112.1715,0,0.021505
3.08978383350003,-0.1265,99.7365,0,0.021505
3.08980821111493,-0.1265,112.3815,0,0.021505
3.0897944730894,-0.1265,104.8865,0,0.021505
3.08981894109376,-0.1265,119.0265,0,0.021505
4.97171144085732,-0.1265,126.6465,0,-0.216315
4.97193261769791,-0.1265,112.1815,0,-0.216315
4.61416696075393,135.619,380.496,0,231.90849
4.06913662926434,503.445,0,57.0723999999999,860.89095
3.83241624776181,500.955,0,494.6112,856.63305
3.76103767447606,533.715,0,754.095,912.65265
3.70488079549956,522.775,0,963.854,893.94525
3.7020487190244,534.25,0,998.167,913.5675
3.70064707624191,493.425,0,927.963,843.75675
3.788272020439,503.02,0,622.22,860.1642
3.99208163426691,576.03,0,193.4338,985.0113
6.12929308605977,328.9799,450.6801,0,1342.237992
7.3407532525721,-0.1265,685.4415,0,-0.51612
7.34072643999783,-0.1265,710.7315,0,-0.51612
7.34073263224238,-0.1265,704.7265,0,-0.51612
7.34074150538005,-0.1265,696.2965,0,-0.51612
3.08996908151023,-0.1265,695.7915,0,0.021505
3.0899328993084,-0.1265,320.7415,0,0.021505
3.08978026637784,-0.1265,98.1215,0,0.021505
3.08979087554153,-0.1265,103.0865,0,0.021505
3.08979999720991,-0.1265,107.7765,0,0.021505
3.08980476356918,-0.1265,110.4015,0,0.021505
3.08978398549524,-0.1265,99.8065,0,0.021505
3.08981802180692,-0.1265,118.4265,0,0.021505
4.9716621906661,-0.1265,130.3915,0,-0.216315
4.97173693275573,-0.1265,124.7915,0,-0.216315
4.6484816927698,118.9645,394.7855,0,203.429295
4.14532082754457,474.2143,34.8707,0,810.906453
3.97441889856194,509.75,0,200.614,871.6725
3.99298164495917,523.97,0,174.449,895.9887
3.94214030440793,523.5,0,265.318,895.185
3.811882678902,528.255,0,580.28,903.31605
3.79819274410697,497.585,0,585.807,850.87035
3.89040513808512,500.385,0,356.545,855.65835
4.0723923064888,549.61,0,57.651,939.8331
6.37784767201883,248.3218,556.3632,0,1013.152944
7.34076321620836,-0.1265,676.4965,0,-0.51612
7.34074483337867,-0.1265,693.1865,0,-0.51612
7.34076761478267,-0.1265,672.6215,0,-0.51612
7.34074959860049,-0.1265,688.7815,0,-0.51612
3.08996931467053,-0.1265,701.0765,0,0.021505
3.08993309866275,-0.1265,321.6965,0,0.021505
3.08979506068129,-0.1265,105.1865,0,0.021505
3.08979384259947,-0.1265,104.5665,0,0.021505
3.08977522511458,-0.1265,95.9265,0,0.021505
3.08978914289356,-0.1265,102.2415,0,0.021505
3.08976553258067,-0.1265,91.9715,0,0.021505
3.0898100575436,-0.1265,113.4715,0,0.021505
4.97159649724895,-0.1265,135.7465,0,-0.216315
4.97184744872468,-0.1265,117.3415,0,-0.216315
4.59096393109173,144.8051,363.6699,0,247.616721
4.08119684395614,503.275,0,41.4329000000001,860.60025
3.79574629890039,494.925,0,589.8562,846.32175
3.67023465521819,514.22,0,1115.0069,879.3162
3.65939571467644,542.685,0,1238.1185,927.99135
3.6762960132814,514.97,0,1085.3786,880.5987
3.75085469105172,519.065,0,770.1468,887.60115
3.85574141046599,509.52,0,443.4724,871.2792
4.23685042359809,422.7626,140.5274,0,722.924046
6.61311197041284,171.3235,618.9865,0,698.99988
7.34075233026033,-0.1265,686.2815,0,-0.51612
7.34075652072583,-0.1265,682.4815,0,-0.51612
7.34071771203216,-0.1265,719.3715,0,-0.51612
7.34075263744653,-0.1265,686.0015,0,-0.51612
3.08996877987452,-0.1265,689.0715,0,0.021505
3.0899368963448,-0.1265,341.0415,0,0.021505
3.08980711015037,-0.1265,111.7415,0,0.021505
3.08980073848606,-0.1265,108.1765,0,0.021505
3.08979804382839,-0.1265,106.7365,0,0.021505
3.08977628902979,-0.1265,96.3815,0,0.021505
3.08980844174643,-0.1265,112.5165,0,0.021505
3.08981575328675,-0.1265,116.9715,0,0.021505
4.97165894005453,-0.1265,130.6465,0,-0.216315
4.97185306702874,-0.1265,116.9865,0,-0.216315
4.56677454796083,158.0287,354.1113,0,270.229077
4.11744399665293,513.7843,2.94569999999999,0,878.571153
3.89131721117677,487.875,0,345.7192,834.26625
3.79682249929239,509.865,0,604.3993,871.86915
3.77732705777443,525.175,0,685.591,898.04925
3.73222491867555,523.45,0,848.594,895.0995
3.7702280557093,501.9,0,678.289,858.249
3.8130881617594,497.42,0,543.049,850.5882
4.07461514739789,562.145,0,55.7370999999999,961.26795
6.31933646831578,255.4998,510.3352,0,1042.439184
7.34074915250055,-0.1265,689.1915,0,-0.51612
7.34074856033538,-0.1265,689.7365,0,-0.51612
7.34075051422264,-0.1265,687.9415,0,-0.51612
7.34072328412361,-0.1265,713.8315,0,-0.51612
3.0899690943961,-0.1265,696.0815,0,0.021505
3.08993142177442,-0.1265,313.8365,0,0.021505
3.08979486519099,-0.1265,105.0865,0,0.021505
3.08993053345974,-0.1265,309.8265,0,0.021505
3.08993254888677,-0.1265,319.0765,0,0.021505
3.08993691208029,-0.1265,341.1265,0,0.021505
3.08993027444407,-0.1265,308.6765,0,0.021505
3.08993652100887,-0.1265,339.0265,0,0.021505
4.97065975139802,-0.1265,328.1265,0,-0.216315
4.97065436279678,-0.1265,330.8265,0,-0.216315
4.86403380167471,172.1452,2433.6548,0,294.368292
4.64330814987663,629.279,2035.271,0,1076.06709
4.4727566919857,1084.745,1560.905,0,1854.91395
4.37954715760213,1395.931,1250.869,0,2387.04201
4.29052804251638,1752.535,905.465000000001,0,2996.83485
4.27053482793063,1849.833,822.667,0,3163.21443
4.30069420114144,1645.812,913.238,0,2814.33852
4.40616619437983,1281.921,1323.979,0,2192.08491
4.54436921793129,848.316,1711.534,0,1450.62036
6.93748926824129,362.1239,2946.3761,0,1477.465512
7.34017038873438,-0.1265,3029.3265,0,-0.51612
7.34017168384187,-0.1265,3006.4765,0,-0.51612
7.34017352809014,-0.1265,2974.5265,0,-0.51612
7.34016952128106,-0.1265,3044.8265,0,-0.51612
3.08999277706974,-0.1265,2977.5765,0,0.021505
3.08995934578953,-0.1265,529.2265,0,0.021505
3.08992958956989,-0.1265,305.6765,0,0.021505
3.08993155056044,-0.1265,314.4265,0,0.021505
3.08993923828172,-0.1265,354.1765,0,0.021505
3.08993219799258,-0.1265,317.4265,0,0.021505
3.08992938147631,-0.1265,304.7765,0,0.021505
3.08993630478921,-0.1265,337.8765,0,0.021505
4.97062298490742,-0.1265,347.4765,0,-0.216315
4.97063795902658,-0.1265,339.3265,0,-0.216315
4.94507689057786,38.3754,2556.2246,0,65.621934
4.86620777950514,174.0298,2519.1202,0,297.590958
4.76182876773539,360.4462,2239.9538,0,616.363002
4.67913953389624,552.806,2144.394,0,945.29826
4.38187573002732,1392.756,1263.994,0,2381.61276
4.36418220877911,1491.635,1227.065,0,2550.69585
4.36721225339046,1399.076,1170.774,0,2392.41996
4.49368717358808,999.333,1589.017,0,1708.85943
4.63852217942848,647.76,2046.09,0,1107.6696
7.0386682446961,276.7966,3194.2034,0,1129.330128
7.31851938006176,16.3217,3067.4783,0,66.592536
7.3401705463832,-0.1265,3026.5265,0,-0.51612
7.34017483304531,-0.1265,2952.3265,0,-0.51612
7.3401745669438,-0.1265,2956.8265,0,-0.51612
3.08999259819779,-0.1265,2905.6265,0,0.021505
3.0899601333646,-0.1265,539.6765,0,0.021505
3.08993579130757,-0.1265,335.1765,0,0.021505
3.08993561830231,-0.1265,334.2765,0,0.021505
3.08993678225964,-0.1265,340.4265,0,0.021505
3.08992409736573,-0.1265,283.5765,0,0.021505
3.08992970464838,-0.1265,306.1765,0,0.021505
3.08993757139519,-0.1265,344.7265,0,0.021505
4.97066687013582,-0.1265,324.6265,0,-0.216315
4.97065101490188,-0.1265,332.5265,0,-0.216315
4.89616823541137,118.5248,2508.0752,0,202.677408
4.76053667273873,361.7464,2229.7036,0,618.586344
4.6288292496991,637.538,1920.362,0,1090.18998
4.57109270302505,806.825,1844.975,0,1379.67075
4.53465812559543,923.548,1780.552,0,1579.26708
4.53244443044156,925.853,1766.597,0,1583.20863
4.56839005872405,782.998,1767.902,0,1338.92658
4.63378858553647,629.0862,1941.4138,0,1075.737402
4.73498226914293,418.958,2210.442,0,716.41818
7.13961244690985,176.4568,3239.8432,0,719.943744
7.34017036342514,-0.1265,3029.7765,0,-0.51612
7.34017303938899,-0.1265,2982.9265,0,-0.51612
7.34017766771366,-0.1265,2905.2265,0,-0.51612
7.34017738682319,-0.1265,2909.8265,0,-0.51612
3.08999272059138,-0.1265,2954.4765,0,0.021505
3.08996051400646,-0.1265,544.8765,0,0.021505
3.08993441067973,-0.1265,328.1265,0,0.021505
3.08993240046711,-0.1265,318.3765,0,0.021505
3.08992976204668,-0.1265,306.4265,0,0.021505
3.08993630478921,-0.1265,337.8765,0,0.021505
3.08993363135698,-0.1265,324.2765,0,0.021505
3.08993516213988,-0.1265,331.9265,0,0.021505
4.97061344465131,-0.1265,352.8765,0,-0.216315
4.97067741647577,-0.1265,319.5765,0,-0.216315
4.87070029559754,159.242,2423.758,0,272.30382
4.68076381112012,528.183,2066.317,0,903.19293
4.54917352148785,851.251,1756.499,0,1455.63921
4.38400068435624,1388.072,1274.378,0,2373.60312
4.28194103611843,1763.135,855.565,0,3014.96085
4.27443106827359,1820.19,834.409999999999,0,3112.5249
4.30541575820557,1624.596,930.954,0,2778.05916
4.36619130749087,1383.307,1150.943,0,2365.45497
4.55495510027239,849.269,1800.481,0,1452.24999
6.91590611606246,396.328,3020.222,0,1617.01824
7.34016889166237,-0.1265,3056.1765,0,-0.51612
7.34017438704619,-0.1265,2959.8765,0,-0.51612
7.34017641970745,-0.1265,2925.7765,0,-0.51612
7.34017190972108,-0.1265,3002.5265,0,-0.51612
3.08999280979286,-0.1265,2991.1265,0,0.021505
3.08996069083953,-0.1265,547.3265,0,0.021505
3.08993670783625,-0.1265,340.0265,0,0.021505
3.08993659587202,-0.1265,339.4265,0,0.021505
3.08993467963253,-0.1265,329.4765,0,0.021505
3.0899316918845,-0.1265,315.0765,0,0.021505
3.08993288569659,-0.1265,320.6765,0,0.021505
3.08993961364527,-0.1265,356.3765,0,0.021505
4.97063015350733,-0.1265,343.5265,0,-0.216315
4.97063664470596,-0.1265,340.0265,0,-0.216315
4.82436996450175,243.5468,2372.6532,0,416.465028
4.58690971451339,746.716,1839.684,0,1276.88436
4.42152743993606,1219.573,1363.177,0,2085.46983
4.21957424206034,1710.244,476.656,0,2924.51724
4.27301584450697,1529.557,693.543,0,2615.54247
4.19012878165676,1822.466,351.134,0,3116.41686
4.12042408186124,1981.844,25.3059999999998,0,3388.95324
4.27895313341221,1474.222,699.528,0,2520.91962
4.53080224789388,901.636,1707.214,0,1541.79756
6.87922263877974,428.093,2934.407,0,1746.61944
7.32723121291252,9.8013,3112.1987,0,39.989304
7.34016958533704,-0.1265,3043.6765,0,-0.51612
7.34017144146926,-0.1265,3010.7265,0,-0.51612
7.34017143862189,-0.1265,3010.7765,0,-0.51612
3.08999280762856,-0.1265,2990.2265,0,0.021505
3.0899589852448,-0.1265,524.5765,0,0.021505
3.08993074598219,-0.1265,310.7765,0,0.021505
3.08978864553286,-0.1265,102.0015,0,0.021505
3.08979036589705,-0.1265,102.8365,0,0.021505
3.08980129084718,-0.1265,108.4765,0,0.021505
3.0897896584946,-0.1265,102.4915,0,0.021505
3.08982121404848,-0.1265,120.5365,0,0.021505
4.97160800900958,-0.1265,134.7765,0,-0.216315
4.97194916132404,-0.1265,111.2315,0,-0.216315
4.51083520040992,189.9104,327.4346,0,324.746784
4.04767101873815,508.3,0,86.8975,869.193
3.80365030638629,484.69,0,555.166,828.8199
3.66464503596801,434.775,0,967.777,743.46525
3.61360710488981,432.605,0,1226.814,739.75455
3.60947436978568,420.48,0,1216.475,719.0208
3.65226750381642,457.87,0,1080.239,782.9577
3.67445267988481,421.145,0,895.322,720.15795
3.92557759990055,571.075,0,325.0542,976.53825
5.91590081735,409.2186,353.9614,0,1669.611888
7.28059907379727,10.1737,678.4413,0,41.508696
7.34071954311271,-0.1265,717.5415,0,-0.51612
7.34074381362289,-0.1265,694.1365,0,-0.51612
7.3407578426183,-0.1265,681.2915,0,-0.51612
3.08996925610643,-0.1265,699.7415,0,0.021505
3.08993323159988,-0.1265,322.3365,0,0.021505
3.08979073309103,-0.1265,103.0165,0,0.021505
3.08979207858569,-0.1265,103.6815,0,0.021505
3.08980166653601,-0.1265,108.6815,0,0.021505
3.08979862063799,-0.1265,107.0415,0,0.021505
3.08978051307175,-0.1265,98.2315,0,0.021505
3.08982408062596,-0.1265,122.4965,0,0.021505
4.97182569724898,-0.1265,118.7365,0,-0.216315
4.97179987269467,-0.1265,120.4365,0,-0.216315
4.79872117845607,56.4599,450.7601,0,96.546429
4.18741530780924,437.9246,81.0454,0,748.851066
3.98966538683528,416.67,0,143.1428,712.5057
3.74787509897004,422.685,0,636.139,722.79135
3.72486234071175,447.825,0,751.678,765.78075
3.79712252103365,451.59,0,534.516,772.2189
3.61873820687898,447.995,0,1239.471,766.07145
3.75089988901851,424.995,0,630.437,726.74145
3.89001467705447,548.99,0,392.101,938.7729
6.02163920886274,378.3932,414.2468,0,1543.844256
7.23189134403314,18.8127,672.3623,0,76.755816
7.34074231590423,-0.1265,695.5365,0,-0.51612
7.3407227776778,-0.1265,714.3315,0,-0.51612
7.3407026787483,-0.1265,734.7565,0,-0.51612
3.0899692178206,-0.1265,698.8715,0,0.021505
3.0899319426489,-0.1265,316.2365,0,0.021505
3.0897959357964,-0.1265,105.6365,0,0.021505
3.08993534732212,-0.1265,332.8765,0,0.021505
3.08993610608084,-0.1265,336.8265,0,0.021505
3.08993383555343,-0.1265,325.2765,0,0.021505
3.08993213380103,-0.1265,317.1265,0,0.021505
3.08993451054972,-0.1265,328.6265,0,0.021505
4.97062559739251,-0.1265,346.0265,0,-0.216315
4.97064355809695,-0.1265,336.3765,0,-0.216315
4.86457156436195,173.2609,2463.6891,0,296.276139
4.66243326268537,474.728,1689.922,0,811.78488
4.49692053343972,818.285,1321.215,0,1399.26735
4.43585205988393,994.794,1195.106,0,1701.09774
4.33878957047721,1287.388,912.862,0,2201.43348
4.33224513010095,1285.27,875.63,0,2197.8117
4.34999468941705,1178.414,893.286,0,2015.08794
4.42313639525666,988.4,1113.85,0,1690.164
4.63300056528403,659.959,2028.841,0,1128.52989
6.8823388561812,427.719,2957.631,0,1745.09352
7.3228035983545,12.7119,2990.5881,0,51.864552
7.34016936552083,-0.1265,3047.6265,0,-0.51612
7.34016873429824,-0.1265,3059.0265,0,-0.51612
7.34017418988054,-0.1265,2963.2265,0,-0.51612
3.08999274184335,-0.1265,2963.1265,0,0.021505
3.08995911390973,-0.1265,526.2265,0,0.021505
3.08993203728547,-0.1265,316.6765,0,0.021505
3.08993377442655,-0.1265,324.9765,0,0.021505
3.08993442068043,-0.1265,328.1765,0,0.021505
3.08993415966702,-0.1265,326.8765,0,0.021505
3.08993634249838,-0.1265,338.0765,0,0.021505
3.08992866703044,-0.1265,301.7265,0,0.021505
4.97066106193473,-0.1265,327.4765,0,-0.216315
4.97064126869311,-0.1265,337.5765,0,-0.216315
4.87172042324823,156.8569,2415.4931,0,268.225299
4.67712839570529,549.999,2111.301,0,940.49829
4.55170311853452,844.6552,1763.6448,0,1444.360392
4.37522777239009,1370.07,1198.88,0,2342.8197
4.30569013818702,1655.041,950.159,0,2830.12011
4.32464607637168,1607.223,1044.227,0,2748.35133
4.31283525443954,1576.818,949.382,0,2696.35878
4.4247547942469,1213.11,1378.34,0,2074.4181
4.56939363738789,817.799,1855.201,0,1398.43629
6.92945275552142,378.3248,3003.1252,0,1543.565184
7.32562447847905,10.8751,3064.7749,0,44.370408
7.34017387885584,-0.1265,2968.5265,0,-0.51612
7.3401805389619,-0.1265,2859.0265,0,-0.51612
7.34017034655649,-0.1265,3030.0765,0,-0.51612
3.0899928144777,-0.1265,2993.0765,0,0.021505
3.08996021081515,-0.1265,540.7265,0,0.021505
3.08993300069943,-0.1265,321.2265,0,0.021505
3.08993268612264,-0.1265,319.7265,0,0.021505
3.08993462005603,-0.1265,329.1765,0,0.021505
3.08993990053756,-0.1265,358.0765,0,0.021505
3.0899352304882,-0.1265,332.2765,0,0.021505
3.08993345679643,-0.1265,323.4265,0,0.021505
4.97066237768833,-0.1265,326.8265,0,-0.216315
4.97062199966357,-0.1265,348.0265,0,-0.216315
4.88502804243976,135.558,2456.892,0,231.80418
4.73676440120883,413.0208,2202.0792,0,706.265568
4.57002665802534,783.886,1783.564,0,1340.44506
4.42585757012368,984.15,1124.45,0,1682.8965
4.40464387732776,1087.97,1114.78,0,1860.4287
4.38560915079866,1151.224,1066.176,0,1968.59304
4.35304415840274,1162.9684,897.4316,0,1988.675964
4.49239411482166,1005.4613,1588.9887,0,1719.338823
4.64028015114697,636.3257,2027.4743,0,1088.116947
7.0094682555018,295.2023,3053.4977,0,1204.425384
7.32675595539605,9.7664,2989.1336,0,39.846912
7.34017382029645,-0.1265,2969.5265,0,-0.51612
7.34017049286252,-0.1265,3027.4765,0,-0.51612
7.34017149843652,-0.1265,3009.7265,0,-0.51612
3.08999266947514,-0.1265,2933.8765,0,0.021505
3.0899586262093,-0.1265,520.0265,0,0.021505
3.08993681012331,-0.1265,340.5765,0,0.021505
3.08993460017304,-0.1265,329.0765,0,0.021505
3.08993159410701,-0.1265,314.6265,0,0.021505
3.08993383555343,-0.1265,325.2765,0,0.021505
3.0899310015128,-0.1265,311.9265,0,0.021505
3.08993407893668,-0.1265,326.4765,0,0.021505
4.97059439689935,-0.1265,364.1765,0,-0.216315
4.97066329166711,-0.1265,326.3765,0,-0.216315
4.82049601395803,239.0537,2256.1463,0,408.781827
4.58790918839222,620.753,1536.597,0,1061.48763
4.45832105207783,932.838,1251.812,0,1595.15298
4.3020173640696,1363.476,763.474,0,2331.54396
4.19591393191054,1809.758,378.342,0,3094.68618
4.0835221452782,2187.1,0,167.197,3739.941
4.12411863235535,2017.943,43.5069999999996,0,3450.68253
4.23599272448042,1660.215,547.335,0,2838.96765
4.32525862859255,1295.555,844.995,0,2215.39905
6.68947248138764,655.531,2800.319,0,2674.56648
7.29588888495028,32.3607,2928.4393,0,132.031656
7.34017255343274,-0.1265,2991.3265,0,-0.51612
7.34017390229065,-0.1265,2968.1265,0,-0.51612
7.34017422516101,-0.1265,2962.6265,0,-0.51612
3.08999281279666,-0.1265,2992.3765,0,0.021505
3.0899578848212,-0.1265,510.8765,0,0.021505
3.08993419995808,-0.1265,327.0765,0,0.021505
3.08993417981871,-0.1265,326.9765,0,0.021505
3.08993272823678,-0.1265,319.9265,0,0.021505
3.08993482809983,-0.1265,330.2265,0,0.021505
3.08993352878539,-0.1265,323.7765,0,0.021505
3.08994118266468,-0.1265,365.8765,0,0.021505
4.97062226805725,-0.1265,347.8765,0,-0.216315
4.97064222062891,-0.1265,337.0765,0,-0.216315
4.77680150574425,322.0927,2206.6573,0,550.778517
4.47172863078674,882.841,1264.109,0,1509.65811
4.2440746957786,1575.817,560.383,0,2694.64707
4.19556305432756,1865.932,388.218,0,3190.74372
4.15161448798527,2021.607,180.893,0,3456.94797
4.14783286477201,2058.907,164.443,0,3520.73097
4.10773413940025,2102.4,0,36.0390000000002,3595.104
4.14166316493277,1969.179,126.771,0,3367.29609
4.32798925005742,1315.985,873.165,0,2250.33435
6.73862311908684,593.991,2841.909,0,2423.48328
7.31778823512573,17.0404,3096.0096,0,69.524832
7.34017458170596,-0.1265,2956.5765,0,-0.51612
7.34016601511769,-0.1265,3109.1265,0,-0.51612
7.34016945170986,-0.1265,3046.0765,0,-0.51612
3.08999275150679,-0.1265,2967.0765,0,0.021505
3.08996082332055,-0.1265,549.1765,0,0.021505
3.08993184342846,-0.1265,315.7765,0,0.021505
3.08979532400291,-0.1265,105.3215,0,0.021505
3.08977588102571,-0.1265,96.2065,0,0.021505
3.08979210873569,-0.1265,103.6965,0,0.021505
3.08979943762328,-0.1265,107.4765,0,0.021505
3.08982153304813,-0.1265,120.7515,0,0.021505
4.97189694256512,-0.1265,114.2865,0,-0.216315
4.97177345898904,-0.1265,122.2265,0,-0.216315
4.32875897602096,303.6172,202.4228,0,519.185412
3.87115157734593,448.225,0,357.682,766.46475
3.64602161890053,428.705,0,1041.669,733.08555
3.59228091264684,430.31,0,1353.862,735.8301
3.56944599424868,441.825,0,1557.877,755.52075
3.59405805449511,442.59,0,1380.381,756.8289
3.58182194776471,422.645,0,1400.433,722.72295
3.64446701458556,422.46,0,1034.062,722.4066
3.81677398791997,465.325,0,498.486,795.70575
5.85333885037511,456.597,339.893,0,1862.91576
7.23047600830584,17.6969,623.8531,0,72.203352
7.34071317977279,-0.1265,723.9415,0,-0.51612
7.3407471029351,-0.1265,691.0815,0,-0.51612
7.34076114519819,-0.1265,678.3365,0,-0.51612
3.08996969156712,-0.1265,709.7915,0,0.021505
3.08992989827834,-0.1265,307.0215,0,0.021505
3.08979990416242,-0.1265,107.7265,0,0.021505
3.08977721605536,-0.1265,96.7815,0,0.021505
3.0897759394031,-0.1265,96.2315,0,0.021505
3.08978451579934,-0.1265,100.0515,0,0.021505
3.08979069235523,-0.1265,102.9965,0,0.021505
3.08983693942002,-0.1265,132.1365,0,0.021505
4.97166782962023,-0.1265,129.9515,0,-0.216315
4.97185148095366,-0.1265,117.0865,0,-0.216315
4.14565892502332,399.3032,29.7018,0,682.808472
3.74660748840435,434.555,0,657.971,743.08905
3.58842000488946,417.94,0,1340.228,714.6774
3.55305205720522,423.81,0,1625.371,724.7151
3.52502126056337,451.67,0,2010.976,772.3557
3.52104012937637,441.105,0,2007.344,754.28955
3.53552540751183,430.095,0,1809.119,735.46245
3.55958018839212,414.455,0,1536.794,708.71805
3.69503649964027,451.56,0,871.829,772.1676
5.33765215431715,714.316,26.8639999999999,0,2914.40928
7.15764319819874,32.0866,653.7234,0,130.913328
7.34077847504142,-0.1265,663.2415,0,-0.51612
7.34073438357071,-0.1265,703.0465,0,-0.51612
7.3407227776778,-0.1265,714.3315,0,-0.51612
3.08996891548206,-0.1265,692.0765,0,0.021505
3.08992831750296,-0.1265,300.2565,0,0.021505
3.08980598772143,-0.1265,111.0965,0,0.021505
3.08992718154837,-0.1265,295.5765,0,0.021505
3.08993279130928,-0.1265,320.2265,0,0.021505
3.08993362111407,-0.1265,324.2265,0,0.021505
3.08992894984199,-0.1265,302.9265,0,0.021505
3.08993398787808,-0.1265,326.0265,0,0.021505
4.97063366078503,-0.1265,341.6265,0,-0.216315
4.97062960327266,-0.1265,343.8265,0,-0.216315
4.74472695620717,321.919,1799.781,0,550.48149
4.48125410258254,878.419,1316.531,0,1502.09649
4.30365945078842,1340.171,758.879,0,2291.69241
4.20899552150398,1768.602,436.898,0,3024.30942
4.16618007911565,1952.158,248.592,0,3338.19018
4.15803306079857,1962.573,208.027,0,3355.99983
4.18062500049864,1735.789,288.611,0,2968.19919
4.28412286337799,1435.816,708.084000000001,0,2455.24536
4.42861141428854,1004.2183,1163.4317,0,1717.213293
6.77485742632343,527.461,2753.039,0,2152.04088
7.30593844273267,26.0702,3070.6298,0,106.366416
7.34017451382066,-0.1265,2957.7265,0,-0.51612
7.34017706428769,-0.1265,2915.1265,0,-0.51612
7.3401740635761,-0.1265,2965.3765,0,-0.51612
3.08999274881829,-0.1265,2965.9765,0,0.021505
3.08996084471986,-0.1265,549.4765,0,0.021505
3.08993478857458,-0.1265,330.0265,0,0.021505
3.08993181101139,-0.1265,315.6265,0,0.021505
3.0899332295268,-0.1265,322.3265,0,0.021505
3.08993356985205,-0.1265,323.9765,0,0.021505
3.08993471928991,-0.1265,329.6765,0,0.021505
3.08993899697467,-0.1265,352.7765,0,0.021505
4.97058059684868,-0.1265,372.8265,0,-0.216315
4.9706389011544,-0.1265,338.8265,0,-0.216315
4.78481376619942,262.7476,1900.7024,0,449.298396
4.57684528354569,645.572,1516.728,0,1103.92812
4.4606623497829,888.516,1205.984,0,1519.36236
4.43166739416187,1014.048,1193.002,0,1734.02208
4.3317594539217,1300.439,883.311,0,2223.75069
4.33268651776382,1298.319,886.931,0,2220.12549
4.35490210981154,1150.055,897.095,0,1966.59405
4.44061370007661,971.031,1194.519,0,1660.46301
4.56173783639317,688.744,1507.306,0,1177.75224
6.96016850954751,331.2647,2895.7853,0,1351.559976
7.32672810058514,9.6284,2940.6716,0,39.283872
7.34017068456542,-0.1265,3024.0765,0,-0.51612
7.34017100975175,-0.1265,3018.3265,0,-0.51612
7.34017163245873,-0.1265,3007.3765,0,-0.51612
3.0899927529724,-0.1265,2967.6765,0,0.021505
3.08996039036807,-0.1265,543.1765,0,0.021505
3.08993163759821,-0.1265,314.8265,0,0.021505
3.0899366052175,-0.1265,339.4765,0,0.021505
3.08993551211715,-0.1265,333.7265,0,0.021505
3.08993501519233,-0.1265,331.1765,0,0.021505
3.08993093503461,-0.1265,311.6265,0,0.021505
3.08993540558116,-0.1265,333.1765,0,0.021505
4.97063730118863,-0.1265,339.6765,0,-0.216315
4.97067236306953,-0.1265,321.9765,0,-0.216315
4.87566334312171,126.4614,2039.3886,0,216.248994
4.70392914316503,385.7019,1707.4481,0,659.550249
4.57506278821807,634.5422,1478.3578,0,1085.067162
4.52422920897731,772.4999,1418.3501,0,1320.974829
4.4385117611587,973.0174,1184.5326,0,1663.859754
4.32422623549947,1347.038,872.862,0,2303.43498
4.28946091139082,1350.652,692.498,0,2309.61492
4.36598270442644,1160.84,964.71,0,1985.0364
4.47772290339392,868.897,1280.453,0,1485.81387
6.84452707114788,355.4537,2216.0963,0,1450.251096
7.30789194494613,18.9207,2366.4293,0,77.196456
7.34022790543329,-0.1265,2264.8765,0,-0.51612
7.340173510589,-0.1265,2974.8265,0,-0.51612
7.34017330085034,-0.1265,2978.4265,0,-0.51612
3.08999282490653,-0.1265,2997.4265,0,0.021505
3.08995627496449,-0.1265,492.0765,0,0.021505
3.08993087953819,-0.1265,311.3765,0,0.021505
3.08993565682844,-0.1265,334.4765,0,0.021505
3.08993580089171,-0.1265,335.2265,0,0.021505
3.08993235794145,-0.1265,318.1765,0,0.021505
3.08993221936279,-0.1265,317.5265,0,0.021505
3.0899381993169,-0.1265,348.2265,0,0.021505
4.97064317539512,-0.1265,336.5765,0,-0.216315
4.96574434911079,0.9039,361.3961,0,1.545669
4.80925274667209,222.0264,1917.8236,0,379.665144
4.58160715872644,635.6313,1527.2687,0,1086.929523
4.51157265703909,802.6866,1388.7634,0,1372.594086
4.27752531006555,1511.701,709.599,0,2585.00871
4.28443441916009,1450.32,716.88,0,2480.0472
4.24748728685646,1630.595,598.005,0,2788.31745
3.99509439666609,2056.05,0,670.749,3515.8455
4.11670353032967,2073.471,8.279,0,3545.63541
4.29928931810992,1372.509,754.241,0,2346.99039
6.43139755202971,769.823,1917.177,0,3140.87784
7.19268691772331,86.7748,2229.7752,0,354.041184
7.3401749278548,-0.1265,2950.7265,0,-0.51612
7.34017609767191,-0.1265,2931.1265,0,-0.51612
7.34017846945121,-0.1265,2892.1765,0,-0.51612
3.08999237809605,-0.1265,2821.7265,0,0.021505
3.08995548296481,-0.1265,483.3265,0,0.021505
3.08993211237682,-0.1265,317.0265,0,0.021505
3.08993542497752,-0.1265,333.2765,0,0.021505
3.08993519144967,-0.1265,332.0765,0,0.021505
3.08993440067597,-0.1265,328.0765,0,0.021505
3.0899349168567,-0.1265,330.6765,0,0.021505
3.08993629535494,-0.1265,337.8265,0,0.021505
4.97064867223333,-0.1265,333.7265,0,-0.216315
4.96838721114541,0.3256,344.5744,0,0.556776
4.74333349234881,323.7103,1794.6897,0,553.544613
4.51012402576259,804.464,1382.386,0,1375.63344
4.31549619940266,1320.484,809.016,0,2258.02764
4.20377658227799,1746.859,404.791,0,2987.12889
4.18133118702642,1896.148,318.952,0,3242.41308
4.16665677596848,1956.93,251.67,0,3346.3503
4.16847618769344,1876.903,250.447,0,3209.50413
4.28795198371319,1445.87,733.28,0,2472.4377
4.41111058258453,1070.503,1134.347,0,1830.56013
6.63056639825997,547.456,2053.544,0,2233.62048
7.2605734113224,58.7742,2901.5758,0,239.798736
7.34016872326615,-0.1265,3059.2265,0,-0.51612
7.3401682310527,-0.1265,3068.1765,0,-0.51612
7.34017417812356,-0.1265,2963.4265,0,-0.51612
3.08999276941981,-0.1265,2974.4265,0,0.021505
3.08995934963192,-0.1265,529.2765,0,0.021505
3.0899280464812,-0.1265,299.1265,0,0.021505
3.08981184406812,-0.1265,114.5465,0,0.021505
3.08980332621509,-0.1265,109.5965,0,0.021505
3.08979544081767,-0.1265,105.3815,0,0.021505
3.08979641874973,-0.1265,105.8865,0,0.021505
3.08982479010254,-0.1265,122.9915,0,0.021505
4.97170812983413,-0.1265,126.8915,0,-0.216315
4.90038997358121,4.7366,106.8834,0,8.099586
4.10325812696082,421.095,0,11.7269999999999,720.07245
3.73514812184643,424.145,0,678.156,725.28795
3.58978471539129,422.12,0,1344.537,721.8252
3.53309342992171,416.36,0,1774.357,711.9756
3.51196446367037,429.525,0,2055.995,734.48775
3.52681248148514,450.335,0,1985.525,770.07285
3.53746629109945,425.245,0,1770.257,727.16895
3.59230401891669,441.325,0,1388.36,754.66575
3.70511219649505,454.97,0,837.931,777.9987
5.24174916504258,600.64,0,35.3099999999999,2450.6112
6.94194950754806,56.71,467.855,0,231.3768
7.34095436655242,-0.1265,541.0515,0,-0.51612
7.34102110283142,-0.1265,505.7065,0,-0.51612
7.34101284701814,-0.1265,509.8265,0,-0.51612
3.08996087677503,-0.1265,549.9265,0,0.021505
3.08992002112439,-0.1265,269.1365,0,0.021505
3.089801767089,-0.1265,108.7365,0,0.021505
3.08980499372044,-0.1265,110.5315,0,0.021505
3.08980805705182,-0.1265,112.2915,0,0.021505
3.08979574197286,-0.1265,105.5365,0,0.021505
3.08978955557621,-0.1265,102.4415,0,0.021505
3.08982762006677,-0.1265,125.0065,0,0.021505
4.9719300311835,-0.1265,112.3315,0,-0.216315
4.96304512638218,0.4913,119.8137,0,0.840123
4.33778279852586,239.4052,168.7248,0,409.382892
3.93020462572753,448.08,0,247.098,766.2168
3.64298822656004,416.325,0,1026.195,711.91575
3.57984429779336,448.045,0,1499.316,766.15695
3.60961219241708,448.725,0,1297.324,767.31975
3.63570226862617,464.99,0,1186.411,795.1329
3.64036480848778,427.02,0,1065.707,730.2042
3.68767748514425,433.135,0,865.551,740.66085
3.80296261189178,435.135,0,500.139,744.08085
5.49124568116477,494.9534,102.4016,0,2019.409872
6.68928982086911,100.8544,430.6556,0,411.485952
7.34095480794045,-0.1265,540.8015,0,-0.51612
7.34093749914854,-0.1265,550.7815,0,-0.51612
7.34099452080927,-0.1265,519.2165,0,-0.51612
3.08996013853735,-0.1265,539.7465,0,0.021505
3.08992403704011,-0.1265,283.3515,0,0.021505
3.08981075123093,-0.1265,113.8865,0,0.021505
3.08992867885919,-0.1265,301.7765,0,0.021505
3.08993427034891,-0.1265,327.4265,0,0.021505
3.08993749881929,-0.1265,344.3265,0,0.021505
3.08992833422478,-0.1265,300.3265,0,0.021505
3.08993522073298,-0.1265,332.2265,0,0.021505
4.97062704816457,-0.1265,345.2265,0,-0.216315
4.96601193886103,0.8301,354.2699,0,1.419471
4.74877757882661,317.7817,1820.8183,0,543.406707
4.61191820795606,556.292,1543.958,0,951.25932
4.50647766813074,812.601,1372.599,0,1389.54771
4.3319159175484,1323.414,899.786,0,2263.03794
4.20980607468757,1726.993,430.757,0,2953.15803
4.38219516422049,1150.42,1045.88,0,1967.2182
4.33189531832822,1225.108,832.842,0,2094.93468
4.44063299017193,978.916,1204.334,0,1673.94636
4.60980166497131,589.758,1620.292,0,1008.48618
6.99518927346845,243.3308,2392.5692,0,992.789664
7.19479075259967,86.739,2263.661,0,353.89512
7.34022461743945,-0.1265,2298.0265,0,-0.51612
7.34022603892966,-0.1265,2283.5765,0,-0.51612
7.340225846053,-0.1265,2285.5265,0,-0.51612
3.08999051984781,-0.1265,2268.6765,0,0.021505
3.08995386415832,-0.1265,466.3765,0,0.021505
3.08993146330076,-0.1265,314.0265,0,0.021505
3.08993368252417,-0.1265,324.5265,0,0.021505
3.08993217660889,-0.1265,317.3265,0,0.021505
3.08992657239388,-0.1265,293.1265,0,0.021505
3.08993500537214,-0.1265,331.1265,0,0.021505
3.08993584876955,-0.1265,335.4765,0,0.021505
4.97065555264286,-0.1265,330.2265,0,-0.216315
4.91580972778233,10.8933,321.9567,0,18.627543
4.69955571915179,405.2562,1751.8938,0,692.988102
4.45749088275209,923.572,1234.378,0,1579.30812
4.28070795817977,1399.778,673.022,0,2393.62038
4.2215517146719,1674.13,476.67,0,2862.7623
4.17383073963408,1879.534,277.766,0,3214.00314
4.13594283107281,2059.094,103.406,0,3521.05074
4.15948024974646,1850.81,203.14,0,3164.8851
4.26206879331637,1533.675,637.225,0,2622.58425
4.36205111833291,1172.647,953.053,0,2005.22637
6.54570734449732,639.0685,2004.5315,0,2607.39948
7.17858152846857,125.9767,2932.2233,0,513.984936
7.34017697625109,-0.1265,2916.5765,0,-0.51612
7.34017735025077,-0.1265,2910.4265,0,-0.51612
7.34017693378199,-0.1265,2917.2765,0,-0.51612
3.08999280570365,-0.1265,2989.4265,0,0.021505
3.08995932271998,-0.1265,528.9265,0,0.021505
3.08993008175282,-0.1265,307.8265,0,0.021505
3.08993163759821,-0.1265,314.8265,0,0.021505
3.08993277029826,-0.1265,320.1265,0,0.021505
3.08993418988994,-0.1265,327.0265,0,0.021505
3.0899381993169,-0.1265,348.2265,0,0.021505
3.08993205875709,-0.1265,316.7765,0,0.021505
4.97064886681155,-0.1265,333.6265,0,-0.216315
4.86230251373683,23.1889,321.8111,0,39.653019
4.68879687320106,510.3411,2082.7089,0,872.683281
4.5098982801489,984.661,1690.239,0,1683.77031
4.41613088027739,1282.402,1394.448,0,2192.90742
4.16981250976672,1979.377,271.173,0,3384.73467
4.12207565228562,2227.229,37.1710000000003,0,3808.56159
4.19951700044176,2124.551,466.098999999999,0,3632.98221
4.19563521680219,2114.898,440.452000000001,0,3616.47558
4.36041306637574,1437.2265,1157.2235,0,2457.657315
4.42243688869483,1198.298,1345.602,0,2049.08958
6.66610081342715,676.847,2744.153,0,2761.53576
7.1443415731832,152.5387,2875.7613,0,622.357896
7.34017323105008,-0.1265,2979.6265,0,-0.51612
7.34017258228229,-0.1265,2990.8265,0,-0.51612
7.34017673384473,-0.1265,2920.5765,0,-0.51612
3.08999296710499,-0.1265,3058.0265,0,0.021505
3.08995744310328,-0.1265,505.5765,0,0.021505
3.08993309449994,-0.1265,321.6765,0,0.021505
3.0897965920538,-0.1265,105.9765,0,0.021505
3.08978868706918,-0.1265,102.0215,0,0.021505
3.08978612311472,-0.1265,100.8015,0,0.021505
3.08976301332878,-0.1265,90.9965,0,0.021505
3.08980907948881,-0.1265,112.8915,0,0.021505
4.9719821136498,-0.1265,109.3865,0,-0.216315
4.81971928883041,10.153,95.222,0,17.36163
4.31443566103655,308.4449,187.6701,0,527.440779
3.92716614742798,528.885,0,297.8044,904.39335
3.81613825528901,516.095,0,554.686,882.52245
4.13253495524812,471.6299,19.7501000000001,0,806.487129
3.94213700818245,523.45,0,265.299,895.0995
3.76832270176243,543.6,0,741.473,929.556
3.60567337846924,501.49,0,1477.824,857.5479
3.7166098504587,504.74,0,880.767,863.1054
3.73080559206358,554.09,0,904.315,947.4939
5.51527878131717,642.0202,151.4898,0,2619.442416
6.33361139700468,229.1166,470.6284,0,934.795728
7.34072535270156,-0.1265,711.7965,0,-0.51612
7.34074114334989,-0.1265,696.6365,0,-0.51612
7.34070655056925,-0.1265,730.7315,0,-0.51612
3.08996775298834,-0.1265,667.1365,0,0.021505
3.08993359139174,-0.1265,324.0815,0,0.021505
3.08981915425919,-0.1265,119.1665,0,0.021505
3.08976923118196,-0.1265,93.4415,0,0.021505
3.08981727186598,-0.1265,117.9415,0,0.021505
3.08979576137178,-0.1265,105.5465,0,0.021505
3.08980681557872,-0.1265,111.5715,0,0.021505
3.08983446677982,-0.1265,130.1665,0,0.021505
4.9718937871804,-0.1265,114.4765,0,-0.216315
4.5219325122435,37.4096,67.9504,0,63.970416
4.19248731215071,414.447,82.6079999999999,0,708.70437
3.82572730100349,522.25,0,534.083,893.0475
3.75748049246943,490.13,0,704.474,838.1223
3.65381097009978,510.99,0,1196.833,873.7929
3.62858823793637,527.855,0,1393.18,902.63205
3.74054173720467,523.555,0,815.952,895.27905
3.70387286188409,521.595,0,966.231,891.92745
3.58183447520836,479.635,0,1589.17,820.17585
3.80726596034812,571.49,0,642.711,977.2479
5.82497580713514,453.4395,314.2455,0,1850.03316
6.5957312889184,156.6437,545.4163,0,639.106296
7.3407146165333,-0.1265,722.4865,0,-0.51612
7.34076589474215,-0.1265,674.1315,0,-0.51612
7.34075985092129,-0.1265,679.4915,0,-0.51612
3.08996797103467,-0.1265,671.6765,0,0.021505
3.08993527142808,-0.1265,332.4865,0,0.021505
3.08978253285266,-0.1265,99.1415,0,0.021505
3.08980914726412,-0.1265,112.9315,0,0.021505
3.08980549638895,-0.1265,110.8165,0,0.021505
3.08981288366245,-0.1265,115.1815,0,0.021505
3.08980767940904,-0.1265,112.0715,0,0.021505
3.08982533797366,-0.1265,123.3765,0,0.021505
4.97172791430523,-0.1265,125.4415,0,-0.216315
4.66544592380764,24.0153,86.8097,0,41.066163
4.27570270867854,344.8612,159.6438,0,589.712652
3.84234781944699,526.265,0,492.789,899.91315
3.68430988097343,493.99,0,1002.836,844.7229
3.76411048079606,523.05,0,728.145,894.4155
3.63198623085326,525.91,0,1365.759,899.3061
3.62703890012934,531.705,0,1413.754,909.21555
3.62781449157702,503.395,0,1333.535,860.80545
3.7556302318094,486.135,0,704.97,831.29085
4.0243118814651,581.565,0,138.0092,994.47615
5.90471729559328,434.7065,366.3035,0,1773.60252
6.89355743069715,85.5108,610.4542,0,348.884064
7.34073786399439,-0.1265,699.7315,0,-0.51612
7.34074232124249,-0.1265,695.5315,0,-0.51612
7.34071849635302,-0.1265,718.5865,0,-0.51612
3.08996974316513,-0.1265,711.0015,0,0.021505
3.0899326882296,-0.1265,319.7365,0,0.021505
3.08980633715616,-0.1265,111.2965,0,0.021505
3.08980597021659,-0.1265,111.0865,0,0.021505
3.08980395374384,-0.1265,109.9465,0,0.021505
3.08980447955923,-0.1265,110.2415,0,0.021505
3.08978799962539,-0.1265,101.6915,0,0.021505
3.08983551763568,-0.1265,130.9965,0,0.021505
4.97155803325446,-0.1265,139.0915,0,-0.216315
4.7470609123376,17.2707,97.9293,0,29.532897
4.33677732866281,294.2448,206.1102,0,503.158608
3.83151608755315,529.225,0,525.0133,904.97475
3.66232565911582,425.925,0,958.454,728.33175
3.5904013481294,433.235,0,1375.748,740.83185
3.5032742904207,429.065,0,2157.812,733.70115
3.48042900621862,436.035,0,2510.515,745.61985
3.58533227979443,421.725,0,1373.206,721.14975
3.61556093249777,423.015,0,1188.377,723.35565
3.73408984098657,467.93,0,751.922,800.1603
5.37758873501687,702.625,55.5599999999998,0,2866.71
6.62786831376619,148.6411,554.3239,0,606.455688
7.34075470097905,-0.1265,684.1265,0,-0.51612
7.34075862793762,-0.1265,680.5865,0,-0.51612
7.34076858642018,-0.1265,671.7715,0,-0.51612
3.08996895362678,-0.1265,692.9265,0,0.021505
3.0899332523236,-0.1265,322.4365,0,0.021505
3.08979873372111,-0.1265,107.1015,0,0.021505
3.08993802120335,-0.1265,347.2265,0,0.021505
3.08993655846253,-0.1265,339.2265,0,0.021505
3.08993383555343,-0.1265,325.2765,0,0.021505
3.08993676367021,-0.1265,340.3265,0,0.021505
3.08993687504311,-0.1265,340.9265,0,0.021505
4.97067773483701,-0.1265,319.4265,0,-0.216315
4.83060767471694,29.23,300.12,0,49.9833
4.63942303525093,626.274,1987.026,0,1070.92854
4.41233229649278,1041.841,1110.959,0,1781.54811
4.13393351793248,2039.239,92.3610000000001,0,3487.09869
4.18379711745634,1902.365,332.935,0,3253.04415
4.22712387114682,1724.719,520.631,0,2949.26949
4.31010017270768,1368.376,809.124,0,2339.92296
4.27103922043695,1445.811,645.539,0,2472.33681
4.24400605720363,1634.251,580.799,0,2794.56921
4.27996459424819,1490.765,712.785,0,2549.20815
6.71894905590938,585.662,2676.188,0,2389.50096
7.20416941836533,104.8337,2939.2663,0,427.721496
7.34017792802382,-0.1265,2900.9765,0,-0.51612
7.34017051821023,-0.1265,3027.0265,0,-0.51612
7.34017120829862,-0.1265,3014.8265,0,-0.51612
3.08999301870374,-0.1265,3080.6265,0,0.021505
3.08996069443188,-0.1265,547.3765,0,0.021505
3.08993091284674,-0.1265,311.5265,0,0.021505
3.08993061190907,-0.1265,310.1765,0,0.021505
3.08993148513653,-0.1265,314.1265,0,0.021505
3.08993269665611,-0.1265,319.7765,0,0.021505
3.08993350823301,-0.1265,323.6765,0,0.021505
3.08993723431113,-0.1265,342.8765,0,0.021505
4.97062289521083,-0.1265,347.5265,0,-0.216315
4.66030875275152,75.8908,267.2592,0,129.773268
4.58994896965604,620.0499,1549.7501,0,1060.285329
4.40708809397594,1088.589,1129.711,0,1861.48719
4.27706773648592,1442.082,674.568,0,2465.96022
4.17396316651126,1950.064,288.886,0,3334.60944
4.14865257131843,2073.396,169.904,0,3545.50716
4.13320530808384,2084.643,90.7070000000003,0,3564.73953
4.11086723876969,2160.85,0,20.9909999999995,3695.0535
4.43181480571266,943.833,1111.217,0,1613.95443
4.65325329254207,499.8823,1698.9177,0,854.798733
6.80599177360982,395.4697,2230.5803,0,1613.516376
7.20008659420867,108.1482,2937.4018,0,441.244656
7.34017152123403,-0.1265,3009.3265,0,-0.51612
7.34017088801541,-0.1265,3020.4765,0,-0.51612
7.34017182959466,-0.1265,3003.9265,0,-0.51612
3.08999291473782,-0.1265,3035.4265,0,0.021505
3.08995985427691,-0.1265,535.9265,0,0.021505
3.0899332813152,-0.1265,322.5765,0,0.021505
3.0899318542273,-0.1265,315.8265,0,0.021505
3.08993432053594,-0.1265,327.6765,0,0.021505
3.0899348675772,-0.1265,330.4265,0,0.021505
3.0899314960492,-0.1265,314.1765,0,0.021505
3.08994074508815,-0.1265,363.1765,0,0.021505
4.97063692588999,-0.1265,339.8765,0,-0.216315
4.67088200739518,67.9379,252.5121,0,116.173809
4.59351900588922,603.6738,1534.5762,0,1032.282198
4.29494500356201,1382.2404,736.9096,0,2363.631084
4.38044516947177,1149.0173,1034.6827,0,1964.819583
4.10149142429439,2225.45,0,71.4509000000003,3805.5195
4.09716427709499,2203.65,0,93.8971999999999,3768.2415
4.30025816977103,1444.9313,799.3687,0,2470.832523
4.1561798576443,1868.0053,189.0447,0,3194.289063
4.21748980743296,1727.5303,470.5697,0,2954.076813
4.23267312640772,1592.7974,508.4026,0,2723.683554
6.62199250557367,560.6643,2064.5857,0,2287.510344
7.11962749873357,134.7942,2226.0058,0,549.960336
7.34021684133531,-0.1265,2380.4265,0,-0.51612
7.34022252081174,-0.1265,2319.6765,0,-0.51612
7.34021989469237,-0.1265,2347.3765,0,-0.51612
3.08999074585484,-0.1265,2324.0765,0,0.021505
3.08995654445025,-0.1265,495.1265,0,0.021505
3.08993275978782,-0.1265,320.0765,0,0.021505
3.08993537646477,-0.1265,333.0265,0,0.021505
3.08992930021846,-0.1265,304.4265,0,0.021505
3.08993415966702,-0.1265,326.8765,0,0.021505
3.08993770702168,-0.1265,345.4765,0,0.021505
3.08993739875147,-0.1265,343.7765,0,0.021505
4.97065894749348,-0.1265,328.5265,0,-0.216315
4.77070648422655,44.2726,291.3274,0,75.706146
4.75935274958052,292.048,1786.702,0,499.40208
4.51978697107074,787.738,1416.512,0,1347.03198
4.43201342050534,985.716,1161.684,0,1685.57436
4.42415047956237,1007.628,1141.372,0,1723.04388
4.49021443422251,867.188,1356.362,0,1482.89148
4.49971417697244,841.835,1377.315,0,1439.53785
4.49976563365682,776.773,1271.177,0,1328.28183
4.47606695500773,862.3653,1260.7847,0,1474.644663
4.57546467468516,644.8149,1505.1351,0,1102.633479
6.86490326159138,353.3668,2327.8832,0,1441.736544
7.26004947031018,60.8426,2983.2074,0,248.237808
7.34017360104957,-0.1265,2973.2765,0,-0.51612
7.3401818781851,-0.1265,2837.9765,0,-0.51612
7.34017050694365,-0.1265,3027.2265,0,-0.51612
3.08999272760721,-0.1265,2957.3265,0,0.021505
3.08995695328115,-0.1265,499.8265,0,0.021505
3.0899324747585,-0.1265,318.7265,0,0.021505
3.08993416974441,-0.1265,326.9265,0,0.021505
3.08993101258006,-0.1265,311.9765,0,0.021505
3.08993225139286,-0.1265,317.6765,0,0.021505
3.08993384573027,-0.1265,325.3265,0,0.021505
3.08993618192528,-0.1265,337.2265,0,0.021505
4.97068852083323,-0.1265,314.4265,0,-0.216315
4.49855288158168,118.3611,192.5889,0,202.397481
4.69154584586314,415.713,1721.487,0,710.86923
4.5389654561755,728.768,1433.632,0,1246.19328
4.31358292552977,1286.065,778.135,0,2199.17115
4.31368115609801,1366.229,827.171,0,2336.25159
4.47533120927634,904.407,1317.593,0,1546.53597
4.44763202141573,978.182,1245.768,0,1672.69122
4.38520847013429,1059.316,978.934,0,1811.43036
4.49860509777406,829.695,1350.355,0,1418.77845
4.57999185026215,629.675,1501.475,0,1076.74425
6.77395880860738,434.515,2262.935,0,1772.8212
7.11603690922825,140.9833,2286.3667,0,575.211864
7.34022872352094,-0.1265,2256.7765,0,-0.51612
7.34022491598661,-0.1265,2294.9765,0,-0.51612
7.34022571765132,-0.1265,2286.8265,0,-0.51612
3.08999069962961,-0.1265,2312.5265,0,0.021505
3.0899544311737,-0.1265,472.1765,0,0.021505
3.08993723431113,-0.1265,342.8765,0,0.021505
3.08980426600891,-0.1265,110.1215,0,0.021505
3.08977536598996,-0.1265,95.9865,0,0.021505
3.08980501140191,-0.1265,110.5415,0,0.021505
3.08979276983045,-0.1265,104.0265,0,0.021505
3.08981282666121,-0.1265,115.1465,0,0.021505
4.97187061402561,-0.1265,115.8915,0,-0.216315
4.05129278357926,110.72,0,17.8282,189.3312
4.09641121144197,421.81,0,18.749,721.2951
3.69597991696641,435.65,0,837.406,744.9615
3.60024575237083,428.525,0,1296.622,732.77775
3.58902660465868,428.84,0,1371.065,733.3164
3.59421131987887,444.615,0,1385.653,760.29165
3.57078787560198,456.38,0,1598.309,780.4098
3.53626908975604,407.61,0,1707.73,697.0131
3.66472750980312,423.66,0,942.671,724.4586
3.80877433204103,450.89,0,503.209,771.0219
5.45364143649308,528.615,86.1100000000001,0,2156.7492
6.19026957290563,199.0734,308.2966,0,812.219472
7.34097716965003,-0.1265,528.4315,0,-0.51612
7.34094364408755,-0.1265,547.1965,0,-0.51612
7.34101612726988,-0.1265,508.1815,0,-0.51612
3.0899665330114,-0.1265,642.8265,0,0.021505
3.08992561101531,-0.1265,289.3415,0,0.021505
3.08977609104208,-0.1265,96.2965,0,0.021505
3.08980248625762,-0.1265,109.1315,0,0.021505
3.08978586755752,-0.1265,100.6815,0,0.021505
3.08978510794566,-0.1265,100.3265,0,0.021505
3.08979854517862,-0.1265,107.0015,0,0.021505
3.08983652417169,-0.1265,131.8015,0,0.021505
4.97189411883173,-0.1265,114.4565,0,-0.216315
4.12262674497667,119.9606,2.15940000000002,0,205.132626
3.99377262165233,432.625,0,142.9489,739.78875
3.76159560605287,453.58,0,639.149,775.6218
3.61835145804515,425.105,0,1178.328,726.92955
3.57824357233008,441.34,0,1488.747,754.6914
3.53915576629996,455.035,0,1877.298,778.10985
3.55484480431849,436.96,0,1660.3,747.2016
3.53674750924682,426.75,0,1783.353,729.7425
3.58040340112921,424.815,0,1417.617,726.43365
3.74447310376038,462.025,0,706.717,790.06275
5.29570172340947,575.34,0,2.42960000000005,2347.3872
6.46434193022143,180.1589,479.1061,0,735.048312
7.34079472340124,-0.1265,649.6865,0,-0.51612
7.34074544119208,-0.1265,692.6215,0,-0.51612
7.34074915250055,-0.1265,689.1915,0,-0.51612
3.08996930393953,-0.1265,700.8315,0,0.021505
3.08993010334175,-0.1265,307.9215,0,0.021505
3.08980394480734,-0.1265,109.9415,0,0.021505
3.08993177856346,-0.1265,315.4765,0,0.021505
3.08993540558116,-0.1265,333.1765,0,0.021505
3.08993466971065,-0.1265,329.4265,0,0.021505
3.08993376422775,-0.1265,324.9265,0,0.021505
3.08993665190361,-0.1265,339.7265,0,0.021505
4.97062164216528,-0.1265,348.2265,0,-0.216315
4.70584291891315,61.0313,273.0187,0,104.363523
4.74959640040705,306.0963,1762.6537,0,523.424673
4.523948554097,756.395,1386.955,0,1293.43545
4.29385218709219,1426.817,754.833,0,2439.85707
4.24127896803734,1642.498,569.252,0,2808.67158
4.25091847214022,1610.447,608.803,0,2753.86437
4.21101220731564,1786.272,451.928,0,3054.52512
4.21060697564266,1644.514,414.086,0,2812.11894
4.27430901249849,1444.868,661.732,0,2470.72428
4.38117875569044,1134.6,1025.8,0,1940.166
6.71319661833413,599.8764,2704.9736,0,2447.495712
7.17681286709019,124.796,2870.554,0,509.16768
7.34017627208716,-0.1265,2928.2265,0,-0.51612
7.34017369745002,-0.1265,2971.6265,0,-0.51612
7.34016959648215,-0.1265,3043.4765,0,-0.51612
3.08999293104092,-0.1265,3042.4265,0,0.021505
3.08995551519527,-0.1265,483.6765,0,0.021505
3.08993234730168,-0.1265,318.1265,0,0.021505
3.08992916048338,-0.1265,303.8265,0,0.021505
3.08993131005978,-0.1265,313.3265,0,0.021505
3.08993871010492,-0.1265,351.1265,0,0.021505
3.08993441067973,-0.1265,328.1265,0,0.021505
3.08993928117152,-0.1265,354.4265,0,0.021505
4.97065614919003,-0.1265,329.9265,0,-0.216315
4.44318629994811,153.8784,191.7216,0,263.132064
4.58489120691542,609.016,1486.184,0,1041.41736
4.45100530253412,947.172,1226.428,0,1619.66412
4.29677931411921,1417.863,765.687,0,2424.54573
4.17693247215008,1865.792,291.408,0,3190.50432
4.07780631074955,2157.55,0,196.25,3689.4105
4.10338431148244,2256.6,0,62.1589999999997,3858.786
4.04435913877893,2052.25,0,369.659,3509.3475
4.16769697978586,1925.021,252.879,0,3291.78591
4.24130242089655,1601.601,555.199,0,2738.73771
6.2299793152315,969.892,1625.158,0,3957.15936
6.98105419354878,287.847,2696.153,0,1174.41576
7.34016784534891,-0.1265,3075.2265,0,-0.51612
7.34016906039507,-0.1265,3053.1265,0,-0.51612
7.34017288289053,-0.1265,2985.6265,0,-0.51612
3.0899926528204,-0.1265,2927.2265,0,0.021505
3.08995972269436,-0.1265,534.1765,0,0.021505
3.08993663323742,-0.1265,339.6265,0,0.021505
3.08993293801951,-0.1265,320.9265,0,0.021505
3.08993435061139,-0.1265,327.8265,0,0.021505
3.08993165932308,-0.1265,314.9265,0,0.021505
3.08993035347917,-0.1265,309.0265,0,0.021505
3.08993820819571,-0.1265,348.2765,0,0.021505
4.97065744544083,-0.1265,329.2765,0,-0.216315
4.43837599254433,152.9172,186.0328,0,261.488412
4.56101700838111,676.212,1474.888,0,1156.32252
4.32497017334469,1305.904,850.196,0,2233.09584
4.21040746065346,1730.609,434.741,0,2959.34139
4.14230900708617,2015.172,132.978,0,3445.94412
4.10728722760034,2164.2,0,39.4010000000003,3700.782
4.08415208473326,2092.9,0,156.674,3578.859
4.10841321360778,2096.5,0,32.5530000000003,3585.015
4.18365487717379,1802.246,314.704,0,3081.84066
4.33258158785201,1332.95,909.999999999999,0,2279.3445
6.5599981383827,770.205,2488.345,0,3142.4364
7.04863914504044,234.2183,2811.3817,0,955.610664
7.34017020611422,-0.1265,3032.5765,0,-0.51612
7.3401738671408,-0.1265,2968.7265,0,-0.51612
7.34017419869931,-0.1265,2963.0765,0,-0.51612
3.08999290655804,-0.1265,3031.9265,0,0.021505
3.08995917212731,-0.1265,526.9765,0,0.021505
3.08993461011605,-0.1265,329.1265,0,0.021505
3.08993116714972,-0.1265,312.6765,0,0.021505
3.08993370296895,-0.1265,324.6265,0,0.021505
3.08993329166324,-0.1265,322.6265,0,0.021505
3.0899291838109,-0.1265,303.9265,0,0.021505
3.08993542497752,-0.1265,333.2765,0,0.021505
4.97063403224459,-0.1265,341.4265,0,-0.216315
4.46157582519351,146.7842,200.1158,0,251.000982
4.55588338798174,677.426,1442.424,0,1158.39846
4.34467954108156,1208.551,887.799000000001,0,2066.62221
4.19826447944732,1753.106,378.294,0,2997.81126
4.12951267744897,2087.8,72.1000000000004,0,3570.138
4.10543263799149,2227.45,0,50.4139999999998,3808.9395
4.03388861578242,2157,0,452.151,3688.47
4.00164848534918,2078.95,0,635.482,3555.0045
4.10378021427106,2122.05,0,56.4339999999997,3628.7055
4.23075519263427,1700.273,532.476999999999,0,2907.46683
6.51190502685405,876.0696,2564.2304,0,3574.363968
7.03966501553508,241.5686,2798.5314,0,985.599888
7.34017317873678,-0.1265,2980.5265,0,-0.51612
7.34017276136508,-0.1265,2987.7265,0,-0.51612
7.34017689739612,-0.1265,2917.8765,0,-0.51612
3.08999261256393,-0.1265,2911.2765,0,0.021505
3.08995618587945,-0.1265,491.0765,0,0.021505
3.08993552178482,-0.1265,333.7765,0,0.021505
3.08993461011605,-0.1265,329.1265,0,0.021505
3.08992994509298,-0.1265,307.2265,0,0.021505
3.08993264395573,-0.1265,319.5265,0,0.021505
3.08993451054972,-0.1265,328.6265,0,0.021505
3.0899392725984,-0.1265,354.3765,0,0.021505
4.97064432486853,-0.1265,335.9765,0,-0.216315
4.35071053234701,192.3089,146.3911,0,328.848219
4.56674228613716,795.4261,1782.1239,0,1360.178631
4.29179180286623,1409.7351,734.9649,0,2410.647021
4.17620328609804,1873.759,288.941,0,3204.12789
4.11122049107786,2176.75,0,19.3299999999999,3722.2425
4.04656701810366,2119.65,0,368.828,3624.6015
4.04814613544294,2214.15,0,375.627,3786.1965
4.03930846165499,2018.65,0,392.129,3451.8915
4.13848702650704,2038.633,115.167,0,3486.06243
4.29625573855017,1430.508,769.692,0,2446.16868
6.54352640058025,806.1456,2517.2544,0,3289.074048
7.03914300839732,244.9993,2832.5007,0,999.597144
7.34017385542735,-0.1265,2968.9265,0,-0.51612
7.34016925166347,-0.1265,3049.6765,0,-0.51612
7.34017223672304,-0.1265,2996.8265,0,-0.51612
3.08999282179304,-0.1265,2996.1265,0,0.021505
3.08995819998503,-0.1265,514.7265,0,0.021505
3.08993219799258,-0.1265,317.4265,0,0.021505
3.08981106713464,-0.1265,114.0765,0,0.021505
3.08981440167086,-0.1265,116.1215,0,0.021505
3.08980764500418,-0.1265,112.0515,0,0.021505
3.08979456144289,-0.1265,104.9315,0,0.021505
3.08980941788485,-0.1265,113.0915,0,0.021505
4.97200072143065,-0.1265,108.3715,0,-0.216315
3.9166414265435,114.155,0,68.968,195.20505
3.97069423995448,416.365,0,169.085,711.98415
3.71397346787974,413.89,0,731.236,707.7519
3.59416502882357,421.975,0,1315.394,721.57725
3.54582292755653,416.5,0,1658.805,712.215
3.53828304004674,435.09,0,1803.371,744.0039
3.53922329480861,434.775,0,1793.069,743.46525
3.54246552164413,428.875,0,1738.589,733.37625
3.58800979820292,424.545,0,1364.173,725.97195
3.66362016729905,442.05,0,988.714,755.9055
5.16374556129263,758.19,0,108.53,3093.4152
6.16556317371848,273.2694,402.8006,0,1114.939152
7.34072981956013,-0.1265,707.4415,0,-0.51612
7.34074102629816,-0.1265,696.7465,0,-0.51612
7.34075552956383,-0.1265,683.3765,0,-0.51612
3.08996976209709,-0.1265,711.4465,0,0.021505
3.08993563275501,-0.1265,334.3515,0,0.021505
3.08981111691779,-0.1265,114.1065,0,0.021505
3.08976834871033,-0.1265,93.0865,0,0.021505
3.08980429272821,-0.1265,110.1365,0,0.021505
3.08979214892208,-0.1265,103.7165,0,0.021505
3.08979067198139,-0.1265,102.9865,0,0.021505
3.08982456855939,-0.1265,122.8365,0,0.021505
4.971732203702,-0.1265,125.1315,0,-0.216315
3.94039193597315,112.67,0,57.8287,192.6657
3.95369261299228,419.845,0,195.2568,717.93495
3.7569319262382,435.8,0,628.038,745.218
3.67046774678393,435.995,0,944.356,745.55145
3.6017798026658,421.875,0,1266.984,721.40625
3.58704686669238,440.29,0,1421.524,752.8959
3.58594615484355,452.78,0,1469.844,774.2538
3.60126101061928,423.65,0,1275.537,724.4415
3.64215216420777,408.975,0,1012.073,699.34725
3.74588765921346,446.125,0,677.812,762.87375
5.5226197852355,627.9409,153.8391,0,2561.998872
6.42883210453889,199.615,494.6,0,814.4292
7.34073178045736,-0.1265,705.5465,0,-0.51612
7.34072781269103,-0.1265,709.3915,0,-0.51612
7.34073376235181,-0.1265,703.6415,0,-0.51612
3.0899692697255,-0.1265,700.0515,0,0.021505
3.08992800191504,-0.1265,298.9415,0,0.021505
3.08977668395666,-0.1265,96.5515,0,0.021505
3.08993421002314,-0.1265,327.1265,0,0.021505
3.089931156132,-0.1265,312.6265,0,0.021505
3.08993087953819,-0.1265,311.3765,0,0.021505
3.08993544436223,-0.1265,333.3765,0,0.021505
3.08993555077044,-0.1265,333.9265,0,0.021505
4.97063033713268,-0.1265,343.4265,0,-0.216315
4.31493612365026,206.8699,126.2801,0,353.747529
4.53414344806339,704.869,1355.681,0,1205.32599
4.35895570421327,1201.287,959.213,0,2054.20077
4.17646638494241,1826.19,282.91,0,3122.7849
4.14832699869295,2028.221,164.529,0,3468.25791
4.1022375576375,2215.4,0,67.1399999999999,3788.334
4.08133278419107,2172.65,0,178.118,3715.2315
4.05441464252385,2045.05,0,311.928,3497.0355
4.14248456889617,1951.564,129.636,0,3337.17444
4.28915753412502,1435.802,734.548,0,2455.22142
6.48212542676966,877.104,2417.246,0,3578.58432
7.00730277571144,267.579,2746.271,0,1091.72232
7.34017598658721,-0.1265,2932.9765,0,-0.51612
7.34016907424057,-0.1265,3052.8765,0,-0.51612
7.34016983086837,-0.1265,3039.2765,0,-0.51612
3.08999278228184,-0.1265,2979.7265,0,0.021505
3.08995724001762,-0.1265,503.1765,0,0.021505
3.08993221936279,-0.1265,317.5265,0,0.021505
3.08993747155981,-0.1265,344.1765,0,0.021505
3.08993303199548,-0.1265,321.3765,0,0.021505
3.08992560715527,-0.1265,289.3265,0,0.021505
3.08993417981871,-0.1265,326.9765,0,0.021505
3.08994059777887,-0.1265,362.2765,0,0.021505
4.9706211066877,-0.1265,348.5265,0,-0.216315
4.24734893666083,229.8199,84.1801,0,392.992029
4.48043797968579,845.455,1262.195,0,1445.72805
4.23767840577475,1558.081,522.019,0,2664.31851
4.09349823701269,2077.45,0,107.184,3552.4395
4.04894238723769,2158.3,0,361.426,3690.693
4.00326994696714,2120.65,0,637.562,3626.3115
4.00412369378516,2161.95,0,644.272,3696.9345
3.99610909115086,2071.9,0,669.276,3542.949
4.08527591047369,2110.3,0,152.014,3608.613
4.3192156991975,1651.482,1036.468,0,2824.03422
6.48351698985133,928.868,2567.082,0,3789.78144
6.97778165040084,292.622,2710.828,0,1193.89776
7.34016729856353,-0.1265,3085.2765,0,-0.51612
7.34017295530832,-0.1265,2984.3765,0,-0.51612
7.3401676327397,-0.1265,3079.1265,0,-0.51612
3.08999279364956,-0.1265,2984.4265,0,0.021505
3.08996150703407,-0.1265,558.9265,0,0.021505
3.08993141958743,-0.1265,313.8265,0,0.021505
3.08993195126312,-0.1265,316.2765,0,0.021505
3.08993498572286,-0.1265,331.0265,0,0.021505
3.08993534732212,-0.1265,332.8765,0,0.021505
3.08993524024049,-0.1265,332.3265,0,0.021505
3.0899327492741,-0.1265,320.0265,0,0.021505
4.97063627017988,-0.1265,340.2265,0,-0.216315
4.26714837547774,241.007,104.343,0,412.12197
4.56493069293265,789.477,1753.823,0,1350.00567
4.3692480722132,1390.844,1177.256,0,2378.34324
4.27249184299177,1794.591,810.409,0,3068.75061
4.24576688785268,1999.312,721.988,0,3418.82352
4.18067474088444,2295.939,382.061,0,3926.05569
4.15618763885881,2378.132,240.717999999999,0,4066.60572
4.09351753163422,2454.85,0,126.539,4197.7935
4.17020757589283,2352.523,324.777,0,4022.81433
4.350342825117,1527.202,1160.048,0,2611.51542
6.40600426617301,1002.144,2373.406,0,4088.74752
7.00240653137296,279.5894,2819.8106,0,1140.724752
7.34016530262323,-0.1265,3122.5265,0,-0.51612
7.34016992872061,-0.1265,3037.5265,0,-0.51612
7.34017330085034,-0.1265,2978.4265,0,-0.51612
3.08999274233326,-0.1265,2963.3265,0,0.021505
3.08995943398095,-0.1265,530.3765,0,0.021505
3.08993120018172,-0.1265,312.8265,0,0.021505
3.08993489715385,-0.1265,330.5765,0,0.021505
3.08993543467133,-0.1265,333.3265,0,0.021505
3.0899383322317,-0.1265,348.9765,0,0.021505
3.08993204802298,-0.1265,316.7265,0,0.021505
3.08993446065277,-0.1265,328.3765,0,0.021505
4.97063015350733,-0.1265,343.5265,0,-0.216315
4.23338570390295,246.7399,79.3101,0,421.925229
4.53010127452444,889.148,1678.052,0,1520.44308
4.32085628107434,1591.719,1009.531,0,2721.83949
4.20199220410195,2108.207,477.592999999999,0,3605.03397
4.12495441081513,2551.586,60.1140000000005,0,4363.21206
4.10341527454992,2641.15,0,72.5549999999998,4516.3665
4.1003474224358,2678,0,93.3890000000001,4579.38
4.10523189972119,2588.15,0,59.8209999999995,4425.7365
4.17036771703452,2304.031,319.069,0,3939.89301
4.27105788215163,1788.664,798.736,0,3058.61544
6.31701712743522,1167.238,2320.862,0,4762.33104
6.89561164110615,367.998,2642.652,0,1501.43184
7.34017628713914,-0.1265,2927.9765,0,-0.51612
7.34017552573634,-0.1265,2940.6765,0,-0.51612
7.34017356310301,-0.1265,2973.9265,0,-0.51612
3.08999290831244,-0.1265,3032.6765,0,0.021505
3.08996044500973,-0.1265,543.9265,0,0.021505
3.08993614402558,-0.1265,337.0265,0,0.021505
3.08992924206256,-0.1265,304.1765,0,0.021505
3.08993379481472,-0.1265,325.0765,0,0.021505
3.08992907871586,-0.1265,303.4765,0,0.021505
3.08993014988299,-0.1265,308.1265,0,0.021505
3.08993885822244,-0.1265,351.9765,0,0.021505
4.9706528815493,-0.1265,331.5765,0,-0.216315
4.44665365635219,149.2656,189.1844,0,255.244176
4.75573648046963,377.2261,2256.1239,0,645.056631
4.63727494470883,629.394,1975.906,0,1076.26374
4.47598136497332,1076.904,1573.796,0,1841.50584
4.4835234606905,1066.888,1616.412,0,1824.37848
4.28222917757517,1473.296,716.454,0,2519.33616
4.37055390593171,1182.236,1008.014,0,2021.62356
4.40701326831874,998.615,1035.935,0,1707.63165
4.48081523792724,856.263,1280.637,0,1464.20973
4.65034075689856,622.516,2085.084,0,1064.50236
6.83459244434834,485.6566,2949.2434,0,1981.478928
7.09366257219887,192.705,2806.295,0,786.2364
7.34017294661498,-0.1265,2984.5265,0,-0.51612
7.34017538556739,-0.1265,2943.0265,0,-0.51612
7.3401691435021,-0.1265,3051.6265,0,-0.51612
3.08999289213916,-0.1265,3025.7765,0,0.021505
3.0899587452652,-0.1265,521.5265,0,0.021505
3.08993567607422,-0.1265,334.5765,0,0.021505
3.08979259995081,-0.1265,103.9415,0,0.021505
3.0898039716144,-0.1265,109.9565,0,0.021505
3.08979851686678,-0.1265,106.9865,0,0.021505
3.08976687967826,-0.1265,92.5015,0,0.021505
3.08981925305833,-0.1265,119.2315,0,0.021505
4.97169954077083,-0.1265,127.5315,0,-0.216315
3.90950290629478,121.915,0,77.1457,208.47465
3.97622821615204,488.28,0,189.212,834.9588
3.77105744288962,515.015,0,693.212,880.67565
3.69075294028665,506.24,0,997.188,865.6704
3.65186006971386,518.905,0,1226.589,887.32755
3.63599936775491,520.28,0,1325.611,889.6788
3.6568072309503,535.9,0,1237.606,916.389
3.69091152634254,519.515,0,1022.578,888.37065
3.74156551776304,502.615,0,779.515,859.47165
3.89774310358184,563.27,0,383.773,963.1917
5.56455133377335,604.579,180.171,0,2466.68232
6.40561017793218,206.5299,488.7501,0,842.641992
7.34074774154151,-0.1265,690.4915,0,-0.51612
7.34072266129557,-0.1265,714.4465,0,-0.51612
7.34074697858797,-0.1265,691.1965,0,-0.51612
3.08996906638895,-0.1265,695.4515,0,0.021505
3.0899311484175,-0.1265,312.5915,0,0.021505
3.089779726207,-0.1265,97.8815,0,0.021505
3.08980075694756,-0.1265,108.1865,0,0.021505
3.08979765427626,-0.1265,106.5315,0,0.021505
3.08978713927258,-0.1265,101.2815,0,0.021505
3.08978586755752,-0.1265,100.6815,0,0.021505
3.08982650752097,-0.1265,124.2065,0,0.021505
4.97174879844131,-0.1265,123.9465,0,-0.216315
3.89819638445152,118.82,0,80.7294,203.1822
4.0044552027189,501.115,0,148.822,856.90665
3.78715079136553,516.035,0,641.872,882.41985
3.68397819395843,506.045,0,1028.904,865.33695
3.63282061501475,511.475,0,1323.01,874.62225
3.6317015156224,541.35,0,1407.762,925.7085
3.62189528176376,530.195,0,1444.847,906.63345
3.62506431777258,499.5,0,1340.711,854.145
3.67766359500704,521.92,0,1093.007,892.4832
3.80511932889801,553.715,0,629.534,946.85265
5.41571668879567,713.279,85.7859999999999,0,2910.17832
6.24808023477671,249.2419,432.8181,0,1016.906952
7.34073284029571,-0.1265,704.5265,0,-0.51612
7.34071776692879,-0.1265,719.3165,0,-0.51612
7.34074267373769,-0.1265,695.2015,0,-0.51612
3.08996865793131,-0.1265,686.3915,0,0.021505
3.0899271334351,-0.1265,295.3815,0,0.021505
3.08979614857787,-0.1265,105.7465,0,0.021505
3.08993255946324,-0.1265,319.1265,0,0.021505
3.08992759832134,-0.1265,297.2765,0,0.021505
3.08993485771234,-0.1265,330.3765,0,0.021505
3.0899354152808,-0.1265,333.2265,0,0.021505
3.08993429043293,-0.1265,327.5265,0,0.021505
4.97060673419845,-0.1265,356.7765,0,-0.216315
4.16272085714811,308.256,36.4440000000001,0,527.11776
4.46315370851519,1061.166,1457.834,0,1814.59386
4.26862262734757,1839.388,805.762,0,3145.35348
4.14126130944828,2448.239,155.161,0,4186.48869
4.12078389340186,2182.323,29.7269999999999,0,3731.77233
4.10025159505843,2188.85,0,76.8389999999999,3742.9335
4.09250212469889,2185.95,0,118.148,3737.9745
4.09119437187965,2073.2,0,118.754,3545.172
4.18606720570063,1827.125,331.275,0,3124.38375
4.3974100577741,1326.198,1308.202,0,2267.79858
6.5117507401769,869.41,2543.94,0,3547.1928
6.96121365370755,312.1967,2738.3533,0,1273.762536
7.34017070997017,-0.1265,3023.6265,0,-0.51612
7.34017536173114,-0.1265,2943.4265,0,-0.51612
7.34017453742695,-0.1265,2957.3265,0,-0.51612
3.08999282167324,-0.1265,2996.0765,0,0.021505
3.08996014075383,-0.1265,539.7765,0,0.021505
3.08993553144959,-0.1265,333.8265,0,0.021505
3.08993221936279,-0.1265,317.5265,0,0.021505
3.08993624814162,-0.1265,337.5765,0,0.021505
3.08993224071953,-0.1265,317.6265,0,0.021505
3.08993522073298,-0.1265,332.2265,0,0.021505
3.08993551211715,-0.1265,333.7265,0,0.021505
4.97068050655371,-0.1265,318.1265,0,-0.216315
4.28193509520793,242.8579,117.8421,0,415.287009
4.62272061429735,675.537,1975.263,0,1155.16827
4.37632937570397,1128.12,993.18,0,1929.0852
4.22208345065936,1651.143,472.807,0,2823.45453
4.16851814122897,1892.421,252.729,0,3236.03991
4.1282107324579,2111.525,66.2750000000001,0,3610.70775
4.13059549184396,2096.642,77.9080000000004,0,3585.25782
4.21131887917647,1670.453,424.147,0,2856.47463
4.29168196587821,1364.977,711.073,0,2334.11067
4.36864111586044,1172.487,989.063,0,2004.95277
6.65289802387451,682.799,2688.851,0,2785.81992
7.03297577946669,251.899,2843.651,0,1027.74792
7.33213823666059,5.6936,2943.4064,0,23.229888
7.3401709219709,-0.1265,3019.8765,0,-0.51612
7.34017046752234,-0.1265,3027.9265,0,-0.51612
3.08999280522226,-0.1265,2989.2265,0,0.021505
3.08995919536795,-0.1265,527.2765,0,0.021505
3.08993683796243,-0.1265,340.7265,0,0.021505
3.08992852477869,-0.1265,301.1265,0,0.021505
3.08993229405255,-0.1265,317.8765,0,0.021505
3.08993411932658,-0.1265,326.6765,0,0.021505
3.08992953188924,-0.1265,305.4265,0,0.021505
3.08993875374334,-0.1265,351.3765,0,0.021505
4.97063561581848,-0.1265,340.5765,0,-0.216315
4.17458529031644,305.1342,45.7158000000001,0,521.779482
4.44399089796098,963.306,1204.994,0,1647.25326
4.22880116777886,1629.901,500.499,0,2787.13071
4.07987141557378,2152.15,0,184.424,3680.1765
4.14213615814894,2079.288,136.312,0,3555.58248
4.13110561051091,2098.667,80.5830000000001,0,3588.72057
4.0692492726133,2119.2,0,239.617,3623.832
4.05785312500141,2072.2,0,296.846,3543.462
4.13037876567854,2030.758,74.3919999999998,0,3472.59618
4.25487310700715,1573.983,615.717,0,2691.51093
6.24761641011305,980.712,1701.488,0,4001.30496
6.97067364513053,308.1026,2787.4474,0,1257.058608
7.34017078622982,-0.1265,3022.2765,0,-0.51612
7.34017325431059,-0.1265,2979.2265,0,-0.51612
7.34017575885226,-0.1265,2936.7765,0,-0.51612
3.08999266685046,-0.1265,2932.8265,0,0.021505
3.0899562260126,-0.1265,491.5265,0,0.021505
3.08993153966513,-0.1265,314.3765,0,0.021505
3.0899327492741,-0.1265,320.0265,0,0.021505
3.0899340890388,-0.1265,326.5265,0,0.021505
3.08992786546515,-0.1265,298.3765,0,0.021505
3.08993234730168,-0.1265,318.1265,0,0.021505
3.08993891900413,-0.1265,352.3265,0,0.021505
4.97063908991398,-0.1265,338.7265,0,-0.216315
4.1930472492105,270.629,54.371,0,462.77559
4.45551414382057,891.227,1179.723,0,1523.99817
4.25098161350002,1584.5181,599.3319,0,2709.525951
4.09334035994264,2126.9,0,110.562,3636.999
4.02682795921322,2168.15,0,498.6,3707.5365
3.99923188606195,2251,0,705.04,3849.21
3.96801501603155,2177.2,0,903.98,3723.012
3.97262538305167,2060.3,0,823.25,3523.113
4.05688145711838,2107.6,0,307.425,3603.996
4.20582196537056,1766.545,419.905,0,3020.79195
6.20453153995066,1020.561,1625.989,0,4163.88888
6.91365186475047,349.081,2642.419,0,1424.25048
7.34017334450407,-0.1265,2977.6765,0,-0.51612
7.34017069021027,-0.1265,3023.9765,0,-0.51612
7.340170352179,-0.1265,3029.9765,0,-0.51612
3.08999265921574,-0.1265,2929.7765,0,0.021505
3.08996048135383,-0.1265,544.4265,0,0.021505
3.08993525973625,-0.1265,332.4265,0,0.021505
3.0899285485267,-0.1265,301.2265,0,0.021505
3.08993398787808,-0.1265,326.0265,0,0.021505
3.08993272823678,-0.1265,319.9265,0,0.021505
3.08992840580144,-0.1265,300.6265,0,0.021505
3.0899373896385,-0.1265,343.7265,0,0.021505
4.9649287834755,0.9777,327.7223,0,1.671867
4.12002885133731,313.5893,3.71069999999997,0,536.237703
4.49488469161978,802.789,1283.761,0,1372.76919
4.36451279699029,1204.245,992.505,0,2059.25895
4.26705620284486,1499.204,648.596,0,2563.63884
4.14462106714861,2051.642,147.258,0,3508.30782
4.09317904016455,2154.2,0,112.837,3683.682
4.08024954450359,2194.9,0,185.977,3753.279
4.09315505370565,2054.25,0,107.723,3512.7675
4.14182814553426,1997.767,129.433,0,3416.18157
4.23950950093938,1604.155,546.845,0,2743.10505
6.26413860921707,933.17,1672.53,0,3807.3336
6.75636527988812,399.738,1994.962,0,1630.93104
7.33355133065746,4.773,3010.277,0,19.47384
7.34016891100803,-0.1265,3055.8265,0,-0.51612
7.34017515938428,-0.1265,2946.8265,0,-0.51612
3.08999273448679,-0.1265,2960.1265,0,0.021505
3.08995703069193,-0.1265,500.7265,0,0.021505
3.08993469946724,-0.1265,329.5765,0,0.021505
3.08976979934381,-0.1265,93.6715,0,0.021505
3.08980215918343,-0.1265,108.9515,0,0.021505
3.08979136247435,-0.1265,103.3265,0,0.021505
3.08979633198691,-0.1265,105.8415,0,0.021505
3.08983870665312,-0.1265,133.5815,0,0.021505
4.97191958363098,-0.1265,112.9415,0,-0.216315
3.74211528675367,117.345,0,181.5174,200.65995
3.82023879936776,435.49,0,458.253,744.6879
3.64766178845719,435.835,0,1050.825,745.27785
3.5579295514977,426.955,0,1596.646,730.09305
3.5047283451183,420.99,0,2099.62,719.8929
3.50316985411274,445.805,0,2243.345,762.32655
3.49719232843757,435.895,0,2270.725,745.38045
3.50647519321443,425.685,0,2101.955,727.92135
3.55771878104617,435.315,0,1629.678,744.38865
3.64910495022865,449.915,0,1077.412,769.35465
4.88955397310252,588.525,0,296.471,2401.182
5.77207854300734,324.803,195.587,0,1325.19624
7.34079053599204,-0.1265,653.1265,0,-0.51612
7.34079655708065,-0.1265,648.1915,0,-0.51612
7.34081250142666,-0.1265,635.4765,0,-0.51612
3.08996736640599,-0.1265,659.2365,0,0.021505
3.08991250963696,-0.1265,246.0515,0,0.021505
3.08980719661821,-0.1265,111.7915,0,0.021505
3.08980543479736,-0.1265,110.7815,0,0.021505
3.08979201825945,-0.1265,103.6515,0,0.021505
3.0897942469515,-0.1265,104.7715,0,0.021505
3.08979236966985,-0.1265,103.8265,0,0.021505
3.0898313247342,-0.1265,127.7465,0,0.021505
4.94575515343313,1.4695,100.7055,0,2.512845
3.83106469828153,116.355,0,115.7042,198.96705
3.97923694645138,441.275,0,166.59,754.58025
3.7892220310007,434.11,0,534.458,742.3281
3.68100800992251,420.425,0,866.782,718.92675
3.62213162445247,436.48,0,1188.116,746.3808
3.61051869322861,439.845,0,1266.087,752.13495
3.59430195471113,432.74,0,1348.044,739.9854
3.6297193341156,439.275,0,1153.154,751.16025
3.70478877136306,429.635,0,792.471,734.67585
3.84664080058143,460.23,0,421.065,786.9933
5.42366663116611,525.6912,67.8488,0,2144.820096
6.24557183105178,195.0385,337.0215,0,795.75708
7.33818898790959,0.2946,663.1104,0,1.201968
7.34079376394243,-0.1265,650.4715,0,-0.51612
7.34075900725522,-0.1265,680.2465,0,-0.51612
3.08996878961618,-0.1265,689.2865,0,0.021505
3.08993305284327,-0.1265,321.4765,0,0.021505
3.0897927798147,-0.1265,104.0315,0,0.021505
3.08993273875708,-0.1265,319.9765,0,0.021505
3.08993132102828,-0.1265,313.3765,0,0.021505
3.08993218730242,-0.1265,317.3765,0,0.021505
3.08993001348961,-0.1265,307.5265,0,0.021505
3.08993727092804,-0.1265,343.0765,0,0.021505
4.8983194773308,14.6177,319.4823,0,24.996267
4.09323431864502,326.85,0,17.0758999999999,558.9135
4.40761081758504,1061.257,1104.343,0,1814.74947
4.21430493803323,1698.266,446.334,0,2904.03486
4.14375453750297,2020.189,140.611,0,3454.52319
4.08595579883651,2164.55,0,152.23,3701.3805
4.07094216246204,2220.85,0,241.314,3797.6535
4.07179906021961,2228.65,0,237.201,3810.9915
4.14226054105405,1971.915,129.885,0,3371.97465
4.18565608747388,1786.274,321.826,0,3054.52854
4.30871138963471,1371.18,803.32,0,2344.7178
6.42372774647515,764.07,1874.13,0,3117.4056
7.04641976647116,232.295,2763.705,0,947.7636
7.33908809459644,0.6629,2964.5871,0,2.704632
7.34017027911529,-0.1265,3031.2765,0,-0.51612
7.34017518613867,-0.1265,2946.3765,0,-0.51612
3.08999288837829,-0.1265,3024.1765,0,0.021505
3.08995847842394,-0.1265,518.1765,0,0.021505
3.08992890286256,-0.1265,302.7265,0,0.021505
3.08993082395251,-0.1265,311.1265,0,0.021505
3.08993462005603,-0.1265,329.1765,0,0.021505
3.08993608709155,-0.1265,336.7265,0,0.021505
3.08993297981915,-0.1265,321.1265,0,0.021505
3.0899358391997,-0.1265,335.4265,0,0.021505
4.96843450811462,0.3187,347.4813,0,0.544977
4.21666127354256,255.2179,68.8821,0,436.422609
4.53395932699099,737.254,1416.746,0,1260.70434
4.32540895655021,1306.505,852.945,0,2234.12355
4.21899322635586,1687.976,467.474,0,2886.43896
4.14892892384522,2006.243,165.807,0,3430.67553
4.09867009345021,2133.1,0,83.0680000000002,3647.601
4.07239326154171,2143.95,0,224.883,3666.1545
4.10534827574266,2055.8,0,46.9439999999995,3515.418
4.20122722122769,1752.681,393.169,0,2997.08451
4.29650025602449,1368.377,737.523,0,2339.92467
6.37725311115605,850.589,1903.511,0,3470.40312
6.88149457389785,306.768,2116.232,0,1251.61344
7.34017506135474,-0.1265,2948.4765,0,-0.51612
7.34017574987482,-0.1265,2936.9265,0,-0.51612
7.34017236902374,-0.1265,2994.5265,0,-0.51612
3.0899928208345,-0.1265,2995.7265,0,0.021505
3.08995629717918,-0.1265,492.3265,0,0.021505
3.08993369274814,-0.1265,324.5765,0,0.021505
3.089931604985,-0.1265,314.6765,0,0.021505
3.08993698602441,-0.1265,341.5265,0,0.021505
3.08993315688782,-0.1265,321.9765,0,0.021505
3.08993280180987,-0.1265,320.2765,0,0.021505
3.08993557973001,-0.1265,334.0765,0,0.021505
4.93738593941633,6.5252,329.0748,0,11.158092
4.17991346031654,309.4081,50.8418999999999,0,529.087851
4.50642254620923,809.0701,1366.2799,0,1383.509871
4.32011295758629,1315.268,830.232,0,2249.10828
4.1971328437141,1749.096,371.754,0,2990.95416
4.13831623678284,2106.868,118.132,0,3602.74428
4.10344572005603,2094,0,57.3710000000005,3580.74
4.10747377116171,2151.5,0,38.2139999999999,3679.065
4.11380323910238,2050.75,0,5.7489999999998,3506.7825
4.18362289081332,1746.189,304.761,0,2985.98319
4.32742436633138,1291.202,853.698,0,2207.95542
6.34742121129077,814.932,1719.918,0,3324.92256
6.88792859614254,296.3506,2081.8994,0,1209.110448
7.33718710354544,2.0361,2949.2139,0,8.307288
7.34017326885157,-0.1265,2978.9765,0,-0.51612
7.34017610368048,-0.1265,2931.0265,0,-0.51612
3.0899926926405,-0.1265,2943.1765,0,0.021505
3.08995915661884,-0.1265,526.7765,0,0.021505
3.08993899697467,-0.1265,352.7765,0,0.021505
3.0897750134699,-0.1265,95.8365,0,0.021505
3.08979537269194,-0.1265,105.3465,0,0.021505
3.08980543479736,-0.1265,110.7815,0,0.021505
3.08978921522982,-0.1265,102.2765,0,0.021505
3.08980348796301,-0.1265,109.6865,0,0.021505
4.78410723990097,13.5025,97.2025,0,23.089275
3.7004260879545,111.76,0,210.3998,191.1096
3.7934106600587,429.89,0,518.355,735.1119
3.67912726224942,446.585,0,928.855,763.66035
3.71380549862154,422.49,0,747.019,722.4579
3.67777714036263,427.58,0,894.964,731.1618
3.58013133345957,431.075,0,1440.462,737.13825
3.59924569440294,429.565,0,1306.133,734.55615
3.54225033436703,419.475,0,1702.419,717.30225
3.59109567548946,419.845,0,1328.671,717.93495
3.65608235501024,437.255,0,1013.244,747.70605
4.82446557700324,604.345,0,367.393,2465.7276
5.6685607697188,368.5748,162.5452,0,1503.785184
7.30043477592012,6.7449,682.0501,0,27.519192
7.34072993309795,-0.1265,707.3315,0,-0.51612
7.34073998510338,-0.1265,697.7265,0,-0.51612
3.08996819885439,-0.1265,676.4865,0,0.021505
3.08993079612613,-0.1265,311.0015,0,0.021505
3.08980925729643,-0.1265,112.9965,0,0.021505
3.08993448062067,-0.1265,328.4765,0,0.021505
3.08993578172056,-0.1265,335.1265,0,0.021505
3.08993259117275,-0.1265,319.2765,0,0.021505
3.08993435061139,-0.1265,327.8265,0,0.021505
3.08993265450241,-0.1265,319.5765,0,0.021505
4.88889671491669,16.7644,319.9356,0,28.667124
4.1396444178527,309.0549,18.3450999999999,0,528.483879
4.45814527456185,927.464,1243.536,0,1585.96344
4.16173643661427,1830.777,211.723,0,3130.62867
4.11181537552765,2094.75,0,15.663,3582.0225
4.20176147855382,1782.569,402.631,0,3048.19299
4.15524379013438,1999.204,197.496,0,3418.63884
4.14349478799984,2040.362,140.688,0,3489.01902
4.12997291945039,2010.286,71.6639999999995,0,3437.58906
4.15803405510537,1937.478,205.372,0,3313.08738
4.2839097945347,1485.945,731.655,0,2540.96595
6.4629973107504,906.246,2403.554,0,3697.48368
6.94314527611495,324.017,2683.133,0,1321.98936
7.32985803311004,7.3943,2959.8557,0,30.168744
7.34017175525841,-0.1265,3005.2265,0,-0.51612
7.34017300168755,-0.1265,2983.5765,0,-0.51612
3.08999290924777,-0.1265,3033.0765,0,0.021505
3.08996116292698,-0.1265,553.9765,0,0.021505
3.08992840580144,-0.1265,300.6265,0,0.021505
3.08980765360655,-0.1265,112.0565,0,0.021505
3.08979764475622,-0.1265,106.5265,0,0.021505
3.08978546167391,-0.1265,100.4915,0,0.021505
3.08978360510573,-0.1265,99.6315,0,0.021505
3.08983210826889,-0.1265,128.3415,0,0.021505
4.70516302175527,20.3425,90.6625,0,34.785675
3.7605465481002,121.87,0,172.6003,208.3977
3.8921366898485,509.28,0,359.099,870.8688
3.66861774125012,438.07,0,957.113,749.0997
3.59320639927895,428.065,0,1340.68,731.99115
3.53904233652604,427.135,0,1763.257,730.40085
3.52524641083709,447.95,0,1991.96,765.9945
3.50248408756855,438,0,2212.78,748.98
3.48446800262511,430.04,0,2415.97,735.3684
3.50146073532624,407.22,0,2069.45,696.3462
3.57683145790696,439.355,0,1492.573,751.29705
4.68139501252304,599.365,0,521.699,2445.4092
5.75938408560507,424.13,246.535,0,1730.4504
7.20683487563371,24.2177,693.5623,0,98.808216
7.34072765364408,-0.1265,709.5465,0,-0.51612
7.34070322926552,-0.1265,734.1815,0,-0.51612
3.08996895273033,-0.1265,692.9065,0,0.021505
3.08993358216215,-0.1265,324.0365,0,0.021505
3.08976142269951,-0.1265,90.3915,0,0.021505
3.08977686932251,-0.1265,96.6315,0,0.021505
3.08976762279361,-0.1265,92.7965,0,0.021505
3.0898000065099,-0.1265,107.7815,0,0.021505
3.08980975508344,-0.1265,113.2915,0,0.021505
3.08982939106772,-0.1265,126.3015,0,0.021505
4.78809555789335,13.7015,101.3985,0,23.429565
3.8118700331919,114.86,0,126.1801,196.4106
3.88968385836457,429.595,0,307.439,734.60745
3.72215922079972,424.66,0,721.932,726.1686
3.67739239064581,416.18,0,872.673,711.6678
3.63925837036004,432.575,0,1085.244,739.70325
3.59837745939655,442.235,0,1350.377,756.22185
3.59875558680417,439.825,0,1340.537,752.10075
3.59933563677448,438.045,0,1331.332,749.05695
3.62849038215388,431.83,0,1140.271,738.4293
3.72111855961281,464.005,0,792.694,793.44855
5.12725220461315,572.99,0,106.0197,2337.7992
6.11304655393243,283.5816,375.8334,0,1157.012928
7.31849811001237,3.4469,647.1581,0,14.063352
7.34073668442053,-0.1265,700.8515,0,-0.51612
7.34072673663401,-0.1265,710.4415,0,-0.51612
3.0899688754417,-0.1265,691.1865,0,0.021505
3.08992836048617,-0.1265,300.4365,0,0.021505
3.08977685774616,-0.1265,96.6265,0,0.021505
3.08993410923375,-0.1265,326.6265,0,0.021505
3.08993474900136,-0.1265,329.8265,0,0.021505
3.0899354152808,-0.1265,333.2265,0,0.021505
3.08993253830698,-0.1265,319.0265,0,0.021505
3.08993525973625,-0.1265,332.4265,0,0.021505
4.83352846029508,29.1108,306.5392,0,49.779468
4.03608650587598,327.75,0,66.6521,560.4525
4.41527666718332,1042.294,1128.406,0,1782.32274
4.20228791013439,1753.181,398.669,0,2997.93951
4.08043732302535,2124.45,0,178.994000000001,3632.8095
4.01851963620005,2197.8,0,559.101,3758.238
3.98435248582964,2156.05,0,777.75,3686.8455
3.99976476675303,2232.45,0,695.510000000001,3817.4895
3.98981599319094,2000.75,0,686.37,3421.2825
4.08546595714238,2145.75,0,153.544,3669.2325
4.19887376754797,1796.785,390.865,0,3072.50235
6.32670698341901,1089.931,2208.719,0,4446.91848
6.8559133972855,407.492,2619.458,0,1662.56736
7.32004315245571,14.4779,2930.9221,0,59.069832
7.34016693601481,-0.1265,3091.9765,0,-0.51612
7.34017615777609,-0.1265,2930.1265,0,-0.51612
3.08999297698112,-0.1265,3062.3265,0,0.021505
3.08996039036807,-0.1265,543.1765,0,0.021505
3.08993432053594,-0.1265,327.6765,0,0.021505
3.08993707821115,-0.1265,342.0265,0,0.021505
3.08993374382074,-0.1265,324.8265,0,0.021505
3.08993315688782,-0.1265,321.9765,0,0.021505
3.0899314960492,-0.1265,314.1765,0,0.021505
3.08993796756891,-0.1265,346.9265,0,0.021505
4.83960524631431,27.6993,307.8507,0,47.365803
4.14246836283664,313.348,20.8020000000001,0,535.82508
4.50503533017981,790.903,1326.897,0,1352.44413
4.26218261185886,1536.15,638.85,0,2626.8165
4.27917672509938,1436.243,682.657,0,2455.97553
4.18220402371509,1831.135,312.415,0,3131.24085
4.10762418255183,2151.75,0,37.4480000000003,3679.4925
4.07035296747037,2226.35,0,245.325,3807.0585
4.07948631099201,2036.55,0,176.514,3482.5005
4.12960254063686,2027.25,70.4499999999998,0,3466.5975
4.3196551659883,1285.831,809.269,0,2198.77101
6.55523423032077,807.644,2583.656,0,3295.18752
6.93859913079609,325.2858,2655.7642,0,1327.166064
7.31460409083801,18.6924,2965.6576,0,76.264992
7.34017416342956,-0.1265,2963.6765,0,-0.51612
7.34017072691087,-0.1265,3023.3265,0,-0.51612
3.08999277306465,-0.1265,2975.9265,0,0.021505
3.0899612783109,-0.1265,555.6265,0,0.021505
3.08993475889917,-0.1265,329.8765,0,0.021505
3.08993485771234,-0.1265,330.3765,0,0.021505
3.08993413950298,-0.1265,326.7765,0,0.021505
3.08993102364377,-0.1265,312.0265,0,0.021505
3.08993191894857,-0.1265,316.1265,0,0.021505
3.0899364928896,-0.1265,338.8765,0,0.021505
4.79819011073922,35.2513,280.3487,0,60.279723
4.03745057977394,320.1,0,63.8589000000001,547.371
4.43642253634693,975.198,1174.902,0,1667.58858
4.30249963117527,1381.166,775.934,0,2361.79386
4.11287190011948,2142.7,0,10.6930000000002,3664.017
4.03558015864794,2184.7,0,447.429,3735.837
4.04042783370907,2243.05,0,428.66,3835.6155
4.08290293605668,2159.1,0,168.43,3692.061
4.17171726957431,1807.025,256.775,0,3090.01275
4.29381011628932,1412.705,747.145,0,2415.72555
4.38450974567543,1135.331,1045.219,0,1941.41601
6.62783469689285,712.38,2656.47,0,2906.5104
6.99374746417466,288.316,2820.684,0,1176.32928
7.32318590986805,12.4006,2984.2494,0,50.594448
7.34017472059245,-0.1265,2954.2265,0,-0.51612
7.34017135893392,-0.1265,3012.1765,0,-0.51612
3.08999293916436,-0.1265,3045.9265,0,0.021505
3.08996172285424,-0.1265,562.0765,0,0.021505
3.0899328228012,-0.1265,320.3765,0,0.021505
3.08993258060623,-0.1265,319.2265,0,0.021505
3.08992987656253,-0.1265,306.9265,0,0.021505
3.08993390672566,-0.1265,325.6265,0,0.021505
3.08993171357488,-0.1265,315.1765,0,0.021505
3.08993595384984,-0.1265,336.0265,0,0.021505
4.89825711087211,13.9303,304.1697,0,23.820813
4.199271625985,263.1945,57.5555,0,450.062595
4.58468195672667,618.853,1508.697,0,1058.23863
4.37802089739204,1096.041,973.959,0,1874.23011
4.24475726627472,1576.595,564.155,0,2695.97745
4.23974783220807,1610.695,550.305,0,2754.28845
4.21968786271701,1705.678,475.972,0,2916.70938
4.21236682028347,1757.915,451.835,0,3006.03465
4.25207458084409,1490.126,569.024,0,2548.11546
4.335309611971,1264.618,877.932,0,2162.49678
4.45247761636709,930.603,1213.697,0,1591.33113
6.75585665581736,554.207,2762.493,0,2261.16456
7.07549269638666,210.1435,2821.1565,0,857.38548
7.33277408620148,5.2778,2969.4722,0,21.533424
7.3401719526767,-0.1265,3001.7765,0,-0.51612
7.34017317002097,-0.1265,2980.6765,0,-0.51612
3.08999268468616,-0.1265,2939.9765,0,0.021505
3.08995916049706,-0.1265,526.8265,0,0.021505
3.08993024051694,-0.1265,308.5265,0,0.021505
3.08980419472177,-0.1265,110.0815,0,0.021505
3.08979709105663,-0.1265,106.2365,0,0.021505
3.08979994139181,-0.1265,107.7465,0,0.021505
3.0897733416949,-0.1265,95.1315,0,0.021505
3.08982343064285,-0.1265,122.0465,0,0.021505
4.58235128803764,34.3148,82.7402,0,58.678308
3.64548874266532,114.565,0,279.072,195.90615
3.88618098831929,420.965,0,307.658,719.85015
3.76631052953516,446.3,0,614.722,763.173
3.63238566550522,406.185,0,1052.837,694.57635
3.66330231924743,439.9,0,985.374,752.229
3.54798941890122,439.775,0,1731.71,752.01525
3.53306360472566,422,0,1798.681,721.62
3.50755117858373,423.62,0,2078.984,724.3902
3.52157310852667,424.52,0,1926.204,725.9292
3.63313954511199,458.93,0,1185.295,784.7703
4.87047164621328,693.82,0,370.097,2830.7856
5.70155730049466,464.37,227.62,0,1894.6296
7.14993657286114,33.1627,645.5623,0,135.303816
7.34074285011086,-0.1265,695.0365,0,-0.51612
7.34073168190295,-0.1265,705.6415,0,-0.51612
3.08996825073431,-0.1265,677.5915,0,0.021505
3.08993235900525,-0.1265,318.1815,0,0.021505
3.08979679386933,-0.1265,106.0815,0,0.021505
3.08978586755752,-0.1265,100.6815,0,0.021505
3.08977689247161,-0.1265,96.6415,0,0.021505
3.08980082153591,-0.1265,108.2215,0,0.021505
3.08979532400291,-0.1265,105.3215,0,0.021505
3.0898073261747,-0.1265,111.8665,0,0.021505
4.5316600353199,45.7812,87.0338,0,78.285852
3.61073687035577,122.28,0,351.61,209.0988
3.8110910330088,522.035,0,575.771,892.67985
3.67581896861267,524.845,0,1108.665,897.48495
3.63364876842755,507.835,0,1308.432,868.39785
3.56336850636324,442.18,0,1608.08,756.1278
3.52599266871103,459.57,0,2035.32,785.8647
3.50867845984405,436.925,0,2130.599,747.14175
3.53318812516366,420.36,0,1790.491,718.8156
3.60732894992411,423.525,0,1238.085,724.22775
3.69268890230747,484.835,0,946.413,829.06785
5.11222217123777,722.23,0,146.439,2946.6984
5.97544184770167,351.4962,347.9738,0,1434.104496
7.25573565861711,14.8686,690.1864,0,60.663888
7.34070873845736,-0.1265,728.4765,0,-0.51612
7.34074845720973,-0.1265,689.8315,0,-0.51612
3.08996840721999,-0.1265,680.9465,0,0.021505
3.08993556235739,-0.1265,333.9865,0,0.021505
3.08981675024605,-0.1265,117.6065,0,0.021505
3.08978710766383,-0.1265,101.2665,0,0.021505
3.08979834682845,-0.1265,106.8965,0,0.021505
3.08981363768323,-0.1265,115.6465,0,0.021505
3.08980161164592,-0.1265,108.6515,0,0.021505
3.08982675211575,-0.1265,124.3815,0,0.021505
4.38060989507153,66.1467,59.6183,0,113.110857
3.59692344533462,120.95,0,371.962,206.8245
3.68658998832658,417.795,0,839.155,714.42945
3.5619718564821,430.205,0,1575.746,735.65055
3.50769416351001,442.315,0,2168.969,756.35865
3.50090422734172,421.855,0,2150.725,721.37205
3.50109688933506,455.045,0,2317.355,778.12695
3.49705834931843,435.07,0,2268.2,743.9697
3.51852222522467,455.975,0,2104.105,779.71725
3.52980865281804,420.12,0,1822.407,718.4052
3.63054533153883,451.62,0,1180.905,772.2702
4.72487523040427,608.125,0,477.512,2481.15
5.68653119146279,442.649,206.956,0,1806.00792
7.2135086930263,21.714,656.961,0,88.59312
7.34074505379813,-0.1265,692.9815,0,-0.51612
7.34075520896207,-0.1265,683.6665,0,-0.51612
3.0899707231139,-0.1265,734.7915,0,0.021505
3.08993421304206,-0.1265,327.1415,0,0.021505
3.0897991378948,-0.1265,107.3165,0,0.021505
3.08993614402558,-0.1265,337.0265,0,0.021505
3.08993713339385,-0.1265,342.3265,0,0.021505
3.08993553144959,-0.1265,333.8265,0,0.021505
3.08993543467133,-0.1265,333.3265,0,0.021505
3.08993709661615,-0.1265,342.1265,0,0.021505
4.64410817012226,80.3011,260.7489,0,137.314881
4.01387087436487,321.2,0,86.1756999999999,549.252
4.39440548597925,1104.579,1072.371,0,1888.83009
4.19366054150483,1783.486,361.414,0,3049.76106
4.07512781982744,2212.95,0,216.494,3784.1445
4.01283810903199,2152.1,0,584.09,3680.091
3.95065716182122,2141.95,0,1019.36,3662.7345
3.93030834109509,2129.55,0,1173.52,3641.5305
3.92585147715033,2024.5,0,1150.2,3461.895
4.01952531035869,2120.95,0,533.22,3626.8245
4.14450941591154,2012.841,143.909,0,3441.95811
6.05053547996669,1213.181,1412.269,0,4949.77848
6.59721090989477,518.84,1812.21,0,2116.8672
7.2923617451537,34.8672,2916.4828,0,142.258176
7.34017575885226,-0.1265,2936.7765,0,-0.51612
7.34017363317116,-0.1265,2972.7265,0,-0.51612
3.0899927114629,-0.1265,2950.7765,0,0.021505
3.08996255594626,-0.1265,574.5765,0,0.021505
3.08993349795206,-0.1265,323.6265,0,0.021505
3.08993595384984,-0.1265,336.0265,0,0.021505
3.08993388640636,-0.1265,325.5265,0,0.021505
3.08993850856462,-0.1265,349.9765,0,0.021505
3.08993383555343,-0.1265,325.2765,0,0.021505
3.08993499554899,-0.1265,331.0765,0,0.021505
4.65503778162348,77.0677,264.2823,0,131.785767
3.96379466872021,313.3,0,134.6206,535.743
4.42910118103716,1008.534,1171.316,0,1724.59314
4.2485856492708,1550.122,574.078,0,2650.70862
4.14026170440156,2053.086,125.014,0,3510.77706
4.05734600702728,2149.85,0,310.9,3676.2435
4.00614295859982,2174.95,0,634.62,3719.1645
4.00472265244646,2196.1,0,650.39,3755.331
4.01711391899421,2105.95,0,544.549999999999,3601.1745
4.06404893882373,2060.8,0,261.178,3523.968
4.18779986370668,1864.702,347.098,0,3188.64042
6.002415918034,1258.465,1321.735,0,5134.5372
6.60253218372678,506.614,1789.586,0,2066.98512
7.26273125132203,43.9697,2233.7803,0,179.396376
7.34022278014618,-0.1265,2316.9765,0,-0.51612
7.34022059488215,-0.1265,2339.9265,0,-0.51612
3.0899907308971,-0.1265,2320.3265,0,0.021505
3.08995221360662,-0.1265,450.2765,0,0.021505
3.08993867514939,-0.1265,350.9265,0,0.021505
3.08993547341748,-0.1265,333.5265,0,0.021505
3.08993051101306,-0.1265,309.7265,0,0.021505
3.08993281230717,-0.1265,320.3265,0,0.021505
3.08993029704382,-0.1265,308.7765,0,0.021505
3.08993750790051,-0.1265,344.3765,0,0.021505
4.63908135666024,84.2485,266.8515,0,144.064935
3.97098639571204,339.4,0,137.4941,580.374
4.38342282416042,1140.706,1043.994,0,1950.60726
4.19412569264048,1837.47,374.78,0,3142.0737
4.13993250268843,2046.179,122.921,0,3498.96609
4.0618728633008,2129.5,0,282.175,3641.445
4.08688953961174,2185.25,0,148.577,3736.7775
4.06784421351514,2174.95,0,253.914,3719.1645
4.04197607279782,2049.3,0,382.742999999999,3504.303
4.09965234049371,2086.95,0,76.2930000000001,3568.6845
4.25899819532119,1569.687,635.813,0,2684.16477
6.16901075633762,1063.809,1578.941,0,4340.34072
6.6910245203923,451.187,1934.163,0,1840.84296
7.29965481826945,22.9348,2273.4652,0,93.573984
7.34022294855643,-0.1265,2315.2265,0,-0.51612
7.34021626436949,-0.1265,2386.7765,0,-0.51612
3.0899903710687,-0.1265,2233.6265,0,0.021505
3.0899537052485,-0.1265,464.7765,0,0.021505
3.08993092394246,-0.1265,311.5765,0,0.021505
3.08993593476995,-0.1265,335.9265,0,0.021505
3.08993550244659,-0.1265,333.6765,0,0.021505
3.08993592522574,-0.1265,335.8765,0,0.021505
3.08993483797366,-0.1265,330.2765,0,0.021505
3.089931604985,-0.1265,314.6765,0,0.021505
4.64413520775685,76.5731,248.6769,0,130.940001
4.06914261992775,354.95,0,40.2329,606.9645
4.40789283564118,1021.02,1064.03,0,1745.9442
4.34091008325834,1266.869,909.881,0,2166.34599
4.12965982178676,2050.604,71.5460000000003,0,3506.53284
4.11087464083705,2202.8,0,21.3599999999997,3766.788
4.05615590030355,2165.45,0,320.098,3702.9195
3.99334377537807,2089.1,0,693.132,3572.361
4.10440426044034,2098.75,0,52.6709999999998,3588.8625
4.13470445612397,2043.489,96.4109999999996,0,3494.36619
4.28578192890717,1452.705,725.195,0,2484.12555
6.24506942957222,964.892,1665.658,0,3936.75936
6.81250230316546,353.0483,2024.6017,0,1440.437064
7.32519102776911,8.5225,2330.9775,0,34.7718
7.34022331512541,-0.1265,2311.4265,0,-0.51612
7.34021294508223,-0.1265,2423.9765,0,-0.51612
3.08999059098296,-0.1265,2285.8265,0,0.021505
3.08995156787873,-0.1265,444.2765,0,0.021505
3.08992736600878,-0.1265,296.3265,0,0.021505
3.08993060071287,-0.1265,310.1265,0,0.021505
3.08993396760866,-0.1265,325.9265,0,0.021505
3.08993717012857,-0.1265,342.5265,0,0.021505
3.08993077941955,-0.1265,310.9265,0,0.021505
3.08993565682844,-0.1265,334.4765,0,0.021505
4.59639722285469,97.2029,250.4971,0,166.216959
3.98102886098259,344.5,0,128.02,589.095
4.38048692305396,1120.009,1008.791,0,1915.21539
4.21102766862421,1699.458,430.042,0,2906.07318
4.11218264502819,2107.2,0,13.9330000000004,3603.312
4.07614386700207,2202.6,0,209.729,3766.446
4.05600171556094,2156.6,0,319.686999999999,3687.786
4.06195349634744,2231.8,0,295.252,3816.378
4.06974825237832,2081.25,0,232.616,3558.9375
4.1253921293571,2116.126,52.0740000000001,0,3618.57546
4.26894348248235,1524.727,669.623,0,2607.28317
6.13753129195153,1079.264,1503.436,0,4403.39712
6.74304330750529,416.879,2015.471,0,1700.86632
7.28072499914932,34.3276,2294.1724,0,140.056608
7.34022486699008,-0.1265,2295.4765,0,-0.51612
7.34022779981317,-0.1265,2265.9265,0,-0.51612
3.08999052652979,-0.1265,2270.2765,0,0.021505
3.08995621264305,-0.1265,491.3765,0,0.021505
3.08993211237682,-0.1265,317.0265,0,0.021505
3.08980337117177,-0.1265,109.6215,0,0.021505
3.08976620806993,-0.1265,92.2365,0,0.021505
3.08978660064402,-0.1265,101.0265,0,0.021505
3.08980074771724,-0.1265,108.1815,0,0.021505
3.08982584717796,-0.1265,123.7365,0,0.021505
4.18537712280788,89.3724,16.0326,0,152.826804
3.62071154300567,128.55,0,352.308,219.8205
3.71178816431399,415.75,0,742.097,710.9325
3.59495909016131,444.125,0,1379.053,759.45375
3.52691734344232,438.275,0,1931.249,749.45025
3.48470574162903,421.305,0,2363.501,720.43155
3.4838331755763,449.44,0,2534.67,768.5424
3.48782330415755,438.38,0,2413.64,749.6298
3.49236848157305,425.43,0,2279.88,727.4853
3.53108360248032,436.255,0,1879.394,745.99605
3.60731392214456,453.75,0,1326.538,775.9125
4.6663106355757,585.15,0,527.342,2387.412
5.3877611103835,471.292,42.3729999999999,0,1922.87136
7.0678433921789,39.5065,513.2435,0,161.18652
7.34095917307283,-0.1265,538.3415,0,-0.51612
7.34099283726737,-0.1265,520.0965,0,-0.51612
3.08995795686595,-0.1265,511.7515,0,0.021505
3.08991165965243,-0.1265,243.6865,0,0.021505
3.08977623083446,-0.1265,96.3565,0,0.021505
3.08980871437022,-0.1265,112.6765,0,0.021505
3.08977217710965,-0.1265,94.6465,0,0.021505
3.08979315850474,-0.1265,104.2215,0,0.021505
3.08980301996364,-0.1265,109.4265,0,0.021505
3.08981050108606,-0.1265,113.7365,0,0.021505
4.1277616846233,102.494,3.10600000000002,0,175.26474
3.54160083160083,103.845,0,422.901,177.57495
3.71863900175435,412.63,0,713.199,705.5973
3.6526793934038,438.365,0,1032.217,749.60415
3.59926573706079,429.62,0,1306.1723,734.6502
3.59537674973615,425.365,0,1318.097,727.37415
3.56699500562395,420.895,0,1502.647,719.73045
3.61656909418271,436.035,0,1219.025,745.61985
3.56478936353803,441.43,0,1593.753,754.8453
3.60779156576838,431.205,0,1257.712,737.36055
3.67915740155736,448.105,0,931.885,766.25955
4.90405005268849,585.825,0,282.178,2390.166
5.54113541586501,492.1231,131.9369,0,2007.862248
6.93470598289839,71.5994,577.5756,0,292.125552
7.34072454317715,-0.1265,712.5915,0,-0.51612
7.34075001798317,-0.1265,688.3965,0,-0.51612
3.0899688140568,-0.1265,689.8265,0,0.021505
3.08992993824596,-0.1265,307.1965,0,0.021505
3.08978532246552,-0.1265,100.4265,0,0.021505
3.08993003625882,-0.1265,307.6265,0,0.021505
3.08993532787908,-0.1265,332.7765,0,0.021505
3.08993164846237,-0.1265,314.8765,0,0.021505
3.08993294847431,-0.1265,320.9765,0,0.021505
3.08993356985205,-0.1265,323.9765,0,0.021505
4.57412491716797,103.8998,241.0002,0,177.668658
3.953789224976,329.7,0,153.22,563.787
4.38125138623621,1072.952,970.448,0,1834.74792
4.20749880534917,1743.092,422.908,0,2980.68732
4.07007443899967,2151.85,0,238.677,3679.6635
4.03262227693526,2191.15,0,467.245,3746.8665
3.97669756179508,2170.55,0,837.71,3711.6405
3.97624400912648,2135.75,0,827.506,3652.1325
3.97295495981206,2038.5,0,812.278,3485.835
4.04782709880766,2111.9,0,360.136,3611.349
4.1649754412921,1954.795,242.705,0,3342.69945
5.99829898967971,1290.597,1343.403,0,5265.63576
6.73829953429056,518.07,2476.78,0,2113.7256
7.25877934038856,60.6934,2927.4566,0,247.629072
7.34016587905825,-0.1265,3111.6765,0,-0.51612
7.34017041405114,-0.1265,3028.8765,0,-0.51612
3.08999275602386,-0.1265,2968.9265,0,0.021505
3.08996250044684,-0.1265,573.7265,0,0.021505
3.08993232601208,-0.1265,318.0265,0,0.021505
3.08993755326702,-0.1265,344.6265,0,0.021505
3.08993206948781,-0.1265,316.8265,0,0.021505
3.08993449060006,-0.1265,328.5265,0,0.021505
3.08993187581473,-0.1265,315.9265,0,0.021505
3.08993847337876,-0.1265,349.7765,0,0.021505
4.57158626645608,100.0905,229.4095,0,171.154755
3.91123887638524,337.75,0,211.352,577.5525
4.31216348641464,1327.129,795.521,0,2269.39059
4.13901129526424,2011.033,116.217,0,3438.86643
4.03569905297329,2129.2,0,435.343,3640.932
4.03380705568311,2224.15,0,466.745,3803.2965
4.0147394736233,2173.7,0,577.514,3717.027
4.03063992011322,2160.85,0,473.086,3695.0535
4.0486063944707,2084.2,0,350.942,3563.982
4.09708063865963,2089.95,0,89.4789999999994,3573.8145
4.23494010377467,1607.769,524.681,0,2749.28499
6.24572819321024,981.874,1697.176,0,4006.04592
6.73158813519486,416.6591,1960.7909,0,1699.969128
7.2822606943827,43.5414,2989.6586,0,177.648912
7.3401708540734,-0.1265,3021.0765,0,-0.51612
7.34017478271957,-0.1265,2953.1765,0,-0.51612
3.08999274979616,-0.1265,2966.3765,0,0.021505
3.08995799587283,-0.1265,512.2265,0,0.021505
3.08993770702168,-0.1265,345.4765,0,0.021505
3.08993021788051,-0.1265,308.4265,0,0.021505
3.08993293801951,-0.1265,320.9265,0,0.021505
3.08993141958743,-0.1265,313.8265,0,0.021505
3.08993243232629,-0.1265,318.5265,0,0.021505
3.08993385590399,-0.1265,325.3765,0,0.021505
4.54846954596643,102.5961,211.0039,0,175.439331
3.96658612019928,355.65,0,149.404,608.1615
4.35294929431289,1264.194,975.006,0,2161.77174
4.13913502810207,2004.78,116.47,0,3428.1738
4.04512386541299,2130.3,0,379.194,3642.813
4.06178319717978,2127.55,0,282.424,3638.1105
4.05193326813031,2183.85,0,347.828,3734.3835
4.07333245798831,2195.2,0,224.922999999999,3753.792
4.07409134836407,2048.35,0,205.862,3502.6785
4.15293071615275,1989.622,184.728,0,3402.25362
4.27636090999059,1525.157,709.593,0,2608.01847
6.42304724796076,935.101,2290.549,0,3815.21208
6.86755097600443,401.815,2666.385,0,1639.4052
7.23145612189628,80.1345,2851.8655,0,326.94876
7.34017020611422,-0.1265,3032.5765,0,-0.51612
7.34017385835556,-0.1265,2968.8765,0,-0.51612
3.08999266972501,-0.1265,2933.9765,0,0.021505
3.08995814303385,-0.1265,514.0265,0,0.021505
3.08993303199548,-0.1265,321.3765,0,0.021505
3.08993292756145,-0.1265,320.8765,0,0.021505
3.08992784126084,-0.1265,298.2765,0,0.021505
3.08993564720123,-0.1265,334.4265,0,0.021505
3.08993230470908,-0.1265,317.9265,0,0.021505
3.08993463992693,-0.1265,329.2765,0,0.021505
4.56585377378413,107.4388,239.7112,0,183.720348
3.90906154015928,330.2,0,209.536,564.642
4.33186000903538,1286.151,874.149,0,2199.31821
4.131973407287,2011.181,81.4689999999998,0,3439.11951
4.04012056993673,2139.05,0,410.631,3657.7755
3.99134076766009,2197.2,0,743.03,3757.212
3.97847656029104,2229,0,847.1,3811.59
3.97169078826202,2169.4,0,873.68,3709.674
3.9696301996816,2041.05,0,836.23,3490.1955
4.04836633037053,2095.35,0,354.203,3583.0485
4.16873536987134,1918.966,257.384,0,3281.43186
6.21189375136542,1241.573,2007.227,0,5065.61784
6.75298869982538,518.758,2568.092,0,2116.53264
7.2238574273914,87.6697,2904.4303,0,357.692376
7.34016863781637,-0.1265,3060.7765,0,-0.51612
7.3401680420828,-0.1265,3071.6265,0,-0.51612
3.0899927229315,-0.1265,2955.4265,0,0.021505
3.08996123992585,-0.1265,555.0765,0,0.021505
3.08993116714972,-0.1265,312.6765,0,0.021505
3.0899297735151,-0.1265,306.4765,0,0.021505
3.0899348083432,-0.1265,330.1265,0,0.021505
3.0899348478445,-0.1265,330.3265,0,0.021505
3.08993694907403,-0.1265,341.3265,0,0.021505
3.08993433056415,-0.1265,327.7265,0,0.021505
4.52561882734287,115.4475,213.3525,0,197.415225
3.99922158607199,332.6,0,104.185,568.746
4.41261088213926,1035.967,1106.283,0,1771.50357
4.17658401391394,1837.544,285.256,0,3142.20024
4.06297570398575,2106.85,0,273.003,3602.7135
4.21311704648585,1710.401,443.449000000001,0,2924.78571
4.19769816373848,1821.3,390.05,0,3114.423
4.24984101737619,1615.707,605.043,0,2762.85897
4.30117065529722,1304.421,726.179,0,2230.55991
4.39439443850615,1077.642,1046.158,0,1842.76782
4.41404136327932,1046.769,1126.081,0,1789.97499
6.49217396117292,687.051,1932.199,0,2803.16808
6.74822048426288,396.474,1940.526,0,1617.61392
7.21444624996928,96.1724,2932.8776,0,392.383392
7.34017588463287,-0.1265,2934.6765,0,-0.51612
7.34017180099618,-0.1265,3004.4265,0,-0.51612
3.08999283387264,-0.1265,3001.1765,0,0.021505
3.08995877689781,-0.1265,521.9265,0,0.021505
3.08993540558116,-0.1265,333.1765,0,0.021505
3.08978521525915,-0.1265,100.3765,0,0.021505
3.08979429615423,-0.1265,104.7965,0,0.021505
3.0897797149252,-0.1265,97.8765,0,0.021505
3.08978798917517,-0.1265,101.6865,0,0.021505
3.08981524676005,-0.1265,116.6515,0,0.021505
4.0741585169521,105.46,0,10.5806,180.3366
3.64257595153597,113.6,0,280.558,194.256
3.88499659262411,439.79,0,323.692,752.0409
3.72234621558503,419.915,0,713.237,718.05465
3.62731776210502,425.485,0,1129.82,727.57935
3.56528955792787,433.16,0,1559.913,740.7036
3.57459359051383,435.135,0,1494.943,744.08085
3.60554164197815,456.645,0,1346.533,780.86295
3.60056396257917,428.35,0,1294.081,732.4785
3.58849069575018,407.685,0,1306.886,697.14135
3.68705108514083,467.8,0,937.567,799.938
4.96531721186232,605.085,0,237.506,2468.7468
5.65988914704451,383.363,164.237,0,1564.12104
6.93451521597447,57.2289,461.3811,0,233.493912
7.34092440203214,-0.1265,558.5815,0,-0.51612
7.34096420835135,-0.1265,535.5315,0,-0.51612
3.08995964673773,-0.1265,533.1715,0,0.021505
3.08991081703704,-0.1265,241.3865,0,0.021505
3.08976897087024,-0.1265,93.3365,0,0.021505
3.08977960204359,-0.1265,97.8265,0,0.021505
3.08978998715802,-0.1265,102.6515,0,0.021505
3.08978007537059,-0.1265,98.0365,0,0.021505
3.08981008270521,-0.1265,113.4865,0,0.021505
3.08983131150306,-0.1265,127.7365,0,0.021505
4.03689282703172,111.545,0,22.429,190.74195
3.54033519825287,110.355,0,452.4379,188.70705
3.72581960382241,422.98,0,706.778,723.2958
3.60942798791258,442.045,0,1279.151,755.89695
3.54988119345278,444.94,0,1734.807,760.8474
3.55195881726336,430.195,0,1659.258,735.63345
3.5113384445487,448.93,0,2156.469,767.6703
3.51696618913019,438.815,0,2042.496,750.37365
3.53204378386645,451.495,0,1934.996,772.05645
3.55187516752357,420.29,0,1621.76,718.6959
3.70987900535257,453.03,0,815.917,774.6813
5.01488304767204,593.695,0,192.916,2422.2756
6.068824384166,245.5052,296.9698,0,1001.661216
6.88540617894616,67.1689,468.5061,0,274.049112
7.34092213109262,-0.1265,559.9565,0,-0.51612
7.3409572162611,-0.1265,539.4415,0,-0.51612
3.08996053719331,-0.1265,545.1965,0,0.021505
3.08991371545157,-0.1265,249.4865,0,0.021505
3.08980590016562,-0.1265,111.0465,0,0.021505
3.08993413950298,-0.1265,326.7765,0,0.021505
3.08993580089171,-0.1265,335.2265,0,0.021505
3.08993545405022,-0.1265,333.4265,0,0.021505
3.08993560866356,-0.1265,334.2265,0,0.021505
3.08993906611489,-0.1265,353.1765,0,0.021505
4.48736760372903,127.6607,196.9893,0,218.299797
3.91606631682424,322.65,0,195.6691,551.7315
4.43067129289521,981.2227,1148.6273,0,1677.890817
4.25690343562952,1542.784,614.016,0,2638.16064
4.21461588667569,1644.67,433.78,0,2812.3857
4.10700690831494,2162.9,0,40.8220000000006,3698.559
4.08076732469231,2218.5,0,185.059,3793.635
4.04187261571362,2196.25,0,410.824,3755.5875
4.11739848038032,2067.269,11.6309999999994,0,3535.02999
4.19388819322873,1786.559,363.191,0,3055.01589
4.2953149308405,1405.818,751.432,0,2403.94878
6.17779784839726,1026.059,1549.941,0,4186.32072
6.57438533964159,554.521,1846.029,0,2262.44568
7.19089091676563,112.5196,2853.7804,0,459.079968
7.34017315549657,-0.1265,2980.9265,0,-0.51612
7.34016783989066,-0.1265,3075.3265,0,-0.51612
3.089992715043,-0.1265,2952.2265,0,0.021505
3.08996075182028,-0.1265,548.1765,0,0.021505
3.0899318542273,-0.1265,315.8265,0,0.021505
3.08979145352192,-0.1265,103.3715,0,0.021505
3.08980113465602,-0.1265,108.3915,0,0.021505
3.08979702402582,-0.1265,106.2015,0,0.021505
3.0898127451706,-0.1265,115.0965,0,0.021505
3.08982232191914,-0.1265,121.2865,0,0.021505
4.19294119554918,98.0755,19.6745,0,167.709105
3.57300031002579,116.31,0,402.811,198.8901
3.75641189561878,425.76,0,615.104,728.0496
3.55707101980398,440.815,0,1655.789,753.79365
3.53909984167509,424.11,0,1750.234,725.2281
3.54251112104288,427.325,0,1731.888,730.72575
3.54596035547382,431.015,0,1715.375,737.03565
3.68842839775647,453.395,0,902.86,775.30545
3.72199127785854,437.68,0,744.655,748.4328
3.79598707758145,421.39,0,501.6123,720.5769
3.76510346336002,444.315,0,615.574,759.77865
4.67523616471993,591.055,0,521.849,2411.5044
5.32532117469663,515.78,12.965,0,2104.3824
7.01335002773406,56.3782,591.4318,0,230.023056
7.34079410590387,-0.1265,650.1915,0,-0.51612
7.34079390435523,-0.1265,650.3565,0,-0.51612
3.08996652259161,-0.1265,642.6265,0,0.021505
3.08992095159503,-0.1265,272.3015,0,0.021505
3.08978150543315,-0.1265,98.6765,0,0.021505
3.08993370296895,-0.1265,324.6265,0,0.021505
3.08993582005142,-0.1265,335.3265,0,0.021505
3.08993610608084,-0.1265,336.8265,0,0.021505
3.08993358011079,-0.1265,324.0265,0,0.021505
3.08993305284327,-0.1265,321.4765,0,0.021505
4.55524135295294,107.0006,227.1494,0,182.971026
3.9486988001785,320.4,0,154.735,547.884
4.35623159806066,1175.4877,924.0123,0,2010.083967
4.19066801854626,1765.176,342.774,0,3018.45096
4.10831229305522,2144.15,0,33.8069999999998,3666.4965
4.0577085853634,2148.65,0,308.632,3674.1915
4.0269469594423,2171.6,0,498.642,3713.436
3.97140560083223,2119.95,0,855.807,3625.1145
4.02721824941227,2091.1,0,478.509,3575.781
4.09553764031982,2168.7,0,101.032,3708.477
4.14401661917308,1978.492,139.008,0,3383.22132
5.97512892970856,1352.616,1338.134,0,5518.67328
6.46945743210285,647.823,1740.527,0,2643.11784
7.18363535004454,114.6422,2762.0578,0,467.740176
7.34016801199639,-0.1265,3072.1765,0,-0.51612
7.34016251277011,-0.1265,3176.1265,0,-0.51612
3.08999287872288,-0.1265,3020.0765,0,0.021505
3.08996019608587,-0.1265,540.5265,0,0.021505
3.08993620085827,-0.1265,337.3265,0,0.021505
3.0899348083432,-0.1265,330.1265,0,0.021505
3.08993515236405,-0.1265,331.8765,0,0.021505
3.08993246415544,-0.1265,318.6765,0,0.021505
3.08993360061876,-0.1265,324.1265,0,0.021505
3.0899317352515,-0.1265,315.2765,0,0.021505
4.51477160149204,119.687,210.213,0,204.66477
3.9944407137328,313.6,0,102.9556,536.256
4.37786395551394,1129.486,1002.814,0,1931.42106
4.26601841909293,1476.06,633.29,0,2524.0626
4.15811763760153,1960.873,208.277,0,3353.09283
4.13335341365462,2083.25,91.4000000000001,0,3562.3575
4.08192079866384,2156.65,0,173.594,3687.8715
4.09052099193262,2209.35,0,130.237999999999,3777.9885
4.14024921574661,2007.287,122.163,0,3432.46077
4.16722227062821,1885.8,245.35,0,3224.718
4.16288041525215,1928.136,228.764,0,3297.11256
5.94630477204638,1342.797,1245.403,0,5478.61176
6.58540875144539,531.825,1811.875,0,2169.846
7.15693107986988,109.1997,2215.3003,0,445.534776
7.34021781594485,-0.1265,2369.7765,0,-0.51612
7.34022505819738,-0.1265,2293.5265,0,-0.51612
3.0899906372728,-0.1265,2297.1265,0,0.021505
3.08995518143651,-0.1265,480.0765,0,0.021505
3.08993505444343,-0.1265,331.3765,0,0.021505
3.08993147422038,-0.1265,314.0765,0,0.021505
3.08993079055816,-0.1265,310.9765,0,0.021505
3.08993405872315,-0.1265,326.3765,0,0.021505
3.08993394732679,-0.1265,325.8265,0,0.021505
3.08993507405121,-0.1265,331.4765,0,0.021505
4.47654011055437,129.9219,190.3781,0,222.166449
3.90697857714571,334.2,0,214.909,571.482
4.34669216541139,1260.448,937.052,0,2155.36608
4.1770765890861,1823.658,285.542,0,3118.45518
4.07339142011396,2214.5,0,226.563,3786.795
4.13921198763522,2024.026,117.974,0,3461.08446
4.09532706095698,2181.95,0,102.775,3731.1345
4.10503821875328,2204.85,0,51.9839999999999,3770.2935
4.08092355235203,2102.8,0,174.574,3595.788
4.16319251442984,1897.916,226.733999999999,0,3245.43636
4.25551178029017,1562.92,614.729999999999,0,2672.5932
6.08828681848299,1143.201,1439.899,0,4664.26008
6.5888912833855,521.777,1790.723,0,2128.85016
7.13823662336996,122.2394,2227.4106,0,498.736752
7.34021044017641,-0.1265,2452.8265,0,-0.51612
7.34022324268082,-0.1265,2312.1765,0,-0.51612
3.08999092873818,-0.1265,2370.9265,0,0.021505
3.08995218704526,-0.1265,450.0265,0,0.021505
3.08993220867937,-0.1265,317.4765,0,0.021505
3.08978851042696,-0.1265,101.9365,0,0.021505
3.08978533318027,-0.1265,100.4315,0,0.021505
3.0898059789694,-0.1265,111.0915,0,0.021505
3.08978480689659,-0.1265,100.1865,0,0.021505
3.08979936277505,-0.1265,107.4365,0,0.021505
3.99342674670386,114.45,0,37.9426,195.7095
3.56750500118308,125.4,0,446.535,214.434
3.71849887777941,429.47,0,742.795,734.3937
3.59653046726064,440.185,0,1356.326,752.71635
3.50747560528625,414.195,0,2033.603,708.27345
3.48171564976166,426.82,0,2438.244,729.8622
3.46663829737568,424.495,0,2663.846,725.88645
3.46419005381079,420.29,0,2679.16,718.6959
3.49526225328371,415.92,0,2191.268,711.2232
3.52657797831617,417.675,0,1843.882,714.22425
3.59608266541954,438.74,0,1354.844,750.2454
4.60892199270152,576.845,0,591.057,2353.5276
5.28149704781846,525.56,0,9.62099999999987,2144.2848
6.638480861976,112.9528,431.0222,0,460.847424
7.34095661304268,-0.1265,539.7815,0,-0.51612
7.34093045979446,-0.1265,554.9465,0,-0.51612
3.08996062966899,-0.1265,546.4765,0,0.021505
3.08991280937872,-0.1265,246.8965,0,0.021505
3.08979515828678,-0.1265,105.2365,0,0.021505
3.08979747324208,-0.1265,106.4365,0,0.021505
3.08978883231784,-0.1265,102.0915,0,0.021505
3.08978724456734,-0.1265,101.3315,0,0.021505
3.08979664975627,-0.1265,106.0065,0,0.021505
3.08982306018258,-0.1265,121.7915,0,0.021505
4.1285904828762,117.756,3.804,0,201.36276
3.52940607423202,122.21,0,531.283,208.9791
3.64273770254653,422.39,0,1042.379,722.2869
3.53419038007805,424.545,0,1798.603,725.97195
3.48737736864595,429.12,0,2368.973,733.7952
3.46152763189056,422.99,0,2743.17,723.3129
3.530233232305,634.815,0,2747.395,1085.53365
3.52766189835452,624.69,0,2741.55,1068.2199
3.53111622267769,604.15,0,2602.23,1033.0965
3.55864226665252,600.925,0,2238.995,1027.58175
3.53473965132673,430.75,0,1819.52,736.5825
4.38208122965966,570.16,0,932.839,2326.2528
5.08606584802037,540.955,0,126.752,2207.0964
6.58713714441055,119.9417,410.1183,0,489.362136
7.34096171100037,-0.1265,536.9215,0,-0.51612
7.34095910177588,-0.1265,538.3815,0,-0.51612
3.08995967511323,-0.1265,533.5465,0,0.021505
3.08991571409814,-0.1265,255.3965,0,0.021505
3.08979631269624,-0.1265,105.8315,0,0.021505
3.08981025864997,-0.1265,113.5915,0,0.021505
3.08979267992885,-0.1265,103.9815,0,0.021505
3.08980393587003,-0.1265,109.9365,0,0.021505
3.08979622584298,-0.1265,105.7865,0,0.021505
3.08982767531963,-0.1265,125.0465,0,0.021505
4.1033572394468,118.205,0,3.26370000000001,202.13055
3.53317504088625,120.44,0,513.041,205.9524
3.65635831229576,433.46,0,1003.147,741.2166
3.5687327815581,441.535,0,1562.491,755.02485
3.56294669999924,538.655,0,1963.159,921.10005
3.54821139874463,564.4,0,2219.867,965.124
3.5495472877135,647.625,0,2529.475,1107.43875
3.53399967190832,615.36,0,2609.67,1052.2656
3.54953888715583,618.77,0,2416.88,1058.0967
3.55400182946302,583.045,0,2225.069,997.00695
3.56609432539493,468.83,0,1681.465,801.6993
4.39853462027456,586.03,0,928.01,2391.0024
5.00010618393154,530.43,0,182.831,2164.1544
6.51822964205001,138.14,409.57,0,563.6112
7.34094826453736,-0.1265,544.5315,0,-0.51612
7.34099812701307,-0.1265,517.3415,0,-0.51612
3.08995958644939,-0.1265,532.3765,0,0.021505
3.0899183788882,-0.1265,263.7265,0,0.021505
3.08977155998874,-0.1265,94.3915,0,0.021505
3.08978074803611,-0.1265,98.3365,0,0.021505
3.08978653709669,-0.1265,100.9965,0,0.021505
3.08978326706879,-0.1265,99.4765,0,0.021505
3.08979966183327,-0.1265,107.5965,0,0.021505
3.08981265544893,-0.1265,115.0415,0,0.021505
4.11919722783713,121.4715,1.19849999999998,0,207.716265
3.50653535664402,109.62,0,541.098,187.4502
3.63930838044386,413.52,0,1037.193,707.1192
3.55101912385561,446.81,0,1731.792,764.0451
3.49244043901905,424.455,0,2273.688,725.81805
3.47897375737892,445.355,0,2587.1362,761.55705
3.46172735825273,430.82,0,2790.3297,736.7022
3.4733318131113,455.455,0,2739.8725,778.82805
3.47320921896437,432.85,0,2605.883,740.1735
3.48470278754575,412.735,0,2315.465,705.77685
3.55168972112773,445.91,0,1722.28,762.5061
4.42114280439217,579.585,0,877.364,2364.7068
5.0742076594178,531.425,0,132.28,2168.214
6.53117985426283,132.2797,402.7103,0,539.701176
7.34096447862523,-0.1265,535.3815,0,-0.51612
7.34077159688652,-0.1265,669.1515,0,-0.51612
3.08996763359514,-0.1265,664.6765,0,0.021505
3.08991534581069,-0.1265,254.2865,0,0.021505
3.0897906312218,-0.1265,102.9665,0,0.021505
3.08979833737346,-0.1265,106.8915,0,0.021505
3.0898100575436,-0.1265,113.4715,0,0.021505
3.08979190757038,-0.1265,103.5965,0,0.021505
3.08980710149932,-0.1265,111.7365,0,0.021505
3.08983586913798,-0.1265,131.2765,0,0.021505
4.10522922530217,123.725,0,2.8605,211.56975
3.52951274356852,118.805,0,516.182,203.15655
3.65439345002412,417.885,0,976.084,714.58335
3.5524046737331,435.895,0,1677.35,745.38045
3.5030481323141,430.57,0,2168.197,736.2747
3.47513876533641,428.53,0,2549.05,732.7863
3.48273232208418,454.36,0,2579.573,776.9556
3.4696311593046,429.235,0,2642.879,733.99185
3.47668109525754,417.445,0,2459.495,713.83095
3.50129791749082,423.05,0,2151.918,723.4155
3.56698012084949,456.045,0,1628.26,779.83695
4.54270214141572,625.82,0,738.959,2553.3456
5.17760824335338,522.01,0,66.6348000000002,2129.8008
6.60222802360463,119.414,421.551,0,487.20912
7.34095953863615,-0.1265,538.1365,0,-0.51612
7.34098359437309,-0.1265,524.9815,0,-0.51612
3.08996637050926,-0.1265,639.7215,0,0.021505
3.08992426043422,-0.1265,284.1865,0,0.021505
3.08980501140191,-0.1265,110.5415,0,0.021505
3.08980232285582,-0.1265,109.0415,0,0.021505
3.08979027389712,-0.1265,102.7915,0,0.021505
3.08979535321911,-0.1265,105.3365,0,0.021505
3.08977697345564,-0.1265,96.6765,0,0.021505
3.08981023353497,-0.1265,113.5765,0,0.021505
4.05678258488499,117.415,0,17.158,200.77965
3.54354792540548,117.13,0,472.119,200.2923
3.68922369415895,422.95,0,839.106,723.2445
3.58254417584796,439.235,0,1450.178,751.09185
3.52579272688548,443.715,0,1967.248,758.75265
3.4873322558914,420.34,0,2321.13,718.7814
3.4852183281816,436.105,0,2438.975,745.73955
3.4968097182521,450.46,0,2351.846,770.2866
3.49400120569163,429.02,0,2277.09,733.6242
3.52451989516657,438.365,0,1957.099,749.60415
3.59303283306869,444.86,0,1394.471,760.7106
4.58876402323596,576.51,0,617.167,2352.1608
5.14884150068191,520.38,0,83.2889999999999,2123.1504
6.46900758793059,137.772,369.823,0,562.10976
7.34099564314492,-0.1265,518.6315,0,-0.51612
7.3409491277319,-0.1265,544.0365,0,-0.51612
3.08995997420332,-0.1265,537.5315,0,0.021505
3.08991950019372,-0.1265,267.3965,0,0.021505
3.08977538945203,-0.1265,95.9965,0,0.021505
3.08980547879533,-0.1265,110.8065,0,0.021505
3.08979180684167,-0.1265,103.5465,0,0.021505
3.08979026366992,-0.1265,102.7865,0,0.021505
3.08978591019279,-0.1265,100.7015,0,0.021505
3.08980067384383,-0.1265,108.1415,0,0.021505
4.07183699723313,120.9,0,12.8558,206.739
3.57835908010044,111.96,0,377.45,191.4516
3.80248050463326,449.815,0,518.271,769.18365
3.64545553471493,442.255,0,1077.47,756.25605
3.56904263000372,410.495,0,1450.368,701.94645
3.55326886143114,431.31,0,1652.274,737.5401
3.53593227859418,438.59,0,1840.838,749.9889
3.54809352528657,454.34,0,1788.088,776.9214
3.53328310683689,429.225,0,1827.317,733.97475
3.54685956735252,426.97,0,1691.273,730.1187
3.60434660076676,452.085,0,1340.851,773.06535
4.67102548903379,624.855,0,557.067,2549.4084
5.14942429096226,527.06,0,84.0070000000001,2150.4048
6.44815977406371,152.5983,392.9117,0,622.601064
7.34099457830339,-0.1265,519.1865,0,-0.51612
7.34078493339123,-0.1265,657.7865,0,-0.51612
3.08996707864919,-0.1265,653.4765,0,0.021505
3.08992526459738,-0.1265,288.0015,0,0.021505
3.08979050884773,-0.1265,102.9065,0,0.021505
3.08980889285825,-0.1265,112.7815,0,0.021505
3.08981298129813,-0.1265,115.2415,0,0.021505
3.08977977132265,-0.1265,97.9015,0,0.021505
3.08980648528505,-0.1265,111.3815,0,0.021505
3.08980748141285,-0.1265,111.9565,0,0.021505
3.98885644285477,117.57,0,40.6958,201.0447
3.57957583143689,122.525,0,410.562,209.51775
3.76464056189123,420.715,0,584.184,719.42265
3.67914183421625,437.475,0,909.845,748.08225
3.5890513516409,409.53,0,1309.168,700.2963
3.58229297444726,425.54,0,1406.721,727.6734
3.56128853777729,433.945,0,1595.018,742.04595
3.62381111315684,451.82,0,1220.023,772.6122
3.61420284679256,436.16,0,1233.348,745.8336
3.60788415705302,419.46,0,1222.906,717.2766
3.77977891403792,459.825,0,593.11,786.30075
5.19388701469273,608.965,0,66.8282,2484.5772
5.73805939666537,345.5241,188.9709,0,1409.738328
6.70954392798723,94.3817,422.0283,0,385.077336
7.34078644040937,-0.1265,656.5265,0,-0.51612
7.34079132989941,-0.1265,652.4715,0,-0.51612
3.08996703398619,-0.1265,652.5915,0,0.021505
3.08991996754787,-0.1265,268.9565,0,0.021505
3.08977311451888,-0.1265,95.0365,0,0.021505
3.08979226938811,-0.1265,103.7765,0,0.021505
3.08978649471077,-0.1265,100.9765,0,0.021505
3.08978675934694,-0.1265,101.1015,0,0.021505
3.08978260979444,-0.1265,99.1765,0,0.021505
3.08982745409541,-0.1265,124.8865,0,0.021505
4.05524461458795,110.195,0,16.5603,188.43345
3.49941944366736,108.605,0,558.477,185.71455
3.6320587657809,426.635,0,1107.565,729.54585
3.53127035715547,444.565,0,1913.263,760.20615
3.47570270986065,425.325,0,2521.147,727.30575
3.50402477094849,424.03,0,2123.324,725.0913
3.49782865384051,435.795,0,2261.798,745.20945
3.49643548925392,431.69,0,2258.782,738.1899
3.50357951638086,423.41,0,2125.643,724.0311
3.53109060068663,428.43,0,1845.614,732.6153
3.61168793127779,454.7,0,1301.472,777.537
4.60453821536208,586.74,0,606.982,2393.8992
5.2311701444461,527.36,0,36.8290000000001,2151.6288
6.52744074790056,137.5855,415.6695,0,561.34884
7.34098472974404,-0.1265,524.3765,0,-0.51612
7.34095786468111,-0.1265,539.0765,0,-0.51612
3.08995896333033,-0.1265,524.2965,0,0.021505
3.08992309439131,-0.1265,279.8815,0,0.021505
3.08979806279256,-0.1265,106.7465,0,0.021505
3.08993127713323,-0.1265,313.1765,0,0.021505
3.08993138676583,-0.1265,313.6765,0,0.021505
3.08993350823301,-0.1265,323.6765,0,0.021505
3.0899293466744,-0.1265,304.6265,0,0.021505
3.08993714258155,-0.1265,342.3765,0,0.021505
4.55860024179821,105.3685,227.2315,0,180.180135
3.96527173052942,307,0,130.3514,524.97
4.43451216852668,968.1082,1155.2918,0,1655.465022
4.24549214373545,1579.153,568.847,0,2700.35163
4.17828188019397,1843.2403,294.6597,0,3151.940913
4.10266975028017,2181.5,0,63.8410000000003,3730.365
4.06375056593905,2153.15,0,274.582,3681.8865
4.04569417277386,2199.6,0,388.052,3761.316
4.0605333709571,2080.45,0,283.099,3557.5695
4.09848741212807,2145.45,0,84.5020000000004,3668.7195
4.17718077653152,1875.119,294.131,0,3206.45349
6.03552346949993,1204.122,1357.878,0,4912.81776
6.62171176588865,515.0987,1895.6513,0,2101.602696
7.12649874055416,129.6828,2218.8672,0,529.105824
7.34017734111002,-0.1265,2910.5765,0,-0.51612
7.34017040279831,-0.1265,3029.0765,0,-0.51612
3.08999264364686,-0.1265,2923.5765,0,0.021505
3.08995460432087,-0.1265,473.9765,0,0.021505
3.08993658652379,-0.1265,339.3765,0,0.021505
3.08993580089171,-0.1265,335.2265,0,0.021505
3.08993433056415,-0.1265,327.7265,0,0.021505
3.08993370296895,-0.1265,324.6265,0,0.021505
3.08992554276228,-0.1265,289.0765,0,0.021505
3.08994131107857,-0.1265,366.6765,0,0.021505
4.51602137173283,129.9564,229.5936,0,222.225444
3.85749578314053,315.7,0,272.116,539.847
4.3423020654805,1246.52,902.78,0,2131.5492
4.15818630901305,1920.924,204.376000000001,0,3284.78004
4.0568128842057,2121.45,0,309.837,3627.6795
4.01413668523258,2197.25,0,587.75,3757.2975
3.97751597500918,2182.05,0,836.21,3731.3055
3.96188027650508,2151.85,0,938.88,3679.6635
3.99576180025347,2087.95,0,676.75,3570.3945
4.07922743842265,2140.9,0,186.97,3660.939
4.19015754571568,1815.761,349.989,0,3104.95131
6.03034061741029,1255.322,1400.078,0,5121.71376
6.50978575309782,605.3555,1764.2445,0,2469.85044
7.08028825067607,153.871,2109.529,0,627.79368
7.34022824811435,-0.1265,2261.4765,0,-0.51612
7.34021836888865,-0.1265,2363.7765,0,-0.51612
3.08999060865153,-0.1265,2290.1265,0,0.021505
3.08995534893958,-0.1265,481.8765,0,0.021505
3.08993811929265,-0.1265,347.7765,0,0.021505
3.08993621978002,-0.1265,337.4265,0,0.021505
3.08992835809957,-0.1265,300.4265,0,0.021505
3.08993234730168,-0.1265,318.1265,0,0.021505
3.08993091284674,-0.1265,311.5265,0,0.021505
3.08993706900462,-0.1265,341.9765,0,0.021505
4.43579430088258,152.3843,183.0157,0,260.577153
3.89009262670033,330.1,0,235.654,564.471
4.35250565806948,1218.676,937.473999999999,0,2083.93596
4.16864845189217,1920.857,257.193,0,3284.66547
4.05707611035949,2125.1,0,308.864,3633.921
3.99968689217885,2181.7,0,680.23,3730.707
3.99008214712552,2229.15,0,762.82,3811.8465
3.98513826293825,2212.1,0,792.31,3782.691
3.97363696886145,2037.3,0,807.13,3483.783
4.03507541559588,2098.15,0,432.716,3587.8365
4.13503574733537,2084.749,100.051,0,3564.92079
5.92271608758515,1418.952,1246.898,0,5789.32416
6.41661844215539,684.4,1655.25,0,2792.352
7.07603374007554,158.7761,2136.5739,0,647.806488
7.34021712869057,-0.1265,2377.2765,0,-0.51612
7.34022318475899,-0.1265,2312.7765,0,-0.51612
3.08999081365082,-0.1265,2341.2265,0,0.021505
3.08995295067424,-0.1265,457.3265,0,0.021505
3.08993739875147,-0.1265,343.7765,0,0.021505
3.08993526947973,-0.1265,332.4765,0,0.021505
3.08993197278912,-0.1265,316.3765,0,0.021505
3.08993174608464,-0.1265,315.3265,0,0.021505
3.08993463992693,-0.1265,329.2765,0,0.021505
3.08993849977193,-0.1265,349.9265,0,0.021505
4.39345329170874,168.1897,162.4603,0,287.604387
3.84415076135225,331.4,0,307.316,566.694
4.33493423472823,1284.152,889.448,0,2195.89992
4.15923033196222,1886.698,205.852,0,3226.25358
4.10458651576768,2123.25,0,52.3580000000002,3630.7575
4.03364710385776,2120.35,0,445.931,3625.7985
4.00926822718525,2251.7,0,635.49,3850.407
3.99095487750814,2217.7,0,752.7,3792.267
3.95228223573231,2042.35,0,960.09,3492.4185
4.04067899272976,2126.25,0,404.84,3635.8875
4.16623019098275,1923.502,245.198,0,3289.18842
6.03678972848433,1231.221,1392.179,0,5023.38168
6.43739660585104,656.415,1654.335,0,2678.1732
7.07248458724459,161.7624,2143.5876,0,659.990592
7.34024112421854,-0.1265,2140.7265,0,-0.51612
7.3402304443036,-0.1265,2239.9265,0,-0.51612
3.08999074286715,-0.1265,2323.3265,0,0.021505
3.08995529789107,-0.1265,481.3265,0,0.021505
3.08993279130928,-0.1265,320.2265,0,0.021505
3.08993368252417,-0.1265,324.5265,0,0.021505
3.08993226206282,-0.1265,317.7265,0,0.021505
3.08993216591199,-0.1265,317.2765,0,0.021505
3.08993880602749,-0.1265,351.6765,0,0.021505
3.08993796756891,-0.1265,346.9265,0,0.021505
4.39216003398779,160.0319,153.5181,0,273.654549
3.89388154649575,349.45,0,243.799,597.5595
4.34151407148792,1262.418,909.982,0,2158.73478
4.14683628447464,1941.939,150.211,0,3320.71569
4.15986037079312,2436.873,269.877,0,4167.05283
4.09588716540709,2722.55,0,124.504,4655.5605
4.10257832962366,2946.05,0,86.8640000000005,5037.7455
4.11320439079867,3052.2,0,12.8470000000007,5219.262
4.11765242852741,2810.011,17.489,0,4805.11881
4.19063585104046,2452.566,476.034,0,4193.88786
4.17531531178768,1898.946,288.254,0,3247.19766
6.01147226310259,1285.713,1377.087,0,5245.70904
6.46169665404308,636.021,1682.479,0,2594.96568
7.08512268886529,158.7285,2223.4215,0,647.61228
7.34022684364855,-0.1265,2275.4765,0,-0.51612
7.34022266961506,-0.1265,2318.1265,0,-0.51612
3.08999069036939,-0.1265,2310.2265,0,0.021505
3.0899538195753,-0.1265,465.9265,0,0.021505
3.08993314649792,-0.1265,321.9265,0,0.021505
3.08980494065679,-0.1265,110.5015,0,0.021505
3.08979430599196,-0.1265,104.8015,0,0.021505
3.08976691757846,-0.1265,92.5165,0,0.021505
3.08980889285825,-0.1265,112.7815,0,0.021505
3.08981208247224,-0.1265,114.6915,0,0.021505
3.92679825213834,104.855,0,59.19,179.30205
3.53343657678876,117.725,0,500.771,201.30975
3.67889052746293,425.74,0,886.481,728.0154
3.5691215238131,423.345,0,1495.172,723.91995
3.57120685766077,536.535,0,1875.049,917.47485
3.53846232470174,555.71,0,2301.121,950.2641
3.55417241107408,621.785,0,2370.815,1063.25235
3.5685115702159,628.365,0,2226.135,1074.50415
3.57508450999987,618.615,0,2120.065,1057.83165
3.52402997096128,432.285,0,1935.14,739.20735
3.58615449927899,455.795,0,1478.104,779.40945
4.55832523247106,599.965,0,685.466,2447.8572
5.20269907841137,531.42,0,53.2327999999999,2168.1936
6.52738835074081,138.9259,419.6741,0,566.817672
7.34091774489956,-0.1265,562.6315,0,-0.51612
7.34098263931528,-0.1265,525.4915,0,-0.51612
3.08995930925064,-0.1265,528.7515,0,0.021505
3.08991261806516,-0.1265,246.3565,0,0.021505
3.08978490375431,-0.1265,100.2315,0,0.021505
3.08979964316826,-0.1265,107.5865,0,0.021505
3.08977729680469,-0.1265,96.8165,0,0.021505
3.08981232846228,-0.1265,114.8415,0,0.021505
3.08979870546224,-0.1265,107.0865,0,0.021505
3.08980356873724,-0.1265,109.7315,0,0.021505
3.99436874767964,118.915,0,39.0672,203.34465
3.51486921040768,116.05,0,546.517,198.4455
3.65987349259805,444.74,0,1012.385,760.5054
3.56233019329756,446.39,0,1632.032,763.3269
3.54002798021923,537.685,0,2208.021,919.44135
3.5390955513118,546.3,0,2254.544,934.173
3.57029015279443,626.795,0,2200.659,1071.81945
3.59708588617065,640.27,0,1967.48,1094.8617
3.59929679680988,607.45,0,1846.548,1038.7395
3.65120404894029,608.665,0,1443.218,1040.81715
3.64529686818252,453.925,0,1106.731,776.21175
4.68295978934378,601.98,0,522.075,2456.0784
5.2722421763371,528.11,0,14.5699999999999,2154.6888
6.48824769362484,142.5982,397.8668,0,581.800656
7.34093170275122,-0.1265,554.2065,0,-0.51612
7.34095477261439,-0.1265,540.8215,0,-0.51612
3.08996078402767,-0.1265,548.6265,0,0.021505
3.0899121630039,-0.1265,245.0815,0,0.021505
3.08980111626444,-0.1265,108.3815,0,0.021505
3.08993307367808,-0.1265,321.5765,0,0.021505
3.0899306678359,-0.1265,310.4265,0,0.021505
3.08993805690815,-0.1265,347.4265,0,0.021505
3.0899370229315,-0.1265,341.7265,0,0.021505
3.089933104906,-0.1265,321.7265,0,0.021505
4.46912650274499,135.6028,191.7472,0,231.880788
3.85431058317546,339.4,0,297.75,580.374
4.26792561824627,1461.126,636.524,0,2498.52546
4.13700249866373,2078.831,109.819,0,3554.80101
4.02084973962745,2098.4,0,519.327,3588.264
4.09130854561078,2773.8,0,158.101,4743.198
4.12859285979688,2860.43,92.4199999999996,0,4891.3353
4.13677104653668,2894.92,151.28,0,4950.3132
4.12716771699166,2756.17,79.5799999999999,0,4713.0507
4.0621846138823,2094.55,0,275.808,3581.6805
4.16076081498539,1920.724,217.226,0,3284.43804
6.02748209115456,1236.075,1370.225,0,5043.186
6.49104479536539,619.642,1738.658,0,2528.13936
7.07266851243181,163.8766,2173.3234,0,668.616528
7.34022967007954,-0.1265,2247.4765,0,-0.51612
7.34023058844239,-0.1265,2238.5265,0,-0.51612
3.08999066896027,-0.1265,2304.9265,0,0.021505
3.08995126052896,-0.1265,441.4765,0,0.021505
3.08993138676583,-0.1265,313.6765,0,0.021505
3.08993518168268,-0.1265,332.0265,0,0.021505
3.08993005901322,-0.1265,307.7265,0,0.021505
3.08993363135698,-0.1265,324.2765,0,0.021505
3.08993674506984,-0.1265,340.2265,0,0.021505
3.08993378462221,-0.1265,325.0265,0,0.021505
4.44624709278961,144.0462,182.2038,0,246.319002
3.84083360641274,323.4,0,305.304,553.014
4.34406194955673,1241.267,908.483,0,2122.56657
4.1614666084549,1902.837,218.713,0,3253.85127
4.15429418080549,2390.673,230.327000000001,0,4088.05083
4.13492503686996,2604.989,124.311,0,4454.53119
4.1266936512728,2952.129,81.8710000000001,0,5048.14059
4.15855068056005,2730.461,293.089,0,4669.08831
4.17274193906217,2479.798,359.202,0,4240.45458
4.06898183699176,2185.85,0,248.679999999999,3737.8035
4.15392172619184,1973.503,188.247,0,3374.69013
6.04693635331718,1247.763,1441.537,0,5090.87304
6.4396474643745,647.009,1637.941,0,2639.79672
7.06101752295239,158.5811,2002.0189,0,647.010888
7.34022961388236,-0.1265,2248.0265,0,-0.51612
7.34022346499332,-0.1265,2309.8765,0,-0.51612
3.08999066105852,-0.1265,2302.9765,0,0.021505
3.08995024564837,-0.1265,432.4765,0,0.021505
3.08993048855186,-0.1265,309.6265,0,0.021505
3.08992721851537,-0.1265,295.7265,0,0.021505
3.08993323989091,-0.1265,322.3765,0,0.021505
3.08993655846253,-0.1265,339.2265,0,0.021505
3.08993569530849,-0.1265,334.6765,0,0.021505
3.08993093503461,-0.1265,311.6265,0,0.021505
4.49909917590711,128.8128,210.1372,0,220.269888
3.83412786996355,342.8,0,335.406,586.188
4.25772387666451,1529.533,612.967,0,2615.50143
4.08855024605245,2137.1,0,136.445,3654.441
3.98070632576224,2120.2,0,790.14,3625.542
4.08023655524328,2162.9,0,183.337,3698.559
4.07077427956768,2208.35,0,240.92,3776.2785
4.06761419078766,2171.65,0,254.838,3713.5215
4.06933639099765,2018.05,0,227.721,3450.8655
4.17542136600292,1899.384,288.866,0,3247.94664
4.28463623390887,1475.393,730.357,0,2522.92203
6.23529721360978,1004.715,1701.285,0,4099.2372
6.66072166915337,480.827,1926.373,0,1961.77416
7.16650030248388,101.7548,2189.3452,0,415.159584
7.34021608780671,-0.1265,2388.7265,0,-0.51612
7.34022482291145,-0.1265,2295.9265,0,-0.51612
3.08999078530971,-0.1265,2334.0265,0,0.021505
3.08995361037678,-0.1265,463.8265,0,0.021505
3.08992904361483,-0.1265,303.3265,0,0.021505
3.08993620085827,-0.1265,337.3265,0,0.021505
3.08993655846253,-0.1265,339.2265,0,0.021505
3.08993797651443,-0.1265,346.9765,0,0.021505
3.08993020655679,-0.1265,308.3765,0,0.021505
3.08993223004284,-0.1265,317.5765,0,0.021505
4.41737450817458,161.1263,176.3237,0,275.525973
3.88555377169591,344.75,0,252.901,589.5225
4.35114736499742,1225.089,934.961,0,2094.90219
4.1897403563142,1786.832,342.318,0,3055.48272
4.07655834638198,2117.65,0,199.388,3621.1815
4.07196313551035,2794.6,0,296.247,4778.766
4.12409259953718,2911.313,62.587,0,4978.34523
4.17851919766425,2635.227,422.973,0,4506.23817
4.18014095694698,2440.591,402.559000000001,0,4173.41061
4.07644276937047,2109.5,0,199.246,3607.245
4.2218461664887,1693.066,483.584,0,2895.14286
6.06003855082638,1227.169,1457.381,0,5006.84952
6.52577418641581,595.69,1793.56,0,2430.4152
7.0647987772156,164.3917,2108.4083,0,670.718136
7.34022632141965,-0.1265,2280.7265,0,-0.51612
7.34023028493142,-0.1265,2241.4765,0,-0.51612
3.08999067240043,-0.1265,2305.7765,0,0.021505
3.08995255623812,-0.1265,453.5265,0,0.021505
3.0899349168567,-0.1265,330.6765,0,0.021505
3.08992746400606,-0.1265,296.7265,0,0.021505
3.08993453048724,-0.1265,328.7265,0,0.021505
3.08993349795206,-0.1265,323.6265,0,0.021505
3.08993582005142,-0.1265,335.3265,0,0.021505
3.08993309449994,-0.1265,321.6765,0,0.021505
4.46527177342051,145.5844,202.0656,0,248.949324
3.85914917334631,341.35,0,291.529,583.7085
4.29355329523377,1372.131,724.369,0,2346.34401
4.11203865362146,2084.1,0,14.4870000000001,3563.811
4.02518694827388,2146.8,0,503.956999999999,3671.028
3.98599426772837,2157.5,0,766.755,3689.325
3.98597645578985,2251.9,0,800.434,3850.749
3.9819595099711,2230.8,0,822.17,3814.668
3.96214722804622,2021.1,0,879.96,3456.081
4.04264444478438,2154.2,0,398.312,3683.682
4.14751595834123,2028.047,160.353,0,3467.96037
5.96627904464476,1374.493,1333.307,0,5607.93144
6.4284717861952,690.866,1710.584,0,2818.73328
7.04007717271566,179.4938,2082.7562,0,732.334704
7.34021975893026,-0.1265,2348.8265,0,-0.51612
7.340218036786,-0.1265,2367.3765,0,-0.51612
3.08999074565572,-0.1265,2324.0265,0,0.021505
3.08995608298182,-0.1265,489.9265,0,0.021505
3.0899307125125,-0.1265,310.6265,0,0.021505
3.08978738129489,-0.1265,101.3965,0,0.021505
3.08978673820019,-0.1265,101.0915,0,0.021505
3.08977474245432,-0.1265,95.7215,0,0.021505
3.08978943194113,-0.1265,102.3815,0,0.021505
3.08980703226299,-0.1265,111.6965,0,0.021505
4.08106856828615,120.405,0,9.95169999999999,205.89255
3.52392441481739,127.945,0,573.082,218.78595
3.62071168367244,427.055,0,1170.399,730.26405
3.52175954266801,436.95,0,1980.569,747.1845
3.46702227041455,413.665,0,2589.535,707.36715
3.49703373746041,446.165,0,2326.377,762.94215
3.49648704918643,446.045,0,2333.19,762.73695
3.49749401409733,446.35,0,2321.101,763.2585
3.5006046649348,425.775,0,2174.473,728.07525
3.51256726908877,416.27,0,1985.805,711.8217
3.59270962406047,455.21,0,1429.185,778.4091
4.57587024629765,617.555,0,679.687,2519.6244
5.09294801791903,531.51,0,120.08,2168.5608
6.4127900716484,157.1774,377.2726,0,641.283792
7.34096007410942,-0.1265,537.8365,0,-0.51612
7.34095028110549,-0.1265,543.3765,0,-0.51612
3.08996097368877,-0.1265,551.2915,0,0.021505
3.08992165142261,-0.1265,274.7315,0,0.021505
3.0897806138324,-0.1265,98.2765,0,0.021505
3.08980085842474,-0.1265,108.2415,0,0.021505
3.08980438173987,-0.1265,110.1865,0,0.021505
3.08979803434496,-0.1265,106.7315,0,0.021505
3.08979833737346,-0.1265,106.8915,0,0.021505
3.08981965474009,-0.1265,119.4965,0,0.021505
4.09647371689031,122.505,0,5.4265,209.48355
3.57292534563318,121.96,0,422.538,208.5516
3.71761030390472,407.13,0,707.105,696.1923
3.6120881903775,438.315,0,1252.151,749.51865
3.54932459792268,427.705,0,1672.462,731.37555
3.53603349993389,426.1,0,1787.447,728.631
3.53506686774567,447.985,0,1889.005,766.05435
3.52766307322771,431.79,0,1894.966,738.3609
3.53334400942177,422.93,0,1799.928,723.2103
3.57169958349049,431.555,0,1504.423,737.95905
3.64379268587676,453.715,0,1114.111,775.85265
4.6934883819794,595.06,0,503.542,2427.8448
5.22879038383216,526.055,0,38.054,2146.3044
6.49544270852687,136.4811,386.3689,0,556.842888
7.34101121977455,-0.1265,510.6465,0,-0.51612
7.3407852438901,-0.1265,657.5265,0,-0.51612
3.08996676934868,-0.1265,647.3965,0,0.021505
3.08991843925232,-0.1265,263.9215,0,0.021505
3.0897775732157,-0.1265,96.9365,0,0.021505
3.08978559001381,-0.1265,100.5515,0,0.021505
3.08979690901278,-0.1265,106.1415,0,0.021505
3.08980170311254,-0.1265,108.7015,0,0.021505
3.08979678426814,-0.1265,106.0765,0,0.021505
3.08982484005099,-0.1265,123.0265,0,0.021505
4.06040262559124,123.265,0,16.8164,210.78315
3.53184801171541,111.055,0,476.457,189.90405
3.69957499395296,433.605,0,819.566,741.46455
3.60030875726981,455.075,0,1376.533,778.17825
3.53759182661501,438.03,0,1822.259,749.0313
3.50528352919387,429.835,0,2136.935,735.01785
3.51152889948749,446.58,0,2142.88,763.6518
3.52374721023683,438.22,0,1964.751,749.3562
3.50999399939994,416.615,0,2016.485,712.41165
3.53124030714099,418.73,0,1802.37,716.0283
3.59885769281367,457.92,0,1394.992,783.0432
4.58732974576037,601.58,0,646.001,2454.4464
5.00961924750051,508.565,0,168.811,2074.9452
6.357870839364,172.7849,372.2201,0,704.962392
7.34095157761989,-0.1265,542.6365,0,-0.51612
7.34081183046441,-0.1265,636.0015,0,-0.51612
3.08996725485106,-0.1265,656.9915,0,0.021505
3.08991929779134,-0.1265,266.7265,0,0.021505
3.08980092294732,-0.1265,108.2765,0,0.021505
3.08979406962659,-0.1265,104.6815,0,0.021505
3.08978458055565,-0.1265,100.0815,0,0.021505
3.08980375695246,-0.1265,109.8365,0,0.021505
3.08976811141004,-0.1265,92.9915,0,0.021505
3.08983770240031,-0.1265,132.7565,0,0.021505
4.01785319424527,114.965,0,29.474,196.59015
3.54540277375607,115.855,0,462.439,198.11205
3.69937441600205,428.425,0,810.536,732.60675
3.5755076266492,432.67,0,1479.661,739.8657
3.5177166913837,422.555,0,1958.624,722.56905
3.49668518763505,423.735,0,2213.925,724.58685
3.48292725199967,421.97,0,2392.85,721.5687
3.48814476057271,434.98,0,2390.32,743.8158
3.49923918486721,437.225,0,2250.685,747.65475
3.51908748654472,424.38,0,1952.185,725.6898
3.59940725681507,472.73,0,1436.246,808.3683
4.58419571297771,621.04,0,671.416,2533.8432
5.08471839847865,523.505,0,123.527,2135.9004
6.36251138119927,172.5777,375.1773,0,704.117016
7.34100620249796,-0.1265,513.1915,0,-0.51612
7.34098984778875,-0.1265,521.6665,0,-0.51612
3.08995764885674,-0.1265,508.0315,0,0.021505
3.08991283941661,-0.1265,246.9815,0,0.021505
3.08979499230208,-0.1265,105.1515,0,0.021505
3.08993648351097,-0.1265,338.8265,0,0.021505
3.08992742728808,-0.1265,296.5765,0,0.021505
3.08993046607614,-0.1265,309.5265,0,0.021505
3.08993709661615,-0.1265,342.1265,0,0.021505
3.08993511323126,-0.1265,331.6765,0,0.021505
4.46802718730323,147.1811,207.0189,0,251.679681
3.94024594883606,348.2,0,178.904,595.422
4.36766991944697,1104.474,926.626,0,1888.65054
4.23057522305468,1685.994,527.056,0,2883.04974
4.07851627452423,2100.7,0,187.269,3592.197
4.02570978752641,2178.1,0,507.981000000001,3724.551
4.02814466329467,2198.7,0,497.221,3759.777
4.07789720684989,2218.55,0,201.283,3793.7205
4.10536598342389,2038.65,0,46.4659999999999,3486.0915
4.06068865022397,2169,0,294.25,3708.99
4.16604830179854,1873.569,237.931,0,3203.80299
5.9596625456727,1308.34,1250.51,0,5338.0272
6.58807328198422,530.178,1816.422,0,2163.12624
7.07538091876123,153.5331,2060.1669,0,626.415048
7.34022345048118,-0.1265,2310.0265,0,-0.51612
7.34022145146996,-0.1265,2330.8765,0,-0.51612
3.08999066166683,-0.1265,2303.1265,0,0.021505
3.08995486158848,-0.1265,476.6765,0,0.021505
3.08992981935132,-0.1265,306.6765,0,0.021505
3.08992759832134,-0.1265,297.2765,0,0.021505
3.08993372340114,-0.1265,324.7265,0,0.021505
3.08993096828971,-0.1265,311.7765,0,0.021505
3.08993125516465,-0.1265,313.0765,0,0.021505
3.08993315688782,-0.1265,321.9765,0,0.021505
4.39821668128274,169.292,167.708,0,289.48932
3.90108829692511,336,0,224.226,574.56
4.37735706695881,1136.031,1005.819,0,1942.61301
4.21496365459232,1674.426,443.374,0,2863.26846
4.11387293813715,2167.9,0,5.72300000000041,3707.109
4.07257220537147,2211.65,0,230.959,3781.9215
4.04219069369004,2177,0,405.287,3722.67
4.0507770997809,2218.25,0,360.31,3793.2075
4.04696985252761,2043.15,0,353.243,3493.7865
4.11324741205463,2195.45,0,9.01899999999978,3754.2195
4.20599586371363,1790.693,426.557,0,3062.08503
6.10094007410018,1155.499,1493.851,0,4714.43592
6.56273541644449,543.058,1764.492,0,2215.67664
7.07603413891097,157.2575,2116.1425,0,641.6106
7.34022693840473,-0.1265,2274.5265,0,-0.51612
7.34021791250778,-0.1265,2368.7265,0,-0.51612
3.08999052444269,-0.1265,2269.7765,0,0.021505
3.08994992706186,-0.1265,429.7265,0,0.021505
3.089931156132,-0.1265,312.6265,0,0.021505
3.08993046607614,-0.1265,309.5265,0,0.021505
3.08993462005603,-0.1265,329.1765,0,0.021505
3.08993477868578,-0.1265,329.9765,0,0.021505
3.0899340890388,-0.1265,326.5265,0,0.021505
3.08993428039245,-0.1265,327.4765,0,0.021505
4.48372124843904,124.2002,188.3498,0,212.382342
3.92593477729406,339.3,0,192.661,580.203
4.4315683998164,943.1769,1109.0731,0,1612.832499
4.27762889255231,1469.2057,690.194300000001,0,2512.341747
4.17757400298885,1874.6812,296.0688,0,3205.704852
4.22149843719567,2123.755,604.345,0,3631.62105
4.13498340650196,2898.66,138.74,0,4956.7086
4.09925628918984,2973.7,0,111.568,5085.027
4.10599880947091,2872.35,0,61.1219999999994,4911.7185
4.01728400825082,2130.65,0,549.856,3643.4115
4.13169812782859,2087.681,83.1689999999999,0,3569.93451
6.13924202597199,1110.222,1551.928,0,4529.70576
6.62731997850805,495.8444,1846.9556,0,2023.045152
7.02208480894212,198.439,2149.811,0,809.63112
7.3329712926639,3.9433,2281.1067,0,16.088664
7.34022364897701,-0.1265,2307.9765,0,-0.51612
3.08999032971816,-0.1265,2224.0765,0,0.021505
3.08995410048802,-0.1265,468.7765,0,0.021505
3.08993325025181,-0.1265,322.4265,0,0.021505
3.08980491411413,-0.1265,110.4865,0,0.021505
3.08979562550191,-0.1265,105.4765,0,0.021505
3.08978534389395,-0.1265,100.4365,0,0.021505
3.08978305936234,-0.1265,99.3815,0,0.021505
3.08982333635919,-0.1265,121.9815,0,0.021505
3.97808725346546,107.675,0,41.0593,184.12425
3.55959759444381,116.445,0,431.738,199.12095
3.71157164982251,420.475,0,751.294,719.01225
3.59758362233612,441.68,0,1353.931,755.2728
3.58280146209999,530.8,0,1750.246,907.668
3.60747229792058,557.97,0,1629.973,954.1287
3.62390545773079,628.25,0,1695.661,1074.3075
3.64918751803454,629.42,0,1506.686,1076.3082
3.62788901399959,606.635,0,1606.455,1037.34585
3.65505224285387,592.875,0,1380.534,1013.81625
3.61336199296553,450.98,0,1280.436,771.1758
4.59048174575203,600.48,0,640.447,2449.9584
5.11153871178484,511.95,0,104.219,2088.756
6.25454650611362,189.057,332.513,0,771.35256
7.3409493634214,-0.1265,543.9015,0,-0.51612
7.34098565122361,-0.1265,523.8865,0,-0.51612
3.08995936192266,-0.1265,529.4365,0,0.021505
3.08991536746577,-0.1265,254.3515,0,0.021505
3.08980002510729,-0.1265,107.7915,0,0.021505
3.08980047966525,-0.1265,108.0365,0,0.021505
3.08980607519828,-0.1265,111.1465,0,0.021505
3.0897931087562,-0.1265,104.1965,0,0.021505
3.08978108282816,-0.1265,98.4865,0,0.021505
3.08981956394971,-0.1265,119.4365,0,0.021505
3.97488129158452,108.575,0,42.562,185.66325
3.52075627990065,112.165,0,511.231,191.80215
3.66421636217617,430.615,0,960.447,736.35165
3.54940805244873,437.51,0,1710.057,748.1421
3.48877778529186,421.385,0,2306.873,720.56835
3.52662488137302,436.21,0,1925.215,745.9191
3.52928251889658,463.99,0,2018.453,793.4229
3.51904343503001,449.75,0,2069.394,769.0725
3.53207262868334,445.77,0,1910.163,762.2667
3.55565725376723,421.975,0,1596.637,721.57725
3.64590203324771,469.04,0,1140.319,802.0584
4.67911665936546,586.755,0,513.427,2393.9604
5.21022070842387,509.705,0,46.929,2079.5964
6.3659996573612,165.4029,362.0521,0,674.843832
7.34098177948006,-0.1265,525.9515,0,-0.51612
7.34097843859687,-0.1265,527.7465,0,-0.51612
3.08996578788489,-0.1265,628.8315,0,0.021505
3.08991838043711,-0.1265,263.7315,0,0.021505
3.08980094137467,-0.1265,108.2865,0,0.021505
3.08993767994355,-0.1265,345.3265,0,0.021505
3.08993853492762,-0.1265,350.1265,0,0.021505
3.08992957804132,-0.1265,305.6265,0,0.021505
3.08993406883147,-0.1265,326.4265,0,0.021505
3.08993369274814,-0.1265,324.5765,0,0.021505
4.42808283187793,149.411,172.639,0,255.49281
3.90692607571714,326.65,0,210.124,558.5715
4.36868008784373,1159.624,978.426,0,1982.95704
4.20091393129282,1737.141,388.109,0,2970.51111
4.08029821973148,2117.1,0,179.123000000001,3620.241
4.03554234939101,2171.9,0,445.041,3713.949
4.00917289437927,2197.7,0,620.888,3758.067
4.01767447947645,2193.85,0,563.613,3751.4835
4.0233331293838,2093.9,0,502.903,3580.569
4.101271421331,2186.95,0,71.377,3739.6845
4.19577530043424,1823.919,380.580999999999,0,3118.90149
6.05587557476606,1232.626,1451.124,0,5029.11408
6.48316175194101,629.052,1737.248,0,2566.53216
7.05784923967612,174.4382,2173.5618,0,711.707856
7.34021772405969,-0.1265,2370.7765,0,-0.51612
7.34017916643452,-0.1265,2880.9265,0,-0.51612
3.08999268381511,-0.1265,2939.6265,0,0.021505
3.08995842222946,-0.1265,517.4765,0,0.021505
3.08993471928991,-0.1265,329.6765,0,0.021505
3.08992975057452,-0.1265,306.3765,0,0.021505
3.08993974055232,-0.1265,357.1265,0,0.021505
3.08993218730242,-0.1265,317.3765,0,0.021505
3.0899306678359,-0.1265,310.4265,0,0.021505
3.08993284377942,-0.1265,320.4765,0,0.021505
4.43300162505566,142.6729,168.9771,0,243.970659
3.88760888450407,336.3,0,243.692,575.073
4.32922966051347,1279.108,855.292,0,2187.27468
4.15078731547294,2018.816,176.384,0,3452.17536
4.03385660034673,2083.05,0,436.840000000001,3562.0155
4.04942695986984,2210.6,0,367.243,3780.126
4.01792269725691,2203.1,0,564.361,3767.301
3.99419187533023,2120.9,0,697.97,3626.739
3.99919544753692,2027.55,0,635.284,3467.1105
4.08901679938164,2187.1,0,137.097,3739.941
4.19449031223313,1811.948,371.452,0,3098.43108
6.03012933688128,1252.594,1396.406,0,5110.58352
6.49092920943874,624.4,1751.6,0,2547.552
7.04073315871801,188.553,2193.497,0,769.29624
7.34022174165499,-0.1265,2327.8265,0,-0.51612
7.34022650516858,-0.1265,2278.8765,0,-0.51612
3.08999074704937,-0.1265,2324.3765,0,0.021505
3.08995376993745,-0.1265,465.4265,0,0.021505
3.08992848912706,-0.1265,300.9765,0,0.021505
3.08993672645852,-0.1265,340.1265,0,0.021505
3.08993233665855,-0.1265,318.0765,0,0.021505
3.0899388321361,-0.1265,351.8265,0,0.021505
3.08993394732679,-0.1265,325.8265,0,0.021505
3.0899358679007,-0.1265,335.5765,0,0.021505
4.4475418092774,146.6571,186.6929,0,250.783641
3.8563256089037,324.3,0,281.35,554.553
4.30005778480446,1360.197,751.453,0,2325.93687
4.12547357415666,2083.18,51.6700000000001,0,3562.2378
4.1152639188157,2662.156,1.64400000000069,0,4552.28676
4.08567269608525,2741.75,0,194.77,4688.3925
4.10169171185128,3018.4,0,95.4500000000007,5161.464
4.09650069348128,2997.95,0,132.6,5126.4945
4.09731197117575,2805,0,118.51,4796.55
4.16750725451312,2579.673,337.577000000001,0,4411.24083
4.12962886597938,2037.9,70.9500000000003,0,3484.809
5.92740701101126,1393.604,1237.946,0,5685.90432
6.409956365468,700.554,1672.146,0,2858.26032
7.00911687978446,199.115,2056.985,0,812.3892
7.34022774955227,-0.1265,2266.4265,0,-0.51612
7.34022001186338,-0.1265,2346.1265,0,-0.51612
3.08999096949722,-0.1265,2381.6265,0,0.021505
3.08995187676154,-0.1265,447.1265,0,0.021505
3.0899306678359,-0.1265,310.4265,0,0.021505
3.08993139770985,-0.1265,313.7265,0,0.021505
3.08993405872315,-0.1265,326.3765,0,0.021505
3.08993640838209,-0.1265,338.4265,0,0.021505
3.08993576253795,-0.1265,335.0265,0,0.021505
3.08993683796243,-0.1265,340.7265,0,0.021505
4.43195485228608,155.4285,183.1215,0,265.782735
3.88949485372606,339.35,0,243.132,580.2885
4.32845697592306,1257.529,836.821,0,2150.37459
4.28146801992372,1835.435,887.515,0,3138.59385
4.17188876400331,2342.856,333.994,0,4006.28376
4.11019007945857,2785.7,0,31.52,4763.547
4.12460786026201,2971.85,67.5500000000006,0,5081.8635
4.11743086436389,2996.96,17.0900000000001,0,5124.8016
4.12062679471132,2833.36,37.54,0,4845.0456
4.17984809240847,2522.59,414.06,0,4313.6289
4.28536362253072,2012.885,1001.765,0,3442.03335
5.91593349635832,1428.901,1236.049,0,5829.91608
6.39024207360809,738.008,1694.342,0,3011.07264
7.02235703971947,203.81,2210.24,0,831.5448
7.34021917566221,-0.1265,2355.0765,0,-0.51612
7.34022082139724,-0.1265,2337.5265,0,-0.51612
3.08999081502407,-0.1265,2341.5765,0,0.021505
3.08995466652332,-0.1265,474.6265,0,0.021505
3.08993496606169,-0.1265,330.9265,0,0.021505
3.08992955497284,-0.1265,305.5265,0,0.021505
3.08993341558982,-0.1265,323.2265,0,0.021505
3.08993159410701,-0.1265,314.6265,0,0.021505
3.08993377442655,-0.1265,324.9765,0,0.021505
3.08993621978002,-0.1265,337.4265,0,0.021505
4.37206956305044,169.5016,145.7484,0,289.847736
3.89591412034039,338.85,0,233.482,579.4335
4.44143494908537,1211.315,1496.185,0,2071.34865
4.31475668195552,1694.086,1032.914,0,2896.88706
4.19482789716815,2197.748,452.651999999999,0,3758.14908
4.14843314191961,2517.781,204.919000000001,0,4305.40551
4.1676370344676,2672.946,350.703999999999,0,4570.73766
4.18681687333726,2559.96,469.49,0,4377.5316
4.18519313984387,2446.008,437.542,0,4182.67368
4.23011867553902,2247.515,699.385,0,3843.25065
4.35474719035913,1673.846,1304.504,0,2862.27666
6.05726260841488,1226.855,1448.545,0,5005.5684
6.4917483711906,628.574,1766.226,0,2564.58192
7.0505262000381,175.4319,2121.7681,0,715.762152
7.34022345048118,-0.1265,2310.0265,0,-0.51612
7.34022431480914,-0.1265,2301.1265,0,-0.51612
3.08999008151331,-0.1265,2168.4265,0,0.021505
3.08995557033904,-0.1265,484.2765,0,0.021505
3.08993212309062,-0.1265,317.0765,0,0.021505
3.0898104259136,-0.1265,113.6915,0,0.021505
3.08980660710351,-0.1265,111.4515,0,0.021505
3.08980536435919,-0.1265,110.7415,0,0.021505
3.08978426720571,-0.1265,99.9365,0,0.021505
3.08982834930378,-0.1265,125.5365,0,0.021505
4.09908652425103,117.37,0,4.45190000000002,200.7027
3.56994944074116,115.51,0,406.252,197.5221
3.78543239039171,531.375,0,666.59,908.65125
3.6433363397639,561.72,0,1382.3,960.5412
3.57415721814893,538.455,0,1853.973,920.75805
3.5403483904442,549.805,0,2253.955,940.16655
3.5433427735502,610.235,0,2462.355,1043.50185
3.54519240902355,607.71,0,2428.38,1039.1841
3.56982153956185,638.39,0,2246.69,1091.6469
3.58847316665678,599.015,0,1920.385,1024.31565
3.66667858999168,627.77,0,1384.104,1073.4867
4.4701935839509,574.68,0,788.094,2344.6944
5.04803925538171,545.515,0,153.742,2225.7012
6.26480846367136,195.785,351.37,0,798.8028
7.3409585228808,-0.1265,538.7065,0,-0.51612
7.34090852841176,-0.1265,568.3365,0,-0.51612
3.08996057951143,-0.1265,545.7815,0,0.021505
3.08990817030235,-0.1265,234.4365,0,0.021505
3.08978349617683,-0.1265,99.5815,0,0.021505
3.08979831846082,-0.1265,106.8815,0,0.021505
3.08980381066201,-0.1265,109.8665,0,0.021505
3.08980137343733,-0.1265,108.5215,0,0.021505
3.08980188579299,-0.1265,108.8015,0,0.021505
3.08981214813262,-0.1265,114.7315,0,0.021505
4.07251882215843,116.125,0,12.1428,198.57375
3.55196315955434,123.455,0,476.154,211.10805
3.67905520675228,437.55,0,910.37,748.2105
3.56367288433148,445.085,0,1616.13,761.09535
3.49605166491326,414.765,0,2175.101,709.24815
3.51842598216037,529.275,0,2443.653,905.06025
3.54629409264768,636.225,0,2527.645,1087.94475
3.46645742373143,437.47,0,2748.44,748.0737
3.47315282890324,424.845,0,2558.592,726.48495
3.49113161827197,417.795,0,2255.417,714.42945
3.55756469494901,453.885,0,1700.548,776.14335
4.40768406341622,585.92,0,911.097,2390.5536
4.92043612817217,512.855,0,234.47,2092.4484
6.24026701899083,196.3401,335.7399,0,801.067608
7.3409942142862,-0.1265,519.3765,0,-0.51612
7.34098061363401,-0.1265,526.5765,0,-0.51612
3.08995981639428,-0.1265,535.4215,0,0.021505
3.08991544234017,-0.1265,254.5765,0,0.021505
3.08981798330068,-0.1265,118.4015,0,0.021505
3.08978328890949,-0.1265,99.4865,0,0.021505
3.08978139437958,-0.1265,98.6265,0,0.021505
3.08979026366992,-0.1265,102.7865,0,0.021505
3.08980400734574,-0.1265,109.9765,0,0.021505
3.08981371033061,-0.1265,115.6915,0,0.021505
4.03212195708279,109.505,0,23.5081,187.25355
3.58145038990029,115.205,0,382.439,197.00055
3.7434351503282,417.47,0,641.729,713.8737
3.60448319876307,434.655,0,1288.299,743.26005
3.53178160599548,428.18,0,1837.67,732.1878
3.49288867543882,423.95,0,2264.98,724.9545
3.48402002143525,430.875,0,2427.225,736.79625
3.49904506497515,444.355,0,2289.967,759.84705
3.49543770640037,427.715,0,2251.093,731.39265
3.49588921956888,418.83,0,2198.508,716.1993
3.56578203662125,461.615,0,1658.222,789.36165
4.40244358902871,597.575,0,938.965,2438.106
4.84422827777821,501.715,0,288.68,2046.9972
6.22646552576912,199.1998,331.4702,0,812.735184
7.34096565156503,-0.1265,534.7315,0,-0.51612
7.340952710579,-0.1265,541.9915,0,-0.51612
3.08995937458971,-0.1265,529.6015,0,0.021505
3.08991988107901,-0.1265,268.6665,0,0.021505
3.08981067625684,-0.1265,113.8415,0,0.021505
3.08980169396967,-0.1265,108.6965,0,0.021505
3.08980649399146,-0.1265,111.3865,0,0.021505
3.08978265373673,-0.1265,99.1965,0,0.021505
3.08978052427194,-0.1265,98.2365,0,0.021505
3.08979892191101,-0.1265,107.2015,0,0.021505
4.11066476743435,114.76,0,1.16970000000001,196.2396
3.59171782527368,113.87,0,359.258,194.7177
3.78604286154839,426.945,0,533.974,730.07595
3.61944288349942,432.715,0,1193.152,739.94265
3.56665773968699,407.735,0,1458.162,697.22685
3.55082819485124,419.245,0,1626.57,716.90895
3.56423648208824,457.54,0,1656.582,782.3934
3.53469609572825,439.325,0,1856.175,751.24575
3.5756918256964,423.21,0,1445.971,723.6891
3.56097483238621,403.075,0,1483.936,689.25825
3.71883978308019,472.975,0,816.729,808.78725
4.92096377175153,585.035,0,267.013,2386.9428
5.51242818378067,419.5192,97.5258000000001,0,1711.638336
6.66505063275136,104.682,423.428,0,427.10256
7.34100026454334,-0.1265,516.2365,0,-0.51612
7.34097704016197,-0.1265,528.5015,0,-0.51612
3.0899616070241,-0.1265,560.3815,0,0.021505
3.08991890368186,-0.1265,265.4315,0,0.021505
3.08979238971458,-0.1265,103.8365,0,0.021505
3.08976729590374,-0.1265,92.6665,0,0.021505
3.08978526887572,-0.1265,100.4015,0,0.021505
3.0898155241114,-0.1265,116.8265,0,0.021505
3.08977746964202,-0.1265,96.8915,0,0.021505
3.08981240213376,-0.1265,114.8865,0,0.021505
4.06593820553079,123.375,0,15.021,210.97125
3.53369867437971,111.505,0,473.645,190.67355
3.68063970103319,425.22,0,878.18,727.1262
3.5724642988452,437.355,0,1518.77,747.87705
3.57050451294698,552.235,0,1936.78,944.32185
3.48090519538182,430.325,0,2470.443,735.85575
3.48460792428582,458.295,0,2572.532,783.68445
3.4679406692141,423.54,0,2635.901,724.2534
3.47954124244954,428.985,0,2483.381,733.56435
3.50903951819925,435.085,0,2117.289,743.99535
3.5615083128707,451.085,0,1656.152,771.35535
4.46141648465828,583.24,0,814.198,2379.6192
5.01815642306104,522.665,0,167.573,2132.4732
6.33285341954124,183.3812,376.1238,0,748.195296
7.34094088307597,-0.1265,548.8015,0,-0.51612
7.34093789950272,-0.1265,550.5465,0,-0.51612
3.08995736928547,-0.1265,504.7015,0,0.021505
3.08991386923584,-0.1265,249.9315,0,0.021505
3.08978052427194,-0.1265,98.2365,0,0.021505
3.0897959357964,-0.1265,105.6365,0,0.021505
3.08980649399146,-0.1265,111.3865,0,0.021505
3.08977262274195,-0.1265,94.8315,0,0.021505
3.08976206940426,-0.1265,90.6365,0,0.021505
3.0898052145086,-0.1265,110.6565,0,0.021505
4.05430328771325,108.425,0,16.5706,185.40675
3.52829986152143,106.165,0,464.309,181.54215
3.6852553336551,442.085,0,893.504,755.96535
3.5572810631812,428.18,0,1606.588,732.1878
3.49753477774459,426.88,0,2219.326,729.9648
3.47926296370041,439.195,0,2546.828,751.02345
3.4622133534696,426.59,0,2754.242,729.4689
3.46744079529485,442.84,0,2764.79,757.2564
3.47378230569282,433.445,0,2600.146,741.19095
3.48481256649029,406.7,0,2280.097,695.457
3.54960686762413,452.14,0,1765.406,773.1594
4.36125099933565,575.3,0,980.816,2347.224
4.91104645054665,526.925,0,248.266,2149.854
6.29587008664044,193.1723,368.4877,0,788.142984
7.34096357830101,-0.1265,535.8815,0,-0.51612
7.34096957901688,-0.1265,532.5665,0,-0.51612
3.089966130578,-0.1265,635.1915,0,0.021505
3.08992304347748,-0.1265,279.6965,0,0.021505
3.08977628902979,-0.1265,96.3815,0,0.021505
3.08978018776799,-0.1265,98.0865,0,0.021505
3.08980616259628,-0.1265,111.1965,0,0.021505
3.0898087909059,-0.1265,112.7215,0,0.021505
3.08978447260682,-0.1265,100.0315,0,0.021505
3.08980193141052,-0.1265,108.8265,0,0.021505
4.09264033264033,111.695,0,5.99889999999998,190.99845
3.57326268186612,114.115,0,394.687,195.13665
3.71962811577319,401.465,0,690.68,686.50515
3.61766581392087,432.51,0,1202.81,739.5921
3.54638698640411,418.71,0,1662.673,715.9941
3.52255089711465,439.035,0,1981.375,750.74985
3.50681357884035,435.42,0,2145.883,744.5682
3.50738687747036,434.645,0,2135.085,743.24295
3.51754935998004,427.4,0,1982.924,730.854
3.5441017427121,424.66,0,1706.696,726.1686
3.61289634852971,445.2,0,1266.868,761.292
4.62242180739833,592.755,0,589.594,2418.4404
5.19587099624793,528.34,0,56.8380000000001,2155.6272
6.45597689643565,151.8423,397.1077,0,619.516584
7.34098925015597,-0.1265,521.9815,0,-0.51612
7.34099843595391,-0.1265,517.1815,0,-0.51612
3.08995891629182,-0.1265,523.6965,0,0.021505
3.08990948254998,-0.1265,237.8315,0,0.021505
3.08978788461633,-0.1265,101.6365,0,0.021505
3.08976978702222,-0.1265,93.6665,0,0.021505
3.08979482604817,-0.1265,105.0665,0,0.021505
3.08978591019279,-0.1265,100.7015,0,0.021505
3.08979829008521,-0.1265,106.8665,0,0.021505
3.08982599513709,-0.1265,123.8415,0,0.021505
4.07877104473136,117.515,0,10.3996,200.95065
3.5608477911773,111.75,0,411.68,191.0925
3.73426724778827,417.83,0,670.852,714.4893
3.60256423316465,414.55,0,1240.236,708.8805
3.55371473895908,440.355,0,1683.026,753.00705
3.52289462053791,435.175,0,1960.249,744.14925
3.50867222556139,432.36,0,2108.413,739.3356
3.51202083124301,450.945,0,2157.841,771.11595
3.51507421128229,439.29,0,2066.39,751.1859
3.53581720679675,430.175,0,1806.631,735.59925
3.60518964652604,450.03,0,1329.298,769.5513
4.59714482107738,600.75,0,631.555,2451.06
5.11170885793667,518.97,0,105.543,2117.3976
6.40830758561926,163.8559,389.8341,0,668.532072
7.34098387562586,-0.1265,524.8315,0,-0.51612
7.34094296308409,-0.1265,547.5915,0,-0.51612
3.08995921587518,-0.1265,527.5415,0,0.021505
3.08991692853846,-0.1265,259.1265,0,0.021505
3.08979220917256,-0.1265,103.7465,0,0.021505
3.08979066179298,-0.1265,102.9815,0,0.021505
3.0898014284593,-0.1265,108.5515,0,0.021505
3.0897977304044,-0.1265,106.5715,0,0.021505
3.08981567432512,-0.1265,116.9215,0,0.021505
3.08981100902112,-0.1265,114.0415,0,0.021505
4.14880668103823,116.1516,9.56340000000002,0,198.619236
3.60563930952162,122.125,0,359.9456,208.83375
3.74907248293645,412.55,0,617.3457,705.4605
3.63649359875367,433.585,0,1102.134,741.43035
3.52621100639233,421.495,0,1864.473,720.75645
3.5611425057383,562.005,0,2067.265,961.02855
3.56566478845604,628.605,0,2259.435,1074.91455
3.57602322328795,623.025,0,2125.135,1065.37275
3.58301360559932,613.315,0,2020.195,1048.76865
3.62732857975726,593.58,0,1576.093,1015.0218
3.62345237164961,465.11,0,1258.067,795.3381
4.67728931849232,603.355,0,530.189,2461.6884
5.1410474950684,519.555,0,87.807,2119.7844
6.38889081208237,167.4348,383.3802,0,683.133984
7.34097452198632,-0.1265,529.8665,0,-0.51612
7.34098472974404,-0.1265,524.3765,0,-0.51612
3.08996119796436,-0.1265,554.4765,0,0.021505
3.08991467234856,-0.1265,252.2815,0,0.021505
3.08978162746183,-0.1265,98.7315,0,0.021505
3.08993490700677,-0.1265,330.6265,0,0.021505
3.08993618192528,-0.1265,337.2265,0,0.021505
3.0899328752222,-0.1265,320.6265,0,0.021505
3.08993817266516,-0.1265,348.0765,0,0.021505
3.08993376422775,-0.1265,324.9265,0,0.021505
4.50277106294747,120.8139,200.5361,0,206.591769
3.94914699981488,322.2,0,155.084,550.962
4.41926610780964,1028.149,1136.051,0,1758.13479
4.3456940849808,1574.689,1163.761,0,2692.71819
4.23282137123655,2075.77,663.53,0,3549.5667
4.17473465259241,2371.578,356.272,0,4055.39838
4.18856555906954,2558.144,481.656,0,4374.42624
4.19038702490972,2542.953,491.797,0,4348.44963
4.20392876180788,2327.117,540.283,0,3979.37007
4.2698904592132,2043.987,904.413,0,3495.21777
4.3572467969945,1667.548,1318.502,0,2851.50708
6.08679642301575,1164.783,1462.567,0,4752.31464
6.44697293605662,660.529,1696.721,0,2694.95832
7.02533587905221,192.7595,2113.8405,0,786.45876
7.34021516444059,-0.1265,2398.9765,0,-0.51612
7.34022362475132,-0.1265,2308.2265,0,-0.51612
3.0899908134546,-0.1265,2341.1765,0,0.021505
3.08995314544304,-0.1265,459.2265,0,0.021505
3.089931156132,-0.1265,312.6265,0,0.021505
3.08993178938287,-0.1265,315.5265,0,0.021505
3.08993614402558,-0.1265,337.0265,0,0.021505
3.08993329166324,-0.1265,322.6265,0,0.021505
3.08992574842856,-0.1265,289.8765,0,0.021505
3.08993061190907,-0.1265,310.1765,0,0.021505
4.49327492510558,131.1958,208.2042,0,224.344818
3.92538044063764,335.9,0,191.449,574.389
4.50955406192808,1010.192,1731.258,0,1727.42832
4.3584880454226,1543.159,1228.891,0,2638.80189
4.27194752862508,1891.772,850.678,0,3234.93012
4.19617635084162,2267.43,475.719999999999,0,3877.3053
4.16449672836208,2688.85,330.45,0,4597.9335
4.18229360742398,2583.7,441.45,0,4418.127
4.16148249761253,2609.19,300.01,0,4461.7149
4.19984541057412,2421.92,533.63,0,4141.4832
4.245765441923,2129.984,769.166,0,3642.27264
5.91230512549991,1454.714,1247.786,0,5935.23312
6.34452952733089,751.477,1577.023,0,3066.02616
7.01391481187212,200.077,2103.223,0,816.31416
7.3402209253722,-0.1265,2336.4265,0,-0.51612
7.34022371198837,-0.1265,2307.3265,0,-0.51612
3.08999066612528,-0.1265,2304.2265,0,0.021505
3.0899560021155,-0.1265,489.0265,0,0.021505
3.08993436063042,-0.1265,327.8765,0,0.021505
3.08979984829236,-0.1265,107.6965,0,0.021505
3.08978973047759,-0.1265,102.5265,0,0.021505
3.08980293873736,-0.1265,109.3815,0,0.021505
3.089802222866,-0.1265,108.9865,0,0.021505
3.08982914708605,-0.1265,126.1215,0,0.021505
4.11088870518926,106.845,0,1.03249999999998,182.70495
3.59197037852323,121.705,0,383.5,208.11555
3.79966778116072,521.7,0,609.667,892.107
3.68159697460977,549.295,0,1129.354,939.29445
3.62252578482623,567.525,0,1541.912,970.46775
3.56935816810515,538.38,0,1899.175,920.6298
3.58914841544186,612.745,0,1957.858,1047.79395
3.59568549754675,625.11,0,1934.124,1068.9381
3.61245553077588,633.545,0,1806.665,1083.36195
3.61544139611414,583.26,0,1639.497,997.3746
3.70696559641431,642.07,0,1172.29,1097.9397
4.62094613689642,616.125,0,614.84,2513.79
5.05538031939287,518.145,0,141.194,2114.0316
6.33473673810236,171.3197,352.6853,0,698.984376
7.34098107031555,-0.1265,526.3315,0,-0.51612
7.34099796296601,-0.1265,517.4265,0,-0.51612
3.08996000807091,-0.1265,537.9865,0,0.021505
3.08991767743565,-0.1265,261.4815,0,0.021505
3.08981025864997,-0.1265,113.5915,0,0.021505
3.08977826125063,-0.1265,97.2365,0,0.021505
3.08977721605536,-0.1265,96.7815,0,0.021505
3.08979386236083,-0.1265,104.5765,0,0.021505
3.08977280290745,-0.1265,94.9065,0,0.021505
3.08981444971246,-0.1265,116.1515,0,0.021505
4.08442834477639,107.36,0,7.96229999999998,183.5856
3.56860512964194,106.925,0,378.628,182.84175
3.86503982175725,527.87,0,436.158,902.6577
3.70247229932499,562.78,0,1049.387,962.3538
3.62706295116909,552.29,0,1468.319,944.4159
3.61827557284463,561.545,0,1557.087,960.24195
3.64547991747461,614.065,0,1495.88,1050.05115
3.64274165184743,634.23,0,1565.131,1084.5333
3.63791017257726,610.955,0,1542.591,1044.73305
3.65480336766655,592.42,0,1381.091,1013.0382
3.75457332217184,626.05,0,912.484,1070.5455
4.62492531905607,595.54,0,589.093,2429.8032
5.11765289578814,578.515,0,113.574,2360.3412
6.20610660142973,204.257,326.448,0,833.36856
7.34095220085291,-0.1265,542.2815,0,-0.51612
7.34093783985383,-0.1265,550.5815,0,-0.51612
3.08995856283064,-0.1265,519.2315,0,0.021505
3.08990563574652,-0.1265,228.1465,0,0.021505
3.08976747203555,-0.1265,92.7365,0,0.021505
3.08977286289918,-0.1265,94.9315,0,0.021505
3.08980367633298,-0.1265,109.7915,0,0.021505
3.08978736027132,-0.1265,101.3865,0,0.021505
3.08979610025742,-0.1265,105.7215,0,0.021505
3.08980252253245,-0.1265,109.1515,0,0.021505
4.18933249336375,105.1508,20.0242,0,179.807868
3.57970969722822,119.655,0,400.677,204.61005
3.70654642709185,427.37,0,781.826,730.8027
3.57327569517998,433.8,0,1500.276,741.798
3.56765362439603,541.3,0,1926.053,925.623
3.5427173524785,549.875,0,2226.138,940.28625
3.55962021872746,649.205,0,2406.749,1110.14055
3.54519461147316,628.925,0,2513.125,1075.46175
3.56722890168838,604.12,0,2154.221,1033.0452
3.5064642444201,428.565,0,2116.308,732.84615
3.58247750033955,474.86,0,1568.318,812.0106
4.43881473129362,605.25,0,884.333,2469.42
5.03911716769649,544.46,0,159.675,2221.3968
6.33417762473699,169.4896,348.5354,0,691.517568
7.34098727269075,-0.1265,523.0265,0,-0.51612
7.34096509180732,-0.1265,535.0415,0,-0.51612
3.08995946609467,-0.1265,530.7965,0,0.021505
3.08990366805009,-0.1265,223.4915,0,0.021505
3.08980580376292,-0.1265,110.9915,0,0.021505
3.0897893700691,-0.1265,102.3515,0,0.021505
3.08978085974718,-0.1265,98.3865,0,0.021505
3.08981618636933,-0.1265,117.2465,0,0.021505
3.08981741924803,-0.1265,118.0365,0,0.021505
3.08981996425238,-0.1265,119.7015,0,0.021505
4.11086882932139,107.245,0,1.0414,183.38895
3.5811528673227,119.55,0,397.452,204.4305
3.70671159746143,424.55,0,776.066,725.9805
3.58287917587721,436.655,0,1439.258,746.68005
3.56479032554022,518.71,0,1872.758,886.9941
3.56799760424607,570.625,0,2026.855,975.76875
3.56522348220388,607.185,0,2187.355,1038.28635
3.57396252234339,635.305,0,2189.585,1086.37155
3.50441791659038,441.075,0,2203.705,754.23825
3.52356845238095,419.49,0,1882.62,717.3279
3.60990954824461,455.28,0,1314.383,778.5288
4.61995335214017,592.79,0,592.851,2418.5832
5.07475570608082,521.12,0,129.361,2126.1696
6.29075795768383,180.0783,340.0817,0,734.719464
7.34097332741175,-0.1265,530.5165,0,-0.51612
7.34093022501345,-0.1265,555.0865,0,-0.51612
3.08995849965794,-0.1265,518.4415,0,0.021505
3.08991602512413,-0.1265,256.3415,0,0.021505
3.08980343407661,-0.1265,109.6565,0,0.021505
3.0897797149252,-0.1265,97.8765,0,0.021505
3.0897896687809,-0.1265,102.4965,0,0.021505
3.0897833871382,-0.1265,99.5315,0,0.021505
3.08979937213414,-0.1265,107.4415,0,0.021505
3.08980842468164,-0.1265,112.5065,0,0.021505
4.13240737031324,112.9742,4.69580000000001,0,193.185882
3.55155014498157,117.07,0,452.499,200.1897
3.66997263803313,432.15,0,938.202,738.9765
3.55077446977579,439.97,0,1707.456,752.3487
3.48943745339092,423.53,0,2309.514,724.2363
3.59751782112344,560.7,0,1719.33,958.797
3.61547598025385,626.985,0,1762.111,1072.14435
3.60915811851455,618.065,0,1790.84,1056.89115
3.62568647323027,618.255,0,1654.535,1057.21605
3.55979297520208,431.89,0,1599.693,738.5319
3.62807845696157,451.27,0,1193.947,771.6717
4.71670835494325,615.44,0,492.866,2510.9952
5.23387526933056,543.15,0,36.391,2216.052
6.47707376937733,143.7328,392.1172,0,586.429824
7.34095058739457,-0.1265,543.2015,0,-0.51612
7.34097431962146,-0.1265,529.9765,0,-0.51612
3.08995852846937,-0.1265,518.8015,0,0.021505
3.08990824670352,-0.1265,234.6315,0,0.021505
3.08977300675016,-0.1265,94.9915,0,0.021505
3.08979409920196,-0.1265,104.6965,0,0.021505
3.08979841298856,-0.1265,106.9315,0,0.021505
3.08980411446165,-0.1265,110.0365,0,0.021505
3.08979346641248,-0.1265,104.3765,0,0.021505
3.08979860177845,-0.1265,107.0315,0,0.021505
4.35180811598683,59.8738,45.8712,0,102.384198
3.57569280459912,107.515,0,367.342,183.85065
3.8012337411774,430.635,0,499.299,736.38585
3.66115680951748,427.43,0,967.134,730.9053
3.53633169610055,421.39,0,1764.872,720.5769
3.56205120356737,548.23,0,2007.23,937.4733
3.6298824986227,634.09,0,1663.275,1084.2939
3.68148065887198,623.345,0,1282.299,1065.91995
3.66266869434788,627.655,0,1410.132,1073.29005
3.64890540760367,432.01,0,1035.509,738.7371
3.73451416972196,440.875,0,707.025,753.89625
5.1498700102973,595.26,0,94.5740999999999,2428.6608
5.41240174237875,484.1918,56.4682,0,1975.502544
6.49854844643594,138.0703,393.3297,0,563.326824
7.34093988929731,-0.1265,549.3815,0,-0.51612
7.34095891467179,-0.1265,538.4865,0,-0.51612
3.08995998127932,-0.1265,537.6265,0,0.021505
3.08991543070174,-0.1265,254.5415,0,0.021505
3.08981160505832,-0.1265,114.4015,0,0.021505
3.08980384645204,-0.1265,109.8865,0,0.021505
3.08979433549948,-0.1265,104.8165,0,0.021505
3.08979927850399,-0.1265,107.3915,0,0.021505
3.08980897773554,-0.1265,112.8315,0,0.021505
3.08981976809967,-0.1265,119.5715,0,0.021505
4.16002846898737,103.3221,11.4879,0,176.680791
3.56016154505521,111.81,0,413.354,191.1951
3.69290543761093,409.505,0,798.557,700.25355
3.56266535316389,424.02,0,1547.59,725.0742
3.57790158868817,541.835,0,1830.873,926.53785
3.5885929075894,557.935,0,1787.628,954.06885
3.5892821717276,621.3,0,1983.882,1062.423
3.60638776673524,637.52,0,1872.182,1090.1592
3.61046964979085,611.87,0,1761.676,1046.2977
3.6581539145132,601.045,0,1379.291,1027.78695
3.62607820397278,454.655,0,1214.444,777.46005
4.61009974175391,599.165,0,612.346,2444.5932
5.04498840419922,548.39,0,156.691,2237.4312
6.2721026070308,185.103,336.997,0,755.22024
7.34094469769838,-0.1265,546.5865,0,-0.51612
7.34097712340036,-0.1265,528.4565,0,-0.51612
3.08996026705417,-0.1265,541.4915,0,0.021505
3.08990949969174,-0.1265,237.8765,0,0.021505
3.08979046802457,-0.1265,102.8865,0,0.021505
3.08980682425544,-0.1265,111.5765,0,0.021505
3.08977267081402,-0.1265,94.8515,0,0.021505
3.08977605606669,-0.1265,96.2815,0,0.021505
3.08980464828971,-0.1265,110.3365,0,0.021505
3.08980064612718,-0.1265,108.1265,0,0.021505
4.15148994300122,105.8199,9.43509999999999,0,180.952029
3.65205804893001,113.695,0,268.502,194.41845
3.93701372659844,533.345,0,280.4318,912.01995
3.76237711144639,556.91,0,781.8,952.3161
3.63679955081415,547.46,0,1389.575,936.1566
3.58663048291393,543.52,0,1758.436,929.4192
3.60715761812728,625.63,0,1830.416,1069.8273
3.59830897868492,651.06,0,1988.696,1113.3126
3.62325139930462,619.155,0,1676.352,1058.75505
3.68504078642789,591.445,0,1196.578,1011.37095
3.65073942340704,443.925,0,1054.907,759.11175
4.69150644461514,573.62,0,487.6598,2340.3696
5.23499761545065,534.91,0,35.2106000000002,2182.4328
6.36271084176848,157.3305,342.1645,0,641.90844
7.34094269612333,-0.1265,547.7465,0,-0.51612
7.34096355131725,-0.1265,535.8965,0,-0.51612
3.08996005598292,-0.1265,538.6315,0,0.021505
3.08990720744239,-0.1265,232.0065,0,0.021505
3.08979963383444,-0.1265,107.5815,0,0.021505
3.08978436454975,-0.1265,99.9815,0,0.021505
3.08977723913257,-0.1265,96.7915,0,0.021505
3.08980746417652,-0.1265,111.9465,0,0.021505
3.08980077540565,-0.1265,108.1965,0,0.021505
3.08980702360495,-0.1265,111.6915,0,0.021505
4.09418776197912,113.96,0,5.68639999999999,194.8716
3.56580096774787,106.92,0,384.043,182.8332
3.789459398472,432.22,0,531.505,739.0962
3.74391268584651,563.535,0,864.291,963.64485
3.63293984670269,555.7,0,1436.59,950.247
3.59855738093358,571.53,0,1743.648,977.3163
3.61898357951993,629.56,0,1739.757,1076.5476
3.58348277162291,623.105,0,2047.658,1065.50955
3.61807665022691,616.92,0,1712.27,1054.9332
3.61125503347564,609.69,0,1748.748,1042.5699
3.62542087164723,598.7,0,1604.238,1023.777
4.41654914567504,612.31,0,935.448,2498.2248
5.013094636518,516.475,0,169.049,2107.218
6.35627745622209,165.1559,354.6741,0,673.836072
7.34094048873999,-0.1265,549.0315,0,-0.51612
7.34094118333581,-0.1265,548.6265,0,-0.51612
3.08996038708477,-0.1265,543.1315,0,0.021505
3.08991018382975,-0.1265,239.6865,0,0.021505
3.08979664014147,-0.1265,106.0015,0,0.021505
3.08976581344572,-0.1265,92.0815,0,0.021505
3.08980959506302,-0.1265,113.1965,0,0.021505
3.08978651590583,-0.1265,100.9865,0,0.021505
3.08979982966207,-0.1265,107.6865,0,0.021505
3.08979583893063,-0.1265,105.5865,0,0.021505
4.19629988146977,103.065,21.66,0,176.24115
3.59136059951612,120.86,0,381.983,206.6706
3.7966105778759,522.52,0,620.058,893.5092
3.6892045376519,581.22,0,1153.207,993.8862
3.6031881260003,548.985,0,1637.452,938.76435
3.56337172113493,543.23,0,1975.537,928.9233
3.59015272701008,625.495,0,1988.712,1069.59645
3.58526475058096,638.695,0,2080.393,1092.16845
3.59416140078782,620.415,0,1934.012,1060.90965
3.6322565023755,629.575,0,1632.87,1076.57325
3.70018250527598,611.83,0,1153.148,1046.2293
4.63457245059678,602.025,0,582.878,2456.262
5.2042164804194,507.745,0,50.0289999999999,2071.5996
6.55737845093096,127.6628,410.2122,0,520.864224
7.3409526314478,-0.1265,542.0365,0,-0.51612
7.3409899996835,-0.1265,521.5865,0,-0.51612
3.08996035860668,-0.1265,542.7415,0,0.021505
3.08991228481636,-0.1265,245.4215,0,0.021505
3.08979851686678,-0.1265,106.9865,0,0.021505
3.08980407876935,-0.1265,110.0165,0,0.021505
3.08976466017717,-0.1265,91.6315,0,0.021505
3.08977533078767,-0.1265,95.9715,0,0.021505
3.08977656794651,-0.1265,96.5015,0,0.021505
3.08981657049519,-0.1265,117.4915,0,0.021505
4.27330897347704,86.6473,39.3777,0,148.166883
3.59062948095684,120.225,0,381.348,205.58475
3.69096562504401,429.52,0,845.224,734.4792
3.63102487945801,553.225,0,1443.284,946.01475
3.55744035436576,544.18,0,2040.159,930.5478
3.53141787919374,574.175,0,2469.095,981.83925
3.53301902879111,619.845,0,2642.585,1059.93495
3.5426928002467,648.675,0,2626.465,1109.23425
3.54098501704698,609.34,0,2489.601,1041.9714
3.56650063030371,609.265,0,2180.625,1041.84315
3.62858918142487,626.51,0,1653.555,1071.3321
4.40848224461494,608.335,0,944.449,2482.0068
4.94245220167843,531.565,0,225.932,2168.7852
6.38067967229759,164.7904,371.2746,0,672.344832
7.34093024177959,-0.1265,555.0765,0,-0.51612
7.34096141541092,-0.1265,537.0865,0,-0.51612
3.0899590243196,-0.1265,525.0765,0,0.021505
3.08990707913936,-0.1265,231.6865,0,0.021505
3.08978995638946,-0.1265,102.6365,0,0.021505
3.08976809890708,-0.1265,92.9865,0,0.021505
3.08979175644073,-0.1265,103.5215,0,0.021505
3.08978605928262,-0.1265,100.7715,0,0.021505
3.08978821884217,-0.1265,101.7965,0,0.021505
3.08979404004271,-0.1265,104.6665,0,0.021505
4.12774838297249,108.3306,3.2794,0,185.245326
3.62042127556251,125,0,343.056,213.75
3.7444046635183,431.885,0,660.83,738.52335
3.66991281221546,548.92,0,1192.045,938.6532
3.58814988042181,548.605,0,1761.589,938.11455
3.55277514143153,558.045,0,2143.261,954.25695
3.56474985236044,630.41,0,2276.511,1078.0011
3.56184589522799,632.245,0,2317.268,1081.13895
3.57444715228253,625.595,0,2150.868,1069.76745
3.60840693754943,609.835,0,1773.433,1042.81785
3.59225768832522,460.685,0,1449.595,787.77135
4.571219638991,608.305,0,676.196,2481.8844
5.09973297193335,524.695,0,114.233,2140.7556
6.33649338500601,169.326,349.784,0,690.85008
7.34094896194646,-0.1265,544.1315,0,-0.51612
7.34094921501066,-0.1265,543.9865,0,-0.51612
3.08995979949284,-0.1265,535.1965,0,0.021505
3.08991670330224,-0.1265,258.4265,0,0.021505
3.08978588887727,-0.1265,100.6915,0,0.021505
3.08979906282265,-0.1265,107.2765,0,0.021505
3.0897918975019,-0.1265,103.5915,0,0.021505
3.08979999720991,-0.1265,107.7765,0,0.021505
3.08978630376564,-0.1265,100.8865,0,0.021505
3.08982216029142,-0.1265,121.1765,0,0.021505
4.18212252066962,101.257,17.253,0,173.14947
3.67784207849208,110.01,0,230.191,188.1171
3.86188261887397,432.415,0,363.698,739.42965
3.64121856249742,448.13,0,1113.879,766.3023
3.60898960507526,554.8,0,1608.842,948.708
3.61017637968781,560.95,0,1617.361,959.2245
3.60083347603943,623.86,0,1882.256,1066.8006
3.59867026012223,630.22,0,1921.641,1077.6762
3.60263378916125,606.35,0,1813.442,1036.8585
3.63705757796555,602.525,0,1527.471,1030.31775
3.61564855594139,442.015,0,1241.23,755.84565
4.64110711748904,633.83,0,604.77,2586.0264
5.12335206986035,522.52,0,99.0710000000001,2131.8816
6.39789802512655,161.7823,377.0727,0,660.071784
7.34092496529946,-0.1265,558.2415,0,-0.51612
7.34099801120955,-0.1265,517.4015,0,-0.51612
3.08996014112322,-0.1265,539.7815,0,0.021505
3.0899122078272,-0.1265,245.2065,0,0.021505
3.08976595362606,-0.1265,92.1365,0,0.021505
3.0897959357964,-0.1265,105.6365,0,0.021505
3.08980983919674,-0.1265,113.3415,0,0.021505
3.08978179364508,-0.1265,98.8065,0,0.021505
3.08978784276391,-0.1265,101.6165,0,0.021505
3.08980393587003,-0.1265,109.9365,0,0.021505
4.17143077006824,94.368,13.337,0,161.36928
3.59443412683952,128.59,0,400.3154,219.8889
3.66961915176435,442.055,0,961.297,755.91405
3.55045457569731,436.55,0,1697.011,746.5005
3.55297801160896,539.28,0,2069.01,922.1688
3.6405565520267,550.895,0,1373.612,942.03045
3.69466457677077,602.545,0,1165.363,1030.35195
3.64193359107793,604.055,0,1496.376,1032.93405
3.66235966421299,605.52,0,1362.377,1035.4392
3.69830925951606,613.675,0,1166.814,1049.38425
3.73412024451122,627.845,0,1008.746,1073.61495
4.60712584613202,591.135,0,608.083,2411.8308
5.03107947539513,526.66,0,159.936,2148.7728
6.41359919441341,159.1018,382.5032,0,649.135344
7.34092280707714,-0.1265,559.5465,0,-0.51612
7.34099605626409,-0.1265,518.4165,0,-0.51612
3.08996085184777,-0.1265,549.5765,0,0.021505
3.08990821145724,-0.1265,234.5415,0,0.021505
3.08978883231784,-0.1265,102.0915,0,0.021505
3.08976921879947,-0.1265,93.4365,0,0.021505
3.0897662207776,-0.1265,92.2415,0,0.021505
3.08981496857348,-0.1265,116.4765,0,0.021505
3.08980789416089,-0.1265,112.1965,0,0.021505
3.08978606992395,-0.1265,100.7765,0,0.021505
4.28527992850057,75.8062,37.7038,0,129.628602
3.55637876312756,109.6,0,413.153,187.416
3.73666863389821,535.62,0,850.242,915.9102
3.61292270680804,570.585,0,1623.459,975.70035
3.54117769909821,546.25,0,2229.554,934.0875
3.55983365235329,547.06,0,2025.852,935.4726
3.57099563792376,616.1,0,2155.407,1053.531
3.5736047872244,617.36,0,2131.573,1055.6856
3.59391157761171,626.035,0,1953.928,1070.51985
3.6402519446872,646.805,0,1615.084,1106.03655
3.68127766576946,601.805,0,1239.165,1029.08655
4.59516669825145,617.855,0,652.3302,2520.8484
5.07549074827555,522.205,0,129.155,2130.5964
6.41624108710609,150.7491,364.3209,0,615.056328
7.34094827324865,-0.1265,544.5265,0,-0.51612
7.34095051736823,-0.1265,543.2415,0,-0.51612
3.08996145632538,-0.1265,558.1915,0,0.021505
3.08991495747874,-0.1265,253.1265,0,0.021505
3.08977324609731,-0.1265,95.0915,0,0.021505
3.08979414847538,-0.1265,104.7215,0,0.021505
3.08979973645858,-0.1265,107.6365,0,0.021505
3.08978964820729,-0.1265,102.4865,0,0.021505
3.08981631981961,-0.1265,117.3315,0,0.021505
3.08982444682996,-0.1265,122.7515,0,0.021505
4.15521960290695,91.1147,8.99530000000001,0,155.806137
3.61161909081324,128.125,0,366.8497,219.09375
3.74131756410541,519.11,0,806.047,887.6781
3.60129165882131,562.86,0,1694.421,962.4906
3.5372961612603,547.555,0,2281.493,936.31905
3.55669072867278,529.48,0,1992.739,905.4108
3.59063236415214,616.57,0,1955.703,1054.3347
3.61233580214215,637.905,0,1820.15,1090.81755
3.65358290936555,619.25,0,1451.956,1058.9175
3.70060350706798,610.165,0,1147.745,1043.38215
3.74973922979962,607.785,0,906.605,1039.31235
4.75549953259241,642.265,0,467.688,2620.4412
5.25037417880606,532.87,0,26.572,2174.1096
6.50541780973513,139.9256,404.1994,0,570.896448
7.34095396965196,-0.1265,541.2765,0,-0.51612
7.34096393822891,-0.1265,535.6815,0,-0.51612
3.08995674243697,-0.1265,497.3915,0,0.021505
3.08991029622477,-0.1265,239.9865,0,0.021505
3.08979944697538,-0.1265,107.4815,0,0.021505
3.08980938409924,-0.1265,113.0715,0,0.021505
3.08978481766286,-0.1265,100.1915,0,0.021505
3.08980833077091,-0.1265,112.4515,0,0.021505
3.08980516156505,-0.1265,110.6265,0,0.021505
3.08981888009702,-0.1265,118.9865,0,0.021505
4.24296350438327,85.4503,30.0797,0,146.120013
3.58861927323139,119.105,0,381.5636,203.66955
3.73672658554773,512.95,0,814.032,877.1445
3.62141357752283,559.87,0,1529.241,957.3777
3.54712827502189,539.735,0,2134.936,922.94685
3.59511426723254,565.93,0,1755.932,967.7403
3.59369318694674,613.99,0,1918.392,1049.9229
3.59960066516792,636.305,0,1931.393,1088.08155
3.60447821910652,597.71,0,1771.63,1022.0841
3.64119777476317,606.205,0,1506.941,1036.61055
3.71657403630873,615.355,0,1073.97,1052.25705
4.66645715850914,610.38,0,549.895,2490.3504
5.20948737583222,539.125,0,50.062,2199.63
6.50449761900168,139.0329,400.8721,0,567.254232
7.34096519107181,-0.1265,534.9865,0,-0.51612
7.34094081447205,-0.1265,548.8415,0,-0.51612
3.08995744857669,-0.1265,505.6415,0,0.021505
3.08990927059975,-0.1265,237.2765,0,0.021505
3.08977344914589,-0.1265,95.1765,0,0.021505
3.08978093787722,-0.1265,98.4215,0,0.021505
3.08981624134292,-0.1265,117.2815,0,0.021505
3.08978541885979,-0.1265,100.4715,0,0.021505
3.08979357544983,-0.1265,104.4315,0,0.021505
3.08981617851327,-0.1265,117.2415,0,0.021505
4.26739888925716,71.1564,30.8686,0,121.677444
3.64538814056804,117.365,0,286.0285,200.69415
3.82363523755227,512.235,0,529.588,875.92185
3.66917225124267,573.185,0,1249.067,980.14635
3.5811788677085,523.635,0,1740.634,895.41585
3.56348949644842,551.74,0,2005.278,943.4754
3.57739783707249,626.625,0,2122.73,1071.52875
3.56703165252122,629.37,0,2246.51,1076.2227
3.57714232637138,628.96,0,2133.37,1075.5216
3.60568427064719,613.385,0,1807.468,1048.88835
3.6752247186776,611.99,0,1296.349,1046.5029
4.59982232513803,603.565,0,630.834,2462.5452
5.05299794380685,495.415,0,136.496,2021.2932
6.42918548737842,153.8307,381.4243,0,627.629256
7.3409632635845,-0.1265,536.0565,0,-0.51612
7.3410063005897,-0.1265,513.1415,0,-0.51612
3.08995856203218,-0.1265,519.2215,0,0.021505
3.08991654166998,-0.1265,257.9265,0,0.021505
3.08975318064698,-0.1265,87.3815,0,0.021505
3.08978472072757,-0.1265,100.1465,0,0.021505
3.08977631229944,-0.1265,96.3915,0,0.021505
3.08979309880362,-0.1265,104.1915,0,0.021505
3.0897873392436,-0.1265,101.3765,0,0.021505
3.08981840597517,-0.1265,118.6765,0,0.021505
4.18248432453983,91.0247,15.6003,0,155.652237
3.64901195972716,131.96,0,316.1434,225.6516
3.80728264061975,517.61,0,582.067,885.1131
3.66529706981954,551.04,0,1222.828,942.2784
3.59127667828771,552.795,0,1747.854,945.27945
3.55718346431944,562.87,0,2113.026,962.5077
3.55803050292709,606.62,0,2267.344,1037.3202
3.56453411488461,624.205,0,2256.585,1067.39055
3.58415985301611,637.325,0,2087.351,1089.82575
3.60726986999209,619.065,0,1810.223,1058.60115
3.67324325135648,611.825,0,1308.081,1046.22075
4.61878331352127,648.855,0,650.598,2647.3284
5.16409717456621,544.73,0,77.759,2222.4984
6.44829493179499,151.1717,389.3433,0,616.780536
7.34099807875834,-0.1265,517.3665,0,-0.51612
7.34094081447205,-0.1265,548.8415,0,-0.51612
3.08996045628355,-0.1265,544.0815,0,0.021505
3.08990817226294,-0.1265,234.4415,0,0.021505
3.08981053447691,-0.1265,113.7565,0,0.021505
3.08980165738977,-0.1265,108.6765,0,0.021505
3.08979137259467,-0.1265,103.3315,0,0.021505
3.08978858319775,-0.1265,101.9715,0,0.021505
3.08981563481891,-0.1265,116.8965,0,0.021505
3.08981387156662,-0.1265,115.7915,0,0.021505
4.29159688458229,76.6198,39.8902,0,131.019858
3.62704716431019,119.265,0,317.102,203.94315
3.80677754148903,534.225,0,602.293,913.52475
3.64780371143818,544.075,0,1310.92,930.36825
3.57699096207246,553.36,0,1878.367,946.2456
3.54122510805552,566.75,0,2312.645,969.1425
3.5545001679959,633.035,0,2409.615,1082.48985
3.54700496530711,626.865,0,2481.185,1071.93915
3.55468714815029,615.755,0,2341.571,1052.94105
3.58748475421088,612.755,0,1974.062,1047.81105
3.63985984858989,600.795,0,1502.985,1027.35945
4.48203134775199,624.78,0,836.395,2549.1024
5.01964120267918,526.2,0,167.676,2146.896
6.43734737949673,156.437,394.223,0,638.26296
7.34096645622419,-0.1265,534.2865,0,-0.51612
7.34095848727932,-0.1265,538.7265,0,-0.51612
3.08995857161158,-0.1265,519.3415,0,0.021505
3.08991612011148,-0.1265,256.6315,0,0.021505
3.08979389199576,-0.1265,104.5915,0,0.021505
3.08979538242696,-0.1265,105.3515,0,0.021505
3.08981110032633,-0.1265,114.0965,0,0.021505
3.08979747324208,-0.1265,106.4365,0,0.021505
3.08978632499863,-0.1265,100.8965,0,0.021505
3.08981961692187,-0.1265,119.4715,0,0.021505
4.33868812968258,64.9813,46.0487,0,111.118023
3.61865709962019,110.505,0,305.8541,188.96355
3.8278663594324,523.87,0,529.775,895.8177
3.69867652250122,566.11,0,1074.527,968.0481
3.6342270341373,554.685,0,1425.218,948.51135
3.61646146999869,544.32,0,1522.546,930.7872
3.60815407908892,629.86,0,1833.912,1077.0606
3.62947329144619,638.425,0,1677.915,1091.70675
3.66970858404428,626.08,0,1360.909,1070.5968
3.65337736278661,573.875,0,1346.868,981.32625
3.74267266797969,614.105,0,947.425,1050.11955
4.80640165166548,596.825,0,381.003,2435.046
5.41411187438665,466.57,55.29,0,1903.6056
6.59474151707233,117.8583,409.5117,0,480.861864
7.34096372223991,-0.1265,535.8015,0,-0.51612
7.34095919981192,-0.1265,538.3265,0,-0.51612
3.0899584318736,-0.1265,517.5965,0,0.021505
3.08991642652977,-0.1265,257.5715,0,0.021505
3.08978671704925,-0.1265,101.0815,0,0.021505
3.08979994139181,-0.1265,107.7465,0,0.021505
3.08980706688737,-0.1265,111.7165,0,0.021505
3.08977096391124,-0.1265,94.1465,0,0.021505
3.08979347632973,-0.1265,104.3815,0,0.021505
3.08981842130816,-0.1265,118.6865,0,0.021505
4.34349725451191,67.7041,49.3859,0,115.774011
3.62419625917711,110.205,0,297.0323,188.45055
3.79179209132163,519.805,0,631.845,888.86655
3.65596543438339,557.58,0,1292.782,953.4618
3.57857193838303,550.23,0,1853.012,940.8933
3.54208305543596,565.16,0,2295.705,966.4236
3.55662187153415,643.445,0,2422.516,1100.29095
3.54537555433805,613.475,0,2449.056,1049.04225
3.55231660501054,612.505,0,2358.035,1047.38355
3.58968696831467,626.085,0,1995.169,1070.60535
3.64777048718484,614.96,0,1481.946,1051.5816
4.52808312954763,620.865,0,755.875,2533.1292
5.13495656511008,554.665,0,97.649,2263.0332
6.48464086772719,143.5479,397.6171,0,585.675432
7.34091407966406,-0.1265,564.8865,0,-0.51612
7.34096538966207,-0.1265,534.8765,0,-0.51612
3.08995945348463,-0.1265,530.6315,0,0.021505
3.08991457574873,-0.1265,251.9965,0,0.021505
3.08980175795204,-0.1265,108.7315,0,0.021505
3.08978914289356,-0.1265,102.2415,0,0.021505
3.08978606992395,-0.1265,100.7765,0,0.021505
3.08978271961687,-0.1265,99.2265,0,0.021505
3.08981064291595,-0.1265,113.8215,0,0.021505
3.0898194882212,-0.1265,119.3865,0,0.021505
4.31612409781321,72.4132,44.5468,0,123.826572
3.62282969234696,116.465,0,315.9643,199.15515
3.79151349829485,508.945,0,619.502,870.29595
3.70346589229029,570.085,0,1058.072,974.84535
3.63565457500539,565.66,0,1443.595,967.2786
3.55953066522172,556.02,0,2062.24,950.7942
3.59586172138204,623.335,0,1926.966,1065.90285
3.58129831070471,643.165,0,2136.695,1099.81215
3.57439903175856,619.8,0,2131.46,1059.858
3.61021001537561,636.69,0,1835.44,1088.7399
3.58383739460966,464.64,0,1524.218,794.5344
4.42763520548968,570.86,0,853.003,2329.1088
5.0916295509815,525.565,0,119.579,2144.3052
6.55793219741373,133.9538,430.9212,0,546.531504
7.3409903036129,-0.1265,521.4265,0,-0.51612
7.3409808093026,-0.1265,526.4715,0,-0.51612
3.08995988572889,-0.1265,536.3465,0,0.021505
3.08991006739195,-0.1265,239.3765,0,0.021505
3.08978154982299,-0.1265,98.6965,0,0.021505
3.08979179676343,-0.1265,103.5415,0,0.021505
3.08978382263504,-0.1265,99.7315,0,0.021505
3.0898000065099,-0.1265,107.7815,0,0.021505
3.08979257994666,-0.1265,103.9315,0,0.021505
3.08982150342177,-0.1265,120.7315,0,0.021505
4.34782048239863,68.2337,51.0663,0,116.679627
3.65998831603845,115.915,0,263.7211,198.21465
3.75240789214502,425.405,0,626.507,727.44255
3.59928108097135,430.06,0,1307.412,735.4026
3.59514459287013,542.77,0,1683.822,928.1367
3.58460471111984,554.575,0,1812.321,948.32325
3.59154983462926,617.06,0,1948.426,1055.1726
3.59828784993164,629.58,0,1923.283,1076.5818
3.60856269400809,628.43,0,1826.13,1074.6153
3.51744274154621,417.005,0,1935.843,713.07855
3.55434242078195,416.625,0,1587.158,712.42875
4.51045057218867,616.915,0,779.055,2517.0132
5.06725636678026,527.71,0,135.92,2153.0568
6.55150156411413,132.7882,421.5218,0,541.775856
7.34093512112529,-0.1265,552.1815,0,-0.51612
7.34100728256001,-0.1265,512.6415,0,-0.51612
3.08995994848524,-0.1265,537.1865,0,0.021505
3.08991169592684,-0.1265,243.7865,0,0.021505
3.08979888430119,-0.1265,107.1815,0,0.021505
3.08977142644566,-0.1265,94.3365,0,0.021505
3.08980772239781,-0.1265,112.0965,0,0.021505
3.08977360417314,-0.1265,95.2415,0,0.021505
3.08978195957558,-0.1265,98.8815,0,0.021505
3.08982194678689,-0.1265,121.0315,0,0.021505
4.45828884016089,48.9382,65.6618,0,83.684322
3.67913081240115,120.165,0,249.9278,205.48215
3.73178925253898,412.495,0,670.098,705.36645
3.61570127136546,440.66,0,1237.111,753.5286
3.54896131588058,423.195,0,1657.971,723.66345
3.6710974779952,428.215,0,924.772,732.24765
3.59590878878192,439.76,0,1359.152,751.9896
3.5409368936353,443.67,0,1813.18,758.6757
3.58132576771187,440.995,0,1464.854,754.10145
3.63046159210638,413.79,0,1082.418,707.5809
3.79374284061168,459.625,0,553.292,785.95875
5.2049903583987,578.71,0,56.5381,2361.1368
5.86790471518816,290.1765,223.8885,0,1183.92012
6.90207140409661,66.2844,484.9756,0,270.440352
7.34099521117771,-0.1265,518.8565,0,-0.51612
7.34098339759181,-0.1265,525.0865,0,-0.51612
3.08995839004999,-0.1265,517.0765,0,0.021505
3.08991787078923,-0.1265,262.0965,0,0.021505
3.08978219145477,-0.1265,98.9865,0,0.021505
3.08978777995431,-0.1265,101.5865,0,0.021505
3.08979097717321,-0.1265,103.1365,0,0.021505
3.08979423710812,-0.1265,104.7665,0,0.021505
3.08979620653219,-0.1265,105.7765,0,0.021505
3.08981305445805,-0.1265,115.2865,0,0.021505
4.51142178482292,46.5038,80.4012,0,79.521498
3.63607414038546,110.97,0,282.6379,189.7587
3.81474134751028,435.325,0,471.247,744.40575
3.63807879320974,428.57,0,1081.225,732.8547
3.6118564555666,539.405,0,1542.664,922.38255
3.60067870231626,551.77,0,1666.01,943.5267
3.65673100222186,628.295,0,1451.503,1074.38445
3.66363612128835,656.115,0,1467.394,1121.95665
3.53894380527467,438.415,0,1810.771,749.68965
3.55054666492934,430.32,0,1671.99,735.8472
3.62746919637635,462.945,0,1228.402,791.63595
4.73159101360026,588.275,0,454.448,2400.162
5.64464965220313,367.323,149.347,0,1498.67784
6.61796909445047,112.4996,410.7054,0,458.998368
7.34094687278988,-0.1265,545.3315,0,-0.51612
7.34092606066261,-0.1265,557.5815,0,-0.51612
3.08995862780123,-0.1265,520.0465,0,0.021505
3.08991411689767,-0.1265,250.6515,0,0.021505
3.08979708148351,-0.1265,106.2315,0,0.021505
3.08979418787713,-0.1265,104.7415,0,0.021505
3.08979260995144,-0.1265,103.9465,0,0.021505
3.08978974075686,-0.1265,102.5315,0,0.021505
3.08981566642523,-0.1265,116.9165,0,0.021505
3.08980537316675,-0.1265,110.7465,0,0.021505
4.42986873145055,56.5447,65.9253,0,96.691437
3.58658527028379,109.96,0,355.8304,188.0316
3.69536274718803,422.78,0,815.018,722.9538
3.54667840141542,416.165,0,1650.041,711.64215
3.5038434168186,441.285,0,2212.028,754.59735
3.54352741985392,425.99,0,1717.235,728.4429
3.5299923164569,432.765,0,1875.393,740.02815
3.54196347031963,453.7,0,1844.116,775.827
3.55011442366778,434.02,0,1690.172,742.1742
3.58432146425907,439.015,0,1436.697,750.71565
3.65541389605559,446.965,0,1039.007,764.31015
4.78903564561738,588.835,0,393.547,2402.4468
5.36943646122795,491.0583,34.6067,0,2003.517864
6.67578198651533,108.6268,449.9932,0,443.197344
7.34097978523773,-0.1265,527.0215,0,-0.51612
7.34099940262786,-0.1265,516.6815,0,-0.51612
3.08996031508036,-0.1265,542.1465,0,0.021505
3.08990445980137,-0.1265,225.3415,0,0.021505
3.08979374373582,-0.1265,104.5165,0,0.021505
3.08978426720571,-0.1265,99.9365,0,0.021505
3.08976848587285,-0.1265,93.1415,0,0.021505
3.08979716760907,-0.1265,106.2765,0,0.021505
3.08978975103511,-0.1265,102.5365,0,0.021505
3.08981835228928,-0.1265,118.6415,0,0.021505
4.46375860193773,50.4114,69.4586,0,86.203494
3.63113768957473,125.965,0,328.448,215.40015
3.70749644099625,421.695,0,768.016000000001,721.09845
3.63173529113844,547.265,0,1422.915,935.82315
3.56085118451764,551.165,0,2030.422,942.49215
3.52351860268172,545.915,0,2450.67,933.51465
3.53956689360037,624.395,0,2570.387,1067.71545
3.53878241374873,625.83,0,2587.066,1070.1693
3.54395872435549,611.445,0,2459.233,1045.57095
3.5739197278866,602.805,0,2078.021,1030.79655
3.65117909572957,633.06,0,1501.238,1082.5326
4.45600779745547,594.59,0,839.174,2425.9272
5.08119011577957,523.71,0,125.844,2136.7368
6.59285995881673,116.5435,403.3365,0,475.49748
7.34097165077276,-0.1265,531.4315,0,-0.51612
7.34093501947957,-0.1265,552.2415,0,-0.51612
3.08995808756104,-0.1265,513.3465,0,0.021505
3.089904003464,-0.1265,224.2715,0,0.021505
3.08977217710965,-0.1265,94.6465,0,0.021505
3.08978633561355,-0.1265,100.9015,0,0.021505
3.0897818379179,-0.1265,98.8265,0,0.021505
3.08978266471953,-0.1265,99.2015,0,0.021505
3.08979936277505,-0.1265,107.4365,0,0.021505
3.08981263096446,-0.1265,115.0265,0,0.021505
4.50603591427609,45.4102,76.5448,0,77.651442
3.60931631195504,115.11,0,333.2753,196.8381
3.71125954749694,422.1,0,755.303,721.791
3.57002285224595,434.125,0,1526.263,742.35375
3.56626748158025,556.255,0,1993.259,951.19605
3.5331489584191,564.585,0,2405.313,965.44035
3.55067272221664,649.165,0,2520.646,1110.07215
3.529005223219,594.62,0,2590.613,1016.8002
3.55058286845464,624.25,0,2425.039,1067.4675
3.5681038876829,595.205,0,2113.023,1017.80055
3.64974266426856,635.89,0,1518.194,1087.3719
4.53190013436331,646.62,0,780.987,2638.2096
5.12891222774682,531.755,0,97.3579999999999,2169.5604
6.63207886696484,109.4271,411.8129,0,446.462568
7.34095791801497,-0.1265,539.0465,0,-0.51612
7.34095766028962,-0.1265,539.1915,0,-0.51612
3.08996068688719,-0.1265,547.2715,0,0.021505
3.08991129892119,-0.1265,242.6965,0,0.021505
3.08979089587577,-0.1265,103.0965,0,0.021505
3.08979306894013,-0.1265,104.1765,0,0.021505
3.08980480787122,-0.1265,110.4265,0,0.021505
3.08976481460216,-0.1265,91.6915,0,0.021505
3.08982108017488,-0.1265,120.4465,0,0.021505
3.08983429458655,-0.1265,130.0315,0,0.021505
4.50766127529872,41.7978,70.9972,0,71.474238
3.62414705042956,115.73,0,311.9971,197.8983
3.80258000444351,522.7,0,601.946,893.817
3.64732699605625,547.925,0,1323.17,936.95175
3.558291214969,522.22,0,1949.266,892.9962
3.53281621924945,554.125,0,2364.981,947.55375
3.55477778901997,638.905,0,2428.465,1092.52755
3.54995993796179,623.295,0,2429.209,1065.83445
3.55306708063667,609.3,0,2336.569,1041.903
3.5821586702859,609.245,0,2015.348,1041.80895
3.64990799966034,609.545,0,1454.161,1042.32195
4.51901957281752,616.715,0,765.107,2516.1972
5.13801037900995,533.25,0,91.992,2175.66
6.6232772889253,116.1547,428.9103,0,473.911176
7.34094418787165,-0.1265,546.8815,0,-0.51612
7.34094616977415,-0.1265,545.7365,0,-0.51612
3.0899580257974,-0.1265,512.5915,0,0.021505
3.08991127513373,-0.1265,242.6315,0,0.021505
3.08979926913617,-0.1265,107.3865,0,0.021505
3.08977835266714,-0.1265,97.2765,0,0.021505
3.08981554784563,-0.1265,116.8415,0,0.021505
3.08980009017091,-0.1265,107.8265,0,0.021505
3.08979908159595,-0.1265,107.2865,0,0.021505
3.08979417802811,-0.1265,104.7365,0,0.021505
4.56715797606239,36.8955,82.8245,0,63.091305
3.64573720208005,112.005,0,272.516,191.52855
3.76093048629266,436.57,0,617.156,746.5347
3.60175789868236,430.83,0,1294.016,736.7193
3.56353187540091,517.74,0,1881.299,885.3354
3.52918219167146,538.3,0,2342.991,920.493
3.55403813264686,626.885,0,2391.925,1071.97335
3.54929233999393,618.82,0,2420.19,1058.1822
3.55562954945357,610.15,0,2308.97,1043.3565
3.51484485112912,429.91,0,2024.861,735.1461
3.59456670171562,455.7,0,1417.723,779.247
4.62500454496519,602.875,0,596.244,2459.73
5.19844457533278,504.15,0,52.825,2056.932
6.67209680895043,105.2133,432.2867,0,429.270264
7.34090811278743,-0.1265,568.5965,0,-0.51612
7.34096696321429,-0.1265,534.0065,0,-0.51612
3.08995979160064,-0.1265,535.0915,0,0.021505
3.08991255588515,-0.1265,246.1815,0,0.021505
3.08979399071737,-0.1265,104.6415,0,0.021505
3.08980329923122,-0.1265,109.5815,0,0.021505
3.08979759714255,-0.1265,106.5015,0,0.021505
3.08981441768749,-0.1265,116.1315,0,0.021505
3.08981561110706,-0.1265,116.8815,0,0.021505
3.08981694522828,-0.1265,117.7315,0,0.021505
4.65996492261466,27.3945,96.3055,0,46.844595
3.69932075891935,128.73,0,243.6051,220.1283
3.80185381032885,428.1,0,494.812,732.051
3.62638064556099,425.375,0,1134.593,727.39125
3.61550505112596,558.05,0,1568.153,954.2655
3.61403345161002,560.96,0,1587.546,959.2416
3.62203149538132,645.615,0,1758.233,1104.00165
3.57897581994453,610.405,0,2051.515,1043.79255
3.51880717941009,434.935,0,2003.848,743.73885
3.54654742801219,429.085,0,1702.437,733.73535
3.59866027833625,462.685,0,1410.869,791.19135
4.66238180863777,615.515,0,559.71,2511.3012
5.31263992571108,537.6706,6.70440000000008,0,2193.696048
6.69978571238156,99.4767,434.9983,0,405.864936
7.3409355364081,-0.1265,551.9365,0,-0.51612
7.34098095843585,-0.1265,526.3915,0,-0.51612
3.08996038270619,-0.1265,543.0715,0,0.021505
3.08991274038998,-0.1265,246.7015,0,0.021505
3.08980418580723,-0.1265,110.0765,0,0.021505
3.08981330601579,-0.1265,115.4415,0,0.021505
3.08981531022815,-0.1265,116.6915,0,0.021505
3.08979256994314,-0.1265,103.9265,0,0.021505
3.08979098733095,-0.1265,103.1415,0,0.021505
3.08981172051813,-0.1265,114.4715,0,0.021505
4.60184414318815,31.0623,82.1527,0,53.116533
3.67044238697683,118.755,0,257.2514,203.07105
3.76334031574107,432.1,0,603.775,738.891
3.70187033493064,564.54,0,1055.641,965.3634
3.61390761349511,543.95,0,1540.341,930.1545
3.5691682155839,541.515,0,1912.073,925.99065
3.57874189665021,643.5,0,2165.276,1100.385
3.54999883313198,604.605,0,2355.889,1033.87455
3.55909886650684,611.77,0,2274.055,1046.1267
3.60992512727377,622.19,0,1796.113,1063.9449
3.66809161299558,610.175,0,1336.427,1043.39925
4.56036963781979,589.775,0,670.91,2406.282
5.26890804732517,524.745,0,16.2429999999999,2140.9596
6.69969208891994,98.4878,430.5822,0,401.830224
7.34102002318235,-0.1265,506.2415,0,-0.51612
7.34094435199306,-0.1265,546.7865,0,-0.51612
3.0899588439563,-0.1265,522.7765,0,0.021505
3.08991841604592,-0.1265,263.8465,0,0.021505
3.08978630376564,-0.1265,100.8865,0,0.021505
3.08978144992048,-0.1265,98.6515,0,0.021505
3.08981456171288,-0.1265,116.2215,0,0.021505
3.08979196796084,-0.1265,103.6265,0,0.021505
3.08980880790551,-0.1265,112.7315,0,0.021505
3.08979747324208,-0.1265,106.4365,0,0.021505
4.62861342607783,27.381,82.389,0,46.82151
3.66493923663674,116.15,0,258.1847,198.6165
3.7522774682628,426.35,0,628.291,729.0585
3.66724440280425,552.87,0,1215.735,945.4077
3.5679955144303,531.32,0,1887.264,908.5572
3.53403452206147,561.84,0,2382.252,960.7464
3.557417305041,637.59,0,2390.642,1090.2789
3.57908547645906,639.34,0,2147.585,1093.2714
3.58172063600868,611.52,0,2027.293,1045.6992
3.63779136968343,621.015,0,1568.875,1061.93565
3.73499377213379,614.39,0,983.053,1050.6069
4.85261146568471,610.675,0,343.0956,2491.554
5.63643929942373,379.0833,149.7317,0,1546.659864
6.96603514252169,56.3727,502.2873,0,230.000616
7.34096854190456,-0.1265,533.1365,0,-0.51612
7.34095956539563,-0.1265,538.1215,0,-0.51612
3.08996112114997,-0.1265,553.3815,0,0.021505
3.08990598639961,-0.1265,228.9965,0,0.021505
3.08978569684649,-0.1265,100.6015,0,0.021505
3.08979445344497,-0.1265,104.8765,0,0.021505
3.08979526554549,-0.1265,105.2915,0,0.021505
3.08981192634474,-0.1265,114.5965,0,0.021505
3.08980029438122,-0.1265,107.9365,0,0.021505
3.08980642431825,-0.1265,111.3465,0,0.021505
4.69559492639067,20.7888,87.9712,0,35.548848
3.7108189396032,116.82,0,209.4696,199.7622
3.78456458282393,425.305,0,535.819,727.27155
3.71594769663074,559.655,0,979.637,957.01005
3.63049736414796,555.215,0,1452.119,949.41765
3.57051622714769,544.005,0,1907.803,930.24855
3.59800575787328,632.965,0,1936.294,1082.37015
3.62371951309567,648.085,0,1750.753,1108.22535
3.60943184484481,600.93,0,1738.886,1027.5903
3.66076459306715,620.295,0,1406.112,1060.70445
3.76881861364605,622.22,0,846.671,1063.9962
4.82757788136219,603.685,0,363.866,2463.0348
5.62525875010789,392.9699,149.0801,0,1603.317192
7.03257080003531,43.2809,487.8341,0,176.586072
7.34097245630381,-0.1265,530.9915,0,-0.51612
7.3409474811764,-0.1265,544.9815,0,-0.51612
3.08995809082821,-0.1265,513.3865,0,0.021505
3.08991175752503,-0.1265,243.9565,0,0.021505
3.08978139437958,-0.1265,98.6265,0,0.021505
3.08979026366992,-0.1265,102.7865,0,0.021505
3.08977521336699,-0.1265,95.9215,0,0.021505
3.08978043463834,-0.1265,98.1965,0,0.021505
3.08979469873077,-0.1265,105.0015,0,0.021505
3.08981303820524,-0.1265,115.2765,0,0.021505
4.63304241019416,25.8772,79.5678,0,44.250012
3.65647572519711,110.565,0,255.7369,189.06615
3.75014155406225,425.35,0,633.256,727.3485
3.66202706022412,559.865,0,1261.625,957.36915
3.57568549676658,533.38,0,1822.444,912.0798
3.54485573926707,549.265,0,2198.729,939.24315
3.55238880806387,620.79,0,2389.034,1061.5509
3.54697687181497,610.065,0,2415.045,1043.21115
3.58085828737009,627.86,0,2090.432,1073.6406
3.61515630746971,613.81,0,1727.741,1049.6151
3.60181826742121,452.165,0,1357.697,773.20215
4.64788717235761,597.995,0,561.948,2439.8196
5.43754310281147,473.425,68.4550000000001,0,1931.574
7.04740977356125,41.0482,490.2968,0,167.476656
7.34093935045187,-0.1265,549.6965,0,-0.51612
7.34097003459174,-0.1265,532.3165,0,-0.51612
3.08995914497975,-0.1265,526.6265,0,0.021505
3.08991444830995,-0.1265,251.6215,0,0.021505
3.08980684160652,-0.1265,111.5865,0,0.021505
3.0898068502809,-0.1265,111.5915,0,0.021505
3.08980141012204,-0.1265,108.5415,0,0.021505
3.0898105261303,-0.1265,113.7515,0,0.021505
3.08978028882747,-0.1265,98.1315,0,0.021505
3.08983072727058,-0.1265,127.2965,0,0.021505
4.71650726171025,20.0783,95.2867,0,34.333893
3.6660037455214,103.795,0,229.5721,177.48945
3.76845588549334,417.72,0,569.404,714.3012
3.68243006110515,586.285,0,1200.716,1002.54735
3.58597313859774,547.795,0,1778.05,936.72945
3.5690682574614,566.45,0,2001.131,968.6295
3.57962084159862,636.495,0,2132.315,1088.40645
3.57426553872921,621.11,0,2137.4,1062.0981
3.58170416677107,600.68,0,1991.52,1027.1628
3.64607438139068,631.92,0,1535.059,1080.5832
3.73031258637384,616.95,0,1009.256,1054.9845
4.7377290402862,593.77,0,451.855,2422.5816
5.4605083023397,450.598,76.9619999999999,0,1838.43984
7.09281885087854,34.1317,495.1183,0,139.257336
7.34096446961366,-0.1265,535.3865,0,-0.51612
7.34095719850853,-0.1265,539.4515,0,-0.51612
3.08996090629053,-0.1265,550.3415,0,0.021505
3.08991100157884,-0.1265,241.8865,0,0.021505
3.08979306894013,-0.1265,104.1765,0,0.021505
3.08980067384383,-0.1265,108.1415,0,0.021505
3.0897702052178,-0.1265,93.8365,0,0.021505
3.08981305445805,-0.1265,115.2865,0,0.021505
3.08980300191914,-0.1265,109.4165,0,0.021505
3.08981241031591,-0.1265,114.8915,0,0.021505
4.80162568481458,12.5738,102.5512,0,21.501198
3.69822783472344,106.21,0,202.0199,181.6191
3.77108662991927,420.22,0,565.5373,718.5762
3.72336550419757,565.63,0,956.136,967.2273
3.67724457266972,542.375,0,1138.074,927.46125
3.70584628095541,536.22,0,984.1796,916.9362
3.66006349270597,635.805,0,1446.025,1087.22655
3.6227531253529,629.295,0,1707.875,1076.09445
3.61868531807786,599.265,0,1658.412,1024.74315
3.64749102423708,629.89,0,1519.928,1077.1119
3.70333896170736,600.975,0,1116.067,1027.66725
4.95121479910772,609.125,0,251.244,2485.23
5.64229825621044,380.0074,153.2376,0,1550.430192
7.1166718930725,30.3444,493.6756,0,123.805152
7.34095097272393,-0.1265,542.9815,0,-0.51612
7.3409951536104,-0.1265,518.8865,0,-0.51612
3.08996049696127,-0.1265,544.6415,0,0.021505
3.08991450442983,-0.1265,251.7865,0,0.021505
3.08979457125526,-0.1265,104.9365,0,0.021505
3.08977533078767,-0.1265,95.9715,0,0.021505
3.08978578223601,-0.1265,100.6415,0,0.021505
3.08976505869436,-0.1265,91.7865,0,0.021505
3.08979070254067,-0.1265,103.0015,0,0.021505
3.08981964717772,-0.1265,119.4915,0,0.021505
4.81219088347808,10.8028,95.4522,0,18.472788
3.79450122623857,114.86,0,137.7452,196.4106
3.84890023133698,422.04,0,381.405,721.6884
3.7537013774489,538.045,0,787.5,920.05695
3.67973396423921,548,0,1136.557,937.08
3.58133101414125,551.025,0,1830.293,942.25275
3.60990689936848,637.275,0,1839.822,1089.74025
3.58319806983202,622.78,0,2049.49,1064.9538
3.61220817894637,624.365,0,1782.614,1067.66415
3.61706881291117,609.605,0,1700.184,1042.42455
3.58416479957062,455.625,0,1492.215,779.11875
4.60945066038714,602.835,0,616.973,2459.5668
5.29003692365726,548.715,0,5.38600000000008,2238.7572
7.0124645783705,47.8503,500.3547,0,195.229224
7.3409643704975,-0.1265,535.4415,0,-0.51612
7.34097576561358,-0.1265,529.1915,0,-0.51612
3.08995768344144,-0.1265,508.4465,0,0.021505
3.08990761008491,-0.1265,233.0165,0,0.021505
3.08979515828678,-0.1265,105.2365,0,0.021505
3.08980659840728,-0.1265,111.4465,0,0.021505
3.08979909098128,-0.1265,107.2915,0,0.021505
3.08980430163302,-0.1265,110.1415,0,0.021505
3.08977942119218,-0.1265,97.7465,0,0.021505
3.08981919987221,-0.1265,119.1965,0,0.021505
4.77826416497838,13.6869,94.6931,0,23.404599
3.74376449427193,117.805,0,180.8045,201.44655
3.85827561673611,412.585,0,354.0864,705.52035
3.6770176864936,429.51,0,902.2053,734.4621
3.64939652112176,548.465,0,1311.605,937.87515
3.57802961396304,542.385,0,1831.557,927.47835
3.61553216749704,642.53,0,1805.311,1098.7263
3.60750488259651,606.42,0,1771.228,1036.9782
3.6272737254902,616.15,0,1636.45,1053.6165
3.52791808462202,435.305,0,1907.745,744.37155
3.59264444203413,450.165,0,1413.799,769.78215
4.55714439451465,580.22,0,664.567,2367.2976
5.34334456494483,499.618,21.692,0,2038.44144
7.05223772385057,40.6397,494.9253,0,165.809976
7.34099921881579,-0.1265,516.7765,0,-0.51612
7.34095007993726,-0.1265,543.4915,0,-0.51612
3.08996054769088,-0.1265,545.3415,0,0.021505
3.08991692853846,-0.1265,259.1265,0,0.021505
3.08980933339835,-0.1265,113.0415,0,0.021505
3.08979649581021,-0.1265,105.9265,0,0.021505
3.0897873392436,-0.1265,101.3765,0,0.021505
3.08979280976169,-0.1265,104.0465,0,0.021505
3.08978636745196,-0.1265,100.9165,0,0.021505
3.08982528121154,-0.1265,123.3365,0,0.021505
4.70572681096281,18.7302,83.7348,0,32.028642
3.67958764317694,121.965,0,253.1298,208.56015
3.7281942834516,409.345,0,676.373,699.97995
3.6790168798057,559.735,0,1164.798,957.14685
3.60816408675197,536.19,0,1561.105,916.8849
3.61162981482753,550.89,0,1577.236,942.0219
3.61399318492433,606.18,0,1715.854,1036.5678
3.68311606482255,622.04,0,1269.86,1063.6884
3.6498738794536,633.17,0,1510.765,1082.7207
3.64475913781536,606.33,0,1482.076,1036.8243
3.71557691256263,609.105,0,1068.055,1041.56955
4.99105757970275,609.74,0,217.641,2487.7392
5.63851971319993,392.3566,156.1234,0,1600.814928
7.1666095690517,24.2671,522.4879,0,99.009768
7.34096781543025,-0.1265,533.5365,0,-0.51612
7.34100191503756,-0.1265,515.3865,0,-0.51612
3.08996127098872,-0.1265,555.5215,0,0.021505
3.08990995819263,-0.1265,239.0865,0,0.021505
3.0897973587377,-0.1265,106.3765,0,0.021505
3.0897894422496,-0.1265,102.3865,0,0.021505
3.08976757256265,-0.1265,92.7765,0,0.021505
3.08978591019279,-0.1265,100.7015,0,0.021505
3.08980458615974,-0.1265,110.3015,0,0.021505
3.08981916946609,-0.1265,119.1765,0,0.021505
4.83898249528788,10.2803,113.6147,0,17.579313
3.70587775486596,126.045,0,231.3092,215.53695
3.75552991056034,436.135,0,632.767,745.79085
3.59846354508101,436.29,0,1331.663,746.0559
3.51083899902864,411.815,0,1983.763,704.20365
3.54105250848026,558.665,0,2281.74,955.31715
3.5586719821224,626.21,0,2332.848,1070.8191
3.56121942998011,645.385,0,2373.032,1103.60835
3.48611060824155,430.65,0,2395.564,736.4115
3.50799947724895,420.59,0,2058.862,719.2089
3.57401418199259,450.63,0,1552.697,770.5773
4.53138082245026,606.085,0,732.823,2472.8268
5.27209549558332,516.03,0,14.3130000000001,2105.4024
7.12646803719633,30.5961,523.4139,0,124.832088
7.34094354920534,-0.1265,547.2515,0,-0.51612
7.34098347254682,-0.1265,525.0465,0,-0.51612
3.08995989171416,-0.1265,536.4265,0,0.021505
3.08990735535178,-0.1265,232.3765,0,0.021505
3.08981647657207,-0.1265,117.4315,0,0.021505
3.08979854517862,-0.1265,107.0015,0,0.021505
3.08978882194955,-0.1265,102.0865,0,0.021505
3.08980149261309,-0.1265,108.5865,0,0.021505
3.08978252185653,-0.1265,99.1365,0,0.021505
3.08980691964787,-0.1265,111.6315,0,0.021505
4.86812912599585,7.3312,108.3988,0,12.536352
3.68163236122689,112.25,0,230.7485,191.9475
3.76475070306015,418.165,0,580.334,715.06215
3.6128055974268,434.575,0,1237.175,743.12325
3.52748160891193,416.08,0,1827.824,711.4968
3.51815196249053,442.4,0,2045.66,756.504
3.50505504823714,441.845,0,2199.515,755.55495
3.49322793480388,439.07,0,2341.07,750.8097
3.50980900413769,443.625,0,2149.465,758.59875
3.52041390298045,411.21,0,1877.778,703.1691
3.61294342853339,449.62,0,1279.155,768.8502
4.68173118759832,579.675,0,504.167,2365.074
5.49649255449178,418.098,89.127,0,1705.83984
7.21966452302242,15.7121,501.2979,0,64.105368
7.34097528621113,-0.1265,529.4515,0,-0.51612
7.34097774350998,-0.1265,528.1215,0,-0.51612
3.0899579482336,-0.1265,511.6465,0,0.021505
3.08991164331922,-0.1265,243.6415,0,0.021505
3.08980722254344,-0.1265,111.8065,0,0.021505
3.08979536295598,-0.1265,105.3415,0,0.021505
3.08981280222148,-0.1265,115.1315,0,0.021505
3.08980916420043,-0.1265,112.9415,0,0.021505
3.08979239973549,-0.1265,103.8415,0,0.021505
3.08981084278533,-0.1265,113.9415,0,0.021505
4.9207411116675,3.7162,121.5738,0,6.354702
3.72108480550494,110.8,0,189.3179,189.468
3.83959186423588,427.59,0,406.361,731.1789
3.65117242139752,435.67,0,1033.18,744.9957
3.56382812592606,419.7,0,1522.748,717.687
3.50567016636784,430.695,0,2136.485,736.48845
3.4939029495005,437.88,0,2325.46,748.7748
3.49994176536853,440.94,0,2260.58,754.0074
3.51263548512266,431.77,0,2058.958,738.3267
3.54131386888959,434.37,0,1771.63,742.7727
3.64876484034383,466.96,0,1120.025,798.5016
4.79688146936301,609.01,0,398.735,2484.7608
5.64905578449766,379.4025,156.6375,0,1547.9622
7.25837438112525,10.9285,524.3965,0,44.58828
7.34096672775989,-0.1265,534.1365,0,-0.51612
7.34097492696831,-0.1265,529.6465,0,-0.51612
3.08995901690112,-0.1265,524.9815,0,0.021505
3.08991214147245,-0.1265,245.0215,0,0.021505
3.08978049066792,-0.1265,98.2215,0,0.021505
3.08977988403097,-0.1265,97.9515,0,0.021505
3.08979438465988,-0.1265,104.8415,0,0.021505
3.0897996525012,-0.1265,107.5915,0,0.021505
3.0897881145098,-0.1265,101.7465,0,0.021505
3.08982238795492,-0.1265,121.3315,0,0.021505
4.91564027259238,3.6315,106.9735,0,6.209865
3.93911307953036,120.005,0,62.1614,205.20855
3.8615470466761,421.955,0,355.569,721.54305
3.69082567357746,441.685,0,869.732,755.28135
3.55951127379197,414.205,0,1536.411,708.29055
3.5426008598911,417.555,0,1691.489,714.01905
3.64520698773155,648.4,0,1581.559,1108.764
3.58167930809102,618.8,0,2051.85,1058.148
3.62405979434761,618.31,0,1667.601,1057.3101
3.65614383528439,602.115,0,1394.868,1029.61665
3.71543063612022,439.355,0,770.931,751.29705
5.02744577689083,593.695,0,183.105,2422.2756
5.61564404128167,375.525,137.48,0,1532.142
7.24574687817538,12.6337,521.6163,0,51.545496
7.34096573287415,-0.1265,534.6865,0,-0.51612
7.34095911959912,-0.1265,538.3715,0,-0.51612
3.08995921896882,-0.1265,527.5815,0,0.021505
3.08991190212348,-0.1265,244.3565,0,0.021505
3.08976947855309,-0.1265,93.5415,0,0.021505
3.08980770520461,-0.1265,112.0865,0,0.021505
3.08981140679742,-0.1265,114.2815,0,0.021505
3.0898104760352,-0.1265,113.7215,0,0.021505
3.08979847910527,-0.1265,106.9665,0,0.021505
3.08982023514464,-0.1265,119.8815,0,0.021505
4.85733091208949,8.1021,106.7629,0,13.854591
3.72652353628207,120.205,0,200.1906,205.55055
3.81562141855398,442.055,0,476.374,755.91405
3.75070540249175,542.22,0,805.077,927.1962
3.62700084402678,557.385,0,1482.304,953.12835
3.61189614923078,565.23,0,1616.212,966.5433
3.61515298322195,623.68,0,1755.551,1066.4928
3.65772474031872,657.105,0,1510.984,1123.64955
3.6316053754794,632.355,0,1645.17,1081.32705
3.67697382478632,624.46,0,1311.976,1067.8266
3.81200387225191,623.735,0,684.739,1066.58685
4.95816708338338,609.935,0,245.554,2488.5348
5.86818510540833,314.6035,242.9015,0,1283.58228
7.28687978622295,7.2343,541.1757,0,29.515944
7.34095508180613,-0.1265,540.6465,0,-0.51612
7.34097575638986,-0.1265,529.1965,0,-0.51612
3.08996022957917,-0.1265,540.9815,0,0.021505
3.08991477210803,-0.1265,252.5765,0,0.021505
3.08978924621589,-0.1265,102.2915,0,0.021505
3.08979571286757,-0.1265,105.5215,0,0.021505
3.08977299476954,-0.1265,94.9865,0,0.021505
3.08978822926976,-0.1265,101.8015,0,0.021505
3.08978848962611,-0.1265,101.9265,0,0.021505
3.08980103346024,-0.1265,108.3365,0,0.021505
4.97188225210684,-0.1265,115.1765,0,-0.216315
3.71149795115242,110.57,0,197.632,189.0747
3.78768747939373,420.25,0,521.343,718.6275
3.62056485083494,437.63,0,1200.226,748.3473
3.58282405568249,523.695,0,1726.624,895.51845
3.55400535607098,558.55,0,2131.55,955.1205
3.56822230702684,628.185,0,2228.765,1074.19635
3.56263188782584,603.125,0,2201.665,1031.34375
3.58975835596253,620.315,0,1976.085,1060.73865
3.63147716172536,613.14,0,1596.153,1048.4694
3.59890781997234,451.975,0,1376.544,772.87725
4.68901951094678,595.36,0,509.095,2429.0688
5.59429176050722,415.298,140.022,0,1694.41584
7.26857814727016,9.9447,548.2053,0,40.574376
7.34097540601757,-0.1265,529.3865,0,-0.51612
7.34100474319304,-0.1265,513.9365,0,-0.51612
3.08995957201417,-0.1265,532.1865,0,0.021505
3.08991922504118,-0.1265,266.4865,0,0.021505
3.08979218909295,-0.1265,103.7365,0,0.021505
3.08976918164401,-0.1265,93.4215,0,0.021505
3.089807274373,-0.1265,111.8365,0,0.021505
3.08978418060385,-0.1265,99.8965,0,0.021505
3.08980939254677,-0.1265,113.0765,0,0.021505
3.08982238795492,-0.1265,121.3315,0,0.021505
4.97192625012801,-0.1265,112.5515,0,-0.216315
3.73175967838178,114.43,0,185.9175,195.6753
3.78817249068998,421.755,0,521.955,721.20105
3.63417296507502,439.39,0,1129.267,751.3569
3.53079907752246,420.455,0,1814.114,718.97805
3.50690478951911,434.485,0,2140.163,742.96935
3.48542193846899,441.04,0,2463.55,754.1784
3.49324637565654,434.71,0,2317.571,743.3541
3.51189537409113,435.24,0,2084.161,744.2604
3.54033109897737,419.705,0,1720.761,717.69555
3.64131194937649,452.89,0,1125.213,774.4419
4.73932989479588,575.385,0,436.145,2347.5708
5.74830558620273,341.1488,192.1712,0,1391.887104
7.33656862002127,0.4539,538.7911,0,1.851912
7.34100316136161,-0.1265,514.7465,0,-0.51612
7.34093451158226,-0.1265,552.5415,0,-0.51612
3.08995913527544,-0.1265,526.5015,0,0.021505
3.0899120174615,-0.1265,244.6765,0,0.021505
3.0897824228413,-0.1265,99.0915,0,0.021505
3.08977940987911,-0.1265,97.7415,0,0.021505
3.08979336718761,-0.1265,104.3265,0,0.021505
3.089798865491,-0.1265,107.1715,0,0.021505
3.08980573359169,-0.1265,110.9515,0,0.021505
3.08981696080893,-0.1265,117.7415,0,0.021505
4.9719042064816,-0.1265,113.8515,0,-0.216315
3.69898808953078,113.79,0,215.6687,194.5809
3.79262263600018,416.025,0,503.61,711.40275
3.66671371401943,438.44,0,966.511,749.7324
3.5545320422802,427.325,0,1626.322,730.72575
3.52588531720317,434.785,0,1926.682,743.48235
3.49349469629954,436.065,0,2321.395,745.67115
3.49302160595418,426.42,0,2276.39,729.1782
3.52931654915335,414.69,0,1803.655,709.1199
3.56511360976443,423.065,0,1524.925,723.44115
3.68911247256526,458.26,0,909.632,783.6246
4.91765444167383,601.395,0,277.429,2453.6916
5.81116898260616,327.775,219.185,0,1337.322
7.33782034550738,0.2721,508.7879,0,1.110168
7.34097401623172,-0.1265,530.1415,0,-0.51612
7.3409736671078,-0.1265,530.3315,0,-0.51612
3.0899603761365,-0.1265,542.9815,0,0.021505
3.0899092208102,-0.1265,237.1465,0,0.021505
3.08979015110487,-0.1265,102.7315,0,0.021505
3.08979728232949,-0.1265,106.3365,0,0.021505
3.08976609363868,-0.1265,92.1915,0,0.021505
3.08979651506621,-0.1265,105.9365,0,0.021505
3.08979941891646,-0.1265,107.4665,0,0.021505
3.08979505091562,-0.1265,105.1815,0,0.021505
4.97193807200742,-0.1265,111.8665,0,-0.216315
3.73566503130865,119.01,0,189.817,203.5071
3.7372434594984,416.885,0,659.961,712.87335
3.58389097246546,443.42,0,1454.22,758.2482
3.5067819587083,426.53,0,2102.449,729.3663
3.4762420945564,425.32,0,2512.707,727.2972
3.47181496287519,447.43,0,2717.28,765.1053
3.47371963573222,453.105,0,2719.145,774.80955
3.47367634858454,422.485,0,2536.075,722.44935
3.4994214573934,415.97,0,2139.008,711.3087
3.57630422400746,443.3,0,1509.963,758.043
4.60042183758683,588.07,0,613.838,2399.3256
5.5327621070126,422.169,108.746,0,1722.44952
7.34095870983201,-0.1265,538.6015,0,-0.51612
7.34096794248458,-0.1265,533.4665,0,-0.51612
7.34098783957464,-0.1265,522.7265,0,-0.51612
3.08996053972771,-0.1265,545.2315,0,0.021505
3.0899084654069,-0.1265,235.1915,0,0.021505
3.08981018328501,-0.1265,113.5465,0,0.021505
3.08979406962659,-0.1265,104.6815,0,0.021505
3.08978141659933,-0.1265,98.6365,0,0.021505
3.08981223834075,-0.1265,114.7865,0,0.021505
3.08977976004547,-0.1265,97.8965,0,0.021505
3.08982340889402,-0.1265,122.0315,0,0.021505
4.97182654513061,-0.1265,118.6815,0,-0.216315
3.77564840182217,127.81,0,168.2252,218.5551
3.77684583912256,424.85,0,555.929,726.4935
3.61664481441463,435.665,0,1217.547,744.98715
3.53665691125872,437.165,0,1827.761,747.55215
3.54883650441589,554.71,0,2174.632,948.5541
3.56079101956434,627.925,0,2313.91,1073.75175
3.55953084672651,627.305,0,2326.629,1072.69155
3.4973443863609,449.515,0,2339.6,768.67065
3.51805758526771,419.215,0,1939.468,716.85765
3.62021218081099,462.48,0,1270.526,790.8408
4.74694307635147,582.655,0,433.428,2377.2324
5.67321762577069,359.987,161.213,0,1468.74696
7.33836770344898,0.2063,515.2437,0,0.841704
7.34095015864512,-0.1265,543.4465,0,-0.51612
7.34097622702215,-0.1265,528.9415,0,-0.51612
3.08995994139765,-0.1265,537.0915,0,0.021505
3.08991976898841,-0.1265,268.2915,0,0.021505
3.08980863777324,-0.1265,112.6315,0,0.021505
3.08977803237909,-0.1265,97.1365,0,0.021505
3.08980415014093,-0.1265,110.0565,0,0.021505
3.08979314855695,-0.1265,104.2165,0,0.021505
3.0897820921384,-0.1265,98.9415,0,0.021505
3.08980863777324,-0.1265,112.6315,0,0.021505
4.97199914975024,-0.1265,108.4565,0,-0.216315
3.74656444148662,114.755,0,173.7892,196.23105
3.78835465719749,424.19,0,524.495,725.3649
3.60698264396229,427.175,0,1250.854,730.46925
3.53382440547191,422.88,0,1795.074,723.1248
3.56086700154806,556.115,0,2048.491,950.95665
3.57527485876816,628.64,0,2152.362,1074.9744
3.5629912708892,615.41,0,2242.386,1052.3511
3.57577659292,619.675,0,2116.327,1059.64425
3.52952198580004,430.89,0,1872.03,736.8219
3.62399938586812,460.3,0,1241.802,787.113
4.77459165762134,598.505,0,415.24,2441.9004
5.7319126535567,341.568,183.482,0,1393.59744
7.340969014698,-0.1265,532.8765,0,-0.51612
7.34092963857896,-0.1265,555.4365,0,-0.51612
7.34097578406155,-0.1265,529.1815,0,-0.51612
3.08995825678145,-0.1265,515.4265,0,0.021505
3.08991506831462,-0.1265,253.4565,0,0.021505
3.08978622941694,-0.1265,100.8515,0,0.021505
3.08980481672922,-0.1265,110.4315,0,0.021505
3.089800683081,-0.1265,108.1465,0,0.021505
3.08977397299868,-0.1265,95.3965,0,0.021505
3.08979279978032,-0.1265,104.0415,0,0.021505
3.08981902489723,-0.1265,119.0815,0,0.021505
4.97192308205203,-0.1265,112.7365,0,-0.216315
3.77127806885151,109.175,0,146.7923,186.68925
3.8140260327739,431.885,0,469.242,738.52335
3.64750467729292,433.62,0,1046.26,741.4902
3.62033761264964,535.79,0,1471.038,916.2009
3.59154855050603,536,0,1692.482,916.56
3.59184717517851,626.68,0,1975.906,1071.6228
3.56576404869973,629.06,0,2259.928,1075.6926
3.60038012282744,619.875,0,1874.375,1059.98625
3.65767867637865,608.19,0,1398.809,1040.0049
3.69875330659788,623.295,0,1182.644,1065.83445
4.68731809181429,592.04,0,508.271,2415.5232
5.67514060014187,355.494,160.206,0,1450.41552
7.2594079119436,10.649,517.811,0,43.44792
7.34093225811404,-0.1265,553.8765,0,-0.51612
7.34097404380479,-0.1265,530.1265,0,-0.51612
3.08995994848524,-0.1265,537.1865,0,0.021505
3.08991625566847,-0.1265,257.0465,0,0.021505
3.08979862063799,-0.1265,107.0415,0,0.021505
3.08979167574846,-0.1265,103.4815,0,0.021505
3.08977429325609,-0.1265,95.5315,0,0.021505
3.08980839054293,-0.1265,112.4865,0,0.021505
3.0897919880832,-0.1265,103.6365,0,0.021505
3.08981035068148,-0.1265,113.6465,0,0.021505
4.97179710638581,-0.1265,120.6215,0,-0.216315
3.7280164461854,107,0,176.9478,182.97
3.79097762142061,423.84,0,517.286,724.7664
3.6095412306621,434.445,0,1256.47,742.90095
3.5915506733203,536.455,0,1693.901,917.33805
3.55636734450829,553.005,0,2084.755,945.63855
3.56826459066261,622.845,0,2209.345,1065.06495
3.5681631882822,625.51,0,2219.94,1069.6221
3.5831660306399,615.07,0,2024.44,1051.7697
3.62183990846759,605.315,0,1649.996,1035.08865
3.71959316093075,621.41,0,1069.249,1062.6111
4.74842430372767,587.515,0,435.439,2397.0612
5.75989922057749,335.096,195.064,0,1367.19168
7.34090909651356,-0.1265,567.9815,0,-0.51612
7.34094660361111,-0.1265,545.4865,0,-0.51612
7.34096024380056,-0.1265,537.7415,0,-0.51612
3.08995963272443,-0.1265,532.9865,0,0.021505
3.08991047919958,-0.1265,240.4765,0,0.021505
3.08980484329838,-0.1265,110.4465,0,0.021505
3.08979830900317,-0.1265,106.8765,0,0.021505
3.08977059742809,-0.1265,93.9965,0,0.021505
3.08980158418948,-0.1265,108.6365,0,0.021505
3.08980421254842,-0.1265,110.0915,0,0.021505
3.08981113350635,-0.1265,114.1165,0,0.021505
4.97181276895293,-0.1265,119.5815,0,-0.216315
3.76618230306186,114.15,0,157.3249,195.1965
3.8402105179092,424.86,0,402.43,726.5106
3.74191105662368,570.55,0,883.424,975.6405
3.61618761264787,537.625,0,1505.802,919.33875
3.55944599044883,559.235,0,2075.067,956.29185
3.57749893174275,634.4,0,2147.98,1084.824
3.58461417919545,646.285,0,2111.925,1105.14735
3.5805512377311,613.835,0,2046.87,1049.65785
3.6066915067743,595.305,0,1745.636,1017.97155
3.71272996092732,635.245,0,1128.885,1086.26895
4.76551459547295,634.015,0,450.174,2586.7812
5.70816957180015,350.286,175.234,0,1429.16688
7.34097741021895,-0.1265,528.3015,0,-0.51612
7.34094991381904,-0.1265,543.5865,0,-0.51612
7.34096891464551,-0.1265,532.9315,0,-0.51612
3.08996108350894,-0.1265,552.8465,0,0.021505
3.08991681607281,-0.1265,258.7765,0,0.021505
3.08978862475857,-0.1265,101.9915,0,0.021505
3.08979804382839,-0.1265,106.7365,0,0.021505
3.08978671704925,-0.1265,101.0815,0,0.021505
3.08980410553979,-0.1265,110.0315,0,0.021505
3.08980615386002,-0.1265,111.1915,0,0.021505
3.08980264033369,-0.1265,109.2165,0,0.021505
4.97180678814101,-0.1265,119.9765,0,-0.216315
3.74722290763261,117.805,0,177.8487,201.44655
3.76053365355159,410.855,0,581.916,702.56205
3.58136559194075,424.33,0,1409.218,725.6043
3.52663358020262,452.025,0,1994.92,772.96275
3.5381851513046,554.675,0,2300.229,948.49425
3.54782029856642,620.415,0,2445.184,1060.90965
3.56814574310446,629.94,0,2235.86,1077.1974
3.60007659741606,608.615,0,1843.056,1040.73165
3.65193037824597,604.08,0,1427.453,1032.9768
3.64987210866736,447.215,0,1067.079,764.73765
4.89130863644006,606.405,0,303.845,2474.1324
5.92398286223014,299.396,263.864,0,1221.53568
7.34096583227057,-0.1265,534.6315,0,-0.51612
7.34093449466185,-0.1265,552.5515,0,-0.51612
7.34096907837852,-0.1265,532.8415,0,-0.51612
3.08996059901227,-0.1265,546.0515,0,0.021505
3.0899198766014,-0.1265,268.6515,0,0.021505
3.0897931087562,-0.1265,104.1965,0,0.021505
3.08981021678794,-0.1265,113.5665,0,0.021505
3.08978612311472,-0.1265,100.8015,0,0.021505
3.08978924621589,-0.1265,102.2915,0,0.021505
3.08979738737593,-0.1265,106.3915,0,0.021505
3.08980686762731,-0.1265,111.6015,0,0.021505
4.9719258213998,-0.1265,112.5765,0,-0.216315
3.85371960440867,122.76,0,108.0469,209.9196
3.837553667398,402.715,0,386.914,688.64265
3.67765741836272,429.79,0,900.094,734.9409
3.59095881863561,435.5,0,1379.144,744.705
3.55824777939319,431.635,0,1611.504,738.09585
3.64429348436339,624.445,0,1529.718,1067.80095
3.65688836314663,637.48,0,1471.633,1090.0908
3.56575307955999,427.345,0,1535.343,730.75995
3.59974666357919,414.42,0,1257.003,708.6582
3.7087159558995,449.05,0,813.173,767.8755
5.07626419466297,607.86,0,149.758,2480.0688
6.00339542354356,257.9085,271.4515,0,1052.26668
7.34098135012649,-0.1265,526.1815,0,-0.51612
7.34097354772812,-0.1265,530.3965,0,-0.51612
7.34096981586239,-0.1265,532.4365,0,-0.51612
3.08996028833201,-0.1265,541.7815,0,0.021505
3.08991514037057,-0.1265,253.6715,0,0.021505
3.08976852325262,-0.1265,93.1565,0,0.021505
3.08980702360495,-0.1265,111.6915,0,0.021505
3.08981166280592,-0.1265,114.4365,0,0.021505
3.08979157479514,-0.1265,103.4315,0,0.021505
3.0897659154117,-0.1265,92.1215,0,0.021505
3.08980572481672,-0.1265,110.9465,0,0.021505
4.97193270403445,-0.1265,112.1765,0,-0.216315
3.78831625045127,129.91,0,160.6594,222.1461
3.76706535888248,423.705,0,581.47,724.53555
3.60717750870637,445.285,0,1302.652,761.43735
3.52479469482696,425.395,0,1896.34,727.42545
3.48473242343303,420.935,0,2361.045,719.79885
3.56934255186434,626.73,0,2211.011,1071.7083
3.56403729080642,616.74,0,2235.257,1054.6254
3.48635391490191,416.4,0,2312.911,712.044
3.53092943133391,433.2,0,1867.788,740.772
3.61824081188314,459.165,0,1273.414,785.17215
4.76897259739976,592.98,0,417.355,2419.3584
5.89195927292665,298.2834,243.8766,0,1216.996272
7.34091821022659,-0.1265,562.3465,0,-0.51612
7.34096861461198,-0.1265,533.0965,0,-0.51612
7.34093347211584,-0.1265,553.1565,0,-0.51612
3.08995957961294,-0.1265,532.2865,0,0.021505
3.08991248293305,-0.1265,245.9765,0,0.021505
3.08978796827165,-0.1265,101.6765,0,0.021505
3.0898044706706,-0.1265,110.2365,0,0.021505
3.08979490431888,-0.1265,105.1065,0,0.021505
3.08977723913257,-0.1265,96.7915,0,0.021505
3.0898160841882,-0.1265,117.1815,0,0.021505
3.08982486144875,-0.1265,123.0415,0,0.021505
4.97187816641849,-0.1265,115.4265,0,-0.216315
3.76018091722975,106.465,0,151.0486,182.05515
3.80847111567194,428.83,0,479.328,733.2993
3.60536257910208,410.05,0,1210.188,701.1855
3.60048559346572,532.265,0,1608.632,910.17315
3.5657556897147,549.49,0,1974.153,939.6279
3.59400104030737,645.875,0,2014.965,1104.44625
3.58122728331992,619.085,0,2057.426,1058.63535
3.59673787169035,621.83,0,1914.076,1063.3293
3.6271161774237,601.215,0,1597.985,1028.07765
3.71195352981069,596.28,0,1063.51,1019.6388
4.85362945234854,616.585,0,345.407,2515.6668
5.86361383345042,282.792,215.913,0,1153.79136
7.34099430047671,-0.1265,519.3315,0,-0.51612
7.34096294009051,-0.1265,536.2365,0,-0.51612
7.3409561434141,-0.1265,540.0465,0,-0.51612
3.08996011192033,-0.1265,539.3865,0,0.021505
3.0899064485467,-0.1265,230.1265,0,0.021505
3.08979058024998,-0.1265,102.9415,0,0.021505
3.08979445344497,-0.1265,104.8765,0,0.021505
3.08980941788485,-0.1265,113.0915,0,0.021505
3.08980026655893,-0.1265,107.9215,0,0.021505
3.08981926065379,-0.1265,119.2365,0,0.021505
3.0898112743915,-0.1265,114.2015,0,0.021505
4.97205293802227,-0.1265,105.6215,0,-0.216315
3.86339536230358,127.36,0,106.2135,217.7856
3.88203913194655,429.46,0,321.6755,734.3766
3.78314716059081,563.93,0,715.446,964.3203
3.66996950353301,532.46,0,1155.993,910.5066
3.63203541652312,539.935,0,1401.853,923.28885
3.64926851257069,633.28,0,1515.347,1082.9088
3.63736882694495,624.11,0,1579.857,1067.2281
3.66924343774043,641.11,0,1396.621,1096.2981
3.70240762904138,584.525,0,1090.264,999.53775
3.72297279320766,446.945,0,756.911,764.27595
5.19360862422222,597.19,0,65.7173999999999,2436.5352
6.24473160476449,199.9384,344.9166,0,815.748672
7.34099050316801,-0.1265,521.3215,0,-0.51612
7.34097138560594,-0.1265,531.5765,0,-0.51612
7.34094126915954,-0.1265,548.5765,0,-0.51612
3.08995775742093,-0.1265,509.3365,0,0.021505
3.08991541739676,-0.1265,254.5015,0,0.021505
3.08980489641501,-0.1265,110.4765,0,0.021505
3.08981330601579,-0.1265,115.4415,0,0.021505
3.08978789507686,-0.1265,101.6415,0,0.021505
3.0897918975019,-0.1265,103.5915,0,0.021505
3.08978920489911,-0.1265,102.2715,0,0.021505
3.08983091360121,-0.1265,127.4365,0,0.021505
4.97194373183213,-0.1265,111.5415,0,-0.216315
3.82341377624783,114.655,0,118.6759,196.06005
3.8560023408838,402.545,0,349.8584,688.35195
3.70435234251343,436.735,0,807.2162,746.81685
3.6033715525998,419.09,0,1248.9,716.6439
3.55708565419448,424.755,0,1595.344,726.33105
3.5585952484863,443.32,0,1652.172,758.0772
3.56570720820876,453.485,0,1629.638,775.45935
3.55628458849033,427.285,0,1611.496,730.65735
3.58658789193133,424.04,0,1372.175,725.1084
3.68004779317728,466.735,0,966.592,798.11685
4.98089441520364,608.96,0,225.839,2484.5568
6.09407301461857,240.4964,306.5536,0,981.225312
7.34097947843513,-0.1265,527.1865,0,-0.51612
7.34092139029748,-0.1265,560.4065,0,-0.51612
7.34098713107143,-0.1265,523.1015,0,-0.51612
3.08995896254724,-0.1265,524.2865,0,0.021505
3.08991293116886,-0.1265,247.2415,0,0.021505
3.08977813542972,-0.1265,97.1815,0,0.021505
3.08981480125906,-0.1265,116.3715,0,0.021505
3.08979852630494,-0.1265,106.9915,0,0.021505
3.08978818755325,-0.1265,101.7815,0,0.021505
3.08979239973549,-0.1265,103.8415,0,0.021505
3.08981345177115,-0.1265,115.5315,0,0.021505
4.97195807139269,-0.1265,110.7265,0,-0.216315
3.83650572363719,113.965,0,110.1068,194.88015
3.87847564647242,432.47,0,330.78,739.5237
3.69667716052189,426.915,0,817.942,730.02465
3.58622217251835,404.29,0,1310.638,691.3359
3.55736421169761,427.58,0,1603.649,731.1618
3.54822452728943,444.78,0,1749.264,760.5738
3.55231746513061,458.895,0,1766.656,784.71045
3.56177409534397,415.925,0,1524.985,711.23175
3.6031342910845,412.2,0,1229.787,704.862
3.71677650650035,437.89,0,763.516,748.7919
5.14247375771883,598.27,0,100.127,2440.9416
6.23171677679607,192.0362,322.8838,0,783.507696
7.34098011084451,-0.1265,526.8465,0,-0.51612
7.34098652728519,-0.1265,523.4215,0,-0.51612
7.34093087094653,-0.1265,554.7015,0,-0.51612
3.08995879309073,-0.1265,522.1315,0,0.021505
3.08991026253581,-0.1265,239.8965,0,0.021505
3.08979918478641,-0.1265,107.3415,0,0.021505
3.08980376590609,-0.1265,109.8415,0,0.021505
3.0897903454596,-0.1265,102.8265,0,0.021505
3.08979127134725,-0.1265,103.2815,0,0.021505
3.08981488893767,-0.1265,116.4265,0,0.021505
3.08980462166742,-0.1265,110.3215,0,0.021505
4.97187873734676,-0.1265,115.3915,0,-0.216315
3.8336452065266,112.96,0,110.8066,193.1616
3.86771248611322,435.7,0,354.586,745.047
3.67531379353667,440.765,0,933.262,753.70815
3.57393696754831,425.87,0,1467.954,728.2377
3.5282084962565,437.63,0,1914.91,748.3473
3.5178977482218,438.09,0,2028.591,749.1339
3.5255767431441,451.325,0,2003.349,771.76575
3.55020504151111,428.66,0,1668.51,733.0086
3.59296859417645,427.21,0,1339.568,730.5291
3.7055309825966,452.555,0,831.849,773.86905
5.10794530820646,588.275,0,122.2774,2400.162
6.22784047677055,197.8124,330.0576,0,807.074592
7.34092403793046,-0.1265,558.8015,0,-0.51612
7.34096828751453,-0.1265,533.2765,0,-0.51612
7.34095640918495,-0.1265,539.8965,0,-0.51612
3.08995956365223,-0.1265,532.0765,0,0.021505
3.08990961380444,-0.1265,238.1765,0,0.021505
3.08979107870615,-0.1265,103.1865,0,0.021505
3.08980231377001,-0.1265,109.0365,0,0.021505
3.08978923588821,-0.1265,102.2865,0,0.021505
3.08979295936689,-0.1265,104.1215,0,0.021505
3.08976861042517,-0.1265,93.1915,0,0.021505
3.08981459368817,-0.1265,116.2415,0,0.021505
4.97174901053942,-0.1265,123.9315,0,-0.216315
3.82468816503055,115.45,0,118.708,197.4195
3.84249822491761,412.11,0,385.583,704.7081
3.66536879230205,441.87,0,980.236,755.5977
3.56332241439443,424.165,0,1542.928,725.32215
3.52380999657651,428.105,0,1918.74,732.05955
3.51401196428882,444.78,0,2104.684,760.5738
3.5252794075214,459.685,0,2043.775,786.06135
3.52759739297074,430.675,0,1890.748,736.45425
3.56631897234619,419.705,0,1503.558,717.69555
3.67489216637711,450.52,0,955.802,770.3892
5.05870442341503,611.075,0,163.951,2493.186
6.22840669280495,196.1611,327.6689,0,800.337288
7.34096139750225,-0.1265,537.0965,0,-0.51612
7.34098107964001,-0.1265,526.3265,0,-0.51612
7.34097008017277,-0.1265,532.2915,0,-0.51612
3.08995934963192,-0.1265,529.2765,0,0.021505
3.08991423506492,-0.1265,250.9965,0,0.021505
3.08978640988841,-0.1265,100.9365,0,0.021505
3.08978776948243,-0.1265,101.5815,0,0.021505
3.0898118193711,-0.1265,114.5315,0,0.021505
3.08980493181004,-0.1265,110.4965,0,0.021505
3.0897717539549,-0.1265,94.4715,0,0.021505
3.08980914726412,-0.1265,112.9315,0,0.021505
4.97179777848882,-0.1265,120.5765,0,-0.216315
3.74634860367554,97.815,0,148.2872,167.26365
3.83507347384331,436.545,0,424.991,746.49195
3.65696605378546,441.02,0,1017.73,754.1442
3.57572183893166,416.46,0,1422.694,712.1466
3.53149513769673,434.4,0,1867.249,742.824
3.5152388743829,444.63,0,2089.586,760.3173
3.52702550393246,441.19,0,1942.949,754.4349
3.49404790158579,428.375,0,2273.042,732.52125
3.5156062808863,420.41,0,1971.713,718.9011
3.60612561710227,457.69,0,1345.793,782.6499
4.75812132645458,595.79,0,431.001,2430.8232
6.1228434330466,223.069,301.606,0,910.12152
7.34096077111879,-0.1265,537.4465,0,-0.51612
7.34096267067811,-0.1265,536.3865,0,-0.51612
7.3409706366065,-0.1265,531.9865,0,-0.51612
3.08996061705142,-0.1265,546.3015,0,0.021505
3.0899153291454,-0.1265,254.2365,0,0.021505
3.08981773647432,-0.1265,118.2415,0,0.021505
3.08979652469285,-0.1265,105.9415,0,0.021505
3.08981082614567,-0.1265,113.9315,0,0.021505
3.08980765360655,-0.1265,112.0565,0,0.021505
3.08979157479514,-0.1265,103.4315,0,0.021505
3.08980508209574,-0.1265,110.5815,0,0.021505
4.97194233557963,-0.1265,111.6215,0,-0.216315
3.82830259185323,120.865,0,121.948,206.67915
3.83224937086079,444.495,0,439.2534,760.08645
3.64572736007978,446.975,0,1087.572,764.32725
3.54227147098705,410.135,0,1664.327,701.33085
3.51480499377168,428.845,0,2020.295,733.32495
3.50876479902353,449.09,0,2188.848,767.9439
3.50229383034247,426.715,0,2158.131,729.68265
3.52491764721107,430.975,0,1919.923,736.96725
3.55885874530693,423.515,0,1576.224,724.21065
3.6715762754644,462.495,0,996.565,790.86645
4.96744343344759,583.7,0,227.373,2381.496
6.21730489991755,193.9439,316.9261,0,791.291112
7.34096126320848,-0.1265,537.1715,0,-0.51612
7.34093714167432,-0.1265,550.9915,0,-0.51612
7.34096392022613,-0.1265,535.6915,0,-0.51612
3.08995866358734,-0.1265,520.4965,0,0.021505
3.08990392841427,-0.1265,224.0965,0,0.021505
3.08979758761712,-0.1265,106.4965,0,0.021505
3.08978439697825,-0.1265,99.9965,0,0.021505
3.08979270990472,-0.1265,103.9965,0,0.021505
3.0897896687809,-0.1265,102.4965,0,0.021505
3.0898074469371,-0.1265,111.9365,0,0.021505
3.0898168672852,-0.1265,117.6815,0,0.021505
4.97195612365317,-0.1265,110.8365,0,-0.216315
4.04433184794422,111.71,0,20.1301,191.0241
4.03452433832271,427.455,0,88.828,730.94805
3.92661040767703,445.895,0,252.0272,762.48045
3.61421948544842,413.115,0,1168.089,706.42665
3.65764298598045,556.04,0,1279.081,950.8284
3.73564014692261,637.55,0,1016.991,1090.2105
3.86237841498598,650.19,0,545.345,1111.8249
3.64985659498389,423.62,0,1010.854,724.3902
3.87079898045896,438.115,0,350.3219,749.17665
4.06543361230425,453.83,0,55.8574,776.0493
5.9445008825673,313.3491,289.4359,0,1278.464328
6.87447081212082,70.15,474.51,0,286.212
7.3409415009618,-0.1265,548.4415,0,-0.51612
7.34097289624759,-0.1265,530.7515,0,-0.51612
7.34092622685308,-0.1265,557.4815,0,-0.51612
3.08995990367933,-0.1265,536.5865,0,0.021505
3.08990897296702,-0.1265,236.5015,0,0.021505
3.08978973047759,-0.1265,102.5265,0,0.021505
3.08979274985905,-0.1265,104.0165,0,0.021505
3.08978682276204,-0.1265,101.1315,0,0.021505
3.08977515461061,-0.1265,95.8965,0,0.021505
3.08978099365029,-0.1265,98.4465,0,0.021505
3.08981772875021,-0.1265,118.2365,0,0.021505
4.97169527854951,-0.1265,127.8515,0,-0.216315
3.8821991018522,114.22,0,85.4727,195.3162
3.91636005977889,426.35,0,258.06,729.0585
3.66925430210325,428.08,0,932.5,732.0168
3.58222165304589,437.74,0,1447.565,748.5354
3.54184522562771,436.735,0,1776.271,746.81685
3.51816292933418,429.185,0,1984.433,733.90635
3.55681191699239,427.38,0,1607.472,730.8198
3.59546577448299,426.11,0,1319.829,728.6481
3.6348793036148,439.195,0,1124.984,751.02345
3.71492526271862,448.8,0,789.376,767.448
5.03725601609229,588.155,0,173.902,2399.6724
6.45901255962751,148.8213,391.5737,0,607.190904
7.34096946974258,-0.1265,532.6265,0,-0.51612
7.34093081218828,-0.1265,554.7365,0,-0.51612
7.34097706790652,-0.1265,528.4865,0,-0.51612
3.08996032862399,-0.1265,542.3315,0,0.021505
3.08991721793759,-0.1265,260.0315,0,0.021505
3.08976771064556,-0.1265,92.8315,0,0.021505
3.0897761609601,-0.1265,96.3265,0,0.021505
3.08979897829938,-0.1265,107.2315,0,0.021505
3.08981819104102,-0.1265,118.5365,0,0.021505
3.08977641695301,-0.1265,96.4365,0,0.021505
3.08980737794856,-0.1265,111.8965,0,0.021505
4.97198147817365,-0.1265,109.4215,0,-0.216315
3.93111455698357,123.36,0,67.6013,210.9456
3.95545818963223,430.99,0,197.7428,736.9929
3.75393698090424,447.805,0,654.682,765.74655
3.62177684948511,423.2,0,1153.927,723.672
3.56703075323795,426.105,0,1520.971,728.63955
3.66183674976172,630.19,0,1421.368,1077.6249
3.66019639619118,620.545,0,1410.438,1061.13195
3.68727767309456,604.42,0,1210.098,1033.5582
3.69128907872856,435.89,0,856.462,745.3719
3.85592419344447,460.29,0,400.2187,787.0959
5.62863039143846,418.437,160.703,0,1707.22296
6.57778741108831,117.822,395.038,0,480.71376
7.34098895634754,-0.1265,522.1365,0,-0.51612
7.3409951440165,-0.1265,518.8915,0,-0.51612
7.34093929061829,-0.1265,549.7315,0,-0.51612
3.08996016401201,-0.1265,540.0915,0,0.021505
3.08991149604809,-0.1265,243.2365,0,0.021505
3.0898059789694,-0.1265,111.0915,0,0.021505
3.08981018328501,-0.1265,113.5465,0,0.021505
3.08978933911945,-0.1265,102.3365,0,0.021505
3.08979831846082,-0.1265,106.8815,0,0.021505
3.08980497603577,-0.1265,110.5215,0,0.021505
3.08980546999733,-0.1265,110.8015,0,0.021505
4.97174400464391,-0.1265,124.2865,0,-0.216315
3.87143517017853,117.26,0,93.4209,200.5146
3.84085225561499,418.43,0,394.977,715.5153
3.69629293434822,449.135,0,862.063,768.02085
3.6045518726694,435.41,0,1290.106,744.5511
3.57177045744766,434.47,0,1514.043,742.9437
3.56420538695311,453.49,0,1642.179,775.4679
3.55455172496593,430.415,0,1637.915,736.00965
3.56630196967783,414.035,0,1483.374,707.99985
3.58906890237933,436.375,0,1394.864,746.20125
3.73152766077625,454.99,0,740.046,778.0329
5.08019505299146,626.74,0,151.369,2557.0992
6.27770507206293,184.8866,340.3284,0,754.337328
7.34099256995655,-0.1265,520.2365,0,-0.51612
7.34096643812723,-0.1265,534.2965,0,-0.51612
7.34099754826402,-0.1265,517.6415,0,-0.51612
3.08996078438524,-0.1265,548.6315,0,0.021505
3.08991382436681,-0.1265,249.8015,0,0.021505
3.08979660167315,-0.1265,105.9815,0,0.021505
3.08978911187711,-0.1265,102.2265,0,0.021505
3.08978843760606,-0.1265,101.9015,0,0.021505
3.08979400058433,-0.1265,104.6465,0,0.021505
3.0898006646058,-0.1265,108.1365,0,0.021505
3.08980934185037,-0.1265,113.0465,0,0.021505
4.97211516742692,-0.1265,102.5215,0,-0.216315
4.24179810724129,94.4187,32.8813,0,161.455977
3.97939853775988,421.915,0,159.0559,721.47465
3.73389383537085,440.55,0,708.582,753.3405
3.66969153736131,429.155,0,932.928,733.85505
3.65751701769738,445.84,0,1026.1911,762.3864
3.65258975618609,440.235,0,1037.058,752.80185
3.63525756604949,439.765,0,1124.422,751.99815
3.58015102654364,420.855,0,1406.173,719.66205
3.59897893938759,432.585,0,1317.0315,739.72035
3.67296626945306,448.05,0,959.1738,766.1655
5.00498373954516,584.22,0,197.5427,2383.6176
6.44438564331776,145.2933,371.3017,0,592.796664
7.34096566963254,-0.1265,534.7215,0,-0.51612
7.34094417923526,-0.1265,546.8865,0,-0.51612
7.3409822652889,-0.1265,525.6915,0,-0.51612
3.08996765623108,-0.1265,665.1415,0,0.021505
3.08992233055293,-0.1265,277.1315,0,0.021505
3.08977689247161,-0.1265,96.6415,0,0.021505
3.08977380658122,-0.1265,95.3265,0,0.021505
3.08979611958835,-0.1265,105.7315,0,0.021505
3.08980021089108,-0.1265,107.8915,0,0.021505
3.08979239973549,-0.1265,103.8415,0,0.021505
3.08982472584122,-0.1265,122.9465,0,0.021505
4.97184108057041,-0.1265,117.7465,0,-0.216315
3.95048172500982,120.555,0,57.4483,206.14905
3.87900392382356,433.375,0,330.4496,741.07125
3.66263809637541,439.895,0,988.4397,752.22045
3.53865359041361,409.15,0,1692.511,699.6465
3.56546010555698,550.43,0,1980.509,941.2353
3.58417639803848,615.145,0,2014.542,1051.89795
3.57388873082973,629.06,0,2168.867,1075.6926
3.60892939946284,637.725,0,1849.852,1090.50975
3.56079903038001,430.975,0,1588.082,736.96725
3.6655230203407,463.74,0,1028.008,792.9954
5.0735733850219,588.445,0,146.936,2400.8556
6.49428897886796,141.9368,400.8782,0,579.102144
7.34096222199229,-0.1265,536.6365,0,-0.51612
7.34097354772812,-0.1265,530.3965,0,-0.51612
7.34098283579318,-0.1265,525.3865,0,-0.51612
3.0899578369296,-0.1265,510.2965,0,0.021505
3.08991252565148,-0.1265,246.0965,0,0.021505
3.08981281851534,-0.1265,115.1415,0,0.021505
3.08979095685478,-0.1265,103.1265,0,0.021505
3.08978236779387,-0.1265,99.0665,0,0.021505
3.08980009946225,-0.1265,107.8315,0,0.021505
3.08981150598001,-0.1265,114.3415,0,0.021505
3.08980972141729,-0.1265,113.2715,0,0.021505
4.97196429463284,-0.1265,110.3765,0,-0.216315
3.96940625394806,129.05,0,52.9707,220.6755
3.86986492704345,411.585,0,330.873,703.81035
3.66478865597339,441.075,0,981.139,754.23825
3.56088151212145,416.745,0,1534.997,712.63395
3.51961899085149,408.05,0,1871.552,697.7655
3.52527341393034,446.585,0,1985.597,763.66035
3.52875521847046,441.22,0,1924.896,754.4862
3.53499456672123,422.515,0,1782.297,722.50065
3.59318018413335,428.935,0,1343.578,733.47885
3.71917079205042,450.265,0,776.3039,769.95315
5.28378941356598,609,0,9.75620000000004,2484.72
6.53365567726408,126.4473,386.9127,0,515.904984
7.34081029462904,-0.1265,637.2065,0,-0.51612
7.34079247812171,-0.1265,651.5265,0,-0.51612
7.34082063382403,-0.1265,629.1815,0,-0.51612
3.08996858628036,-0.1265,684.8265,0,0.021505
3.08991800544089,-0.1265,262.5265,0,0.021505
3.0898070928475,-0.1265,111.7315,0,0.021505
3.08976796128552,-0.1265,92.9315,0,0.021505
3.08979562550191,-0.1265,105.4765,0,0.021505
3.08979816703192,-0.1265,106.8015,0,0.021505
3.08980623245798,-0.1265,111.2365,0,0.021505
3.08981124126097,-0.1265,114.1815,0,0.021505
4.97194050603955,-0.1265,111.7265,0,-0.216315
3.8895849424616,117.94,0,84.4539,201.6774
3.83424203301992,439.59,0,429.848,751.6989
3.62440031955267,435.065,0,1171.474,743.96115
3.53686039968189,417.76,0,1744.732,714.3696
3.50606473541271,432.51,0,2140.661,739.5921
3.49146693738613,428.67,0,2309.53,733.0257
3.49708228359557,437.5,0,2280.55,748.125
3.50232428801425,425.93,0,2153.783,728.3403
3.53568422034105,420.165,0,1765.848,718.48215
3.63708033665717,444.125,0,1125.787,759.45375
4.98929099224774,597.64,0,214.761,2438.3712
6.88846666250299,65.0321,457.5579,0,265.330968
7.34098426965006,-0.1265,524.6215,0,-0.51612
7.3407639674738,-0.1265,675.8315,0,-0.51612
7.34080539489114,-0.1265,641.0815,0,-0.51612
3.08996848107509,-0.1265,682.5415,0,0.021505
3.08993145893193,-0.1265,314.0065,0,0.021505
3.08980959506302,-0.1265,113.1965,0,0.021505
3.08978490375431,-0.1265,100.2315,0,0.021505
3.08981258197632,-0.1265,114.9965,0,0.021505
3.08976314383739,-0.1265,91.0465,0,0.021505
3.08977858087898,-0.1265,97.3765,0,0.021505
3.08981858214842,-0.1265,118.7915,0,0.021505
4.97188184273827,-0.1265,115.2015,0,-0.216315
3.95914083306819,110.255,0,49.1582,188.53605
3.87374152642837,422.35,0,332.047,722.2185
3.64356051977286,432.855,0,1064.056,740.18205
3.5503806961833,421.87,0,1640.577,721.3977
3.4822460534875,425.57,0,2423.27,727.7247
3.4987087983349,446.68,0,2306.45,763.8228
3.4991826755487,437.37,0,2252.17,747.9027
3.49198389345139,434.535,0,2333.975,743.05485
3.52951022809071,415.575,0,1805.608,710.63325
3.62133296112976,447.36,0,1222.401,764.9856
5.00250881817718,627.805,0,214.365,2561.4444
6.96577344513216,56.6999,504.7701,0,231.335592
7.3407862666881,-0.1265,656.6715,0,-0.51612
7.34079011846725,-0.1265,653.4715,0,-0.51612
7.34073111702448,-0.1265,706.1865,0,-0.51612
3.08996902651362,-0.1265,694.5565,0,0.021505
3.08993612600745,-0.1265,336.9315,0,0.021505
3.08979670742602,-0.1265,106.0365,0,0.021505
3.08978446180599,-0.1265,100.0265,0,0.021505
3.08981642957443,-0.1265,117.4015,0,0.021505
3.0897953434813,-0.1265,105.3315,0,0.021505
3.08978119419842,-0.1265,98.5365,0,0.021505
3.08982976921281,-0.1265,126.5815,0,0.021505
4.97179897458075,-0.1265,120.4965,0,-0.216315
3.93864842924854,109.12,0,56.7112,186.5952
3.85961400198448,431.14,0,367.26,737.2494
3.6480907399842,437.76,0,1053.332,748.5696
3.55433608373242,425.08,0,1619.421,726.8868
3.51161426134266,442.46,0,2122.09,756.6066
3.49206813861676,440.865,0,2366.795,753.87915
3.48794020917533,432.06,0,2377.18,738.8226
3.53340977598947,422.165,0,1796.037,721.90215
3.59273017867729,432.615,0,1358.108,739.77165
3.71404395777798,440.865,0,778.636,753.87915
5.26232218252679,616.515,0,23.2020000000001,2515.3812
7.08003577836948,35.2221,482.3479,0,143.706168
7.34097494538458,-0.1265,529.6365,0,-0.51612
7.34098005501084,-0.1265,526.8765,0,-0.51612
7.34096240141641,-0.1265,536.5365,0,-0.51612
3.08996802175799,-0.1265,672.7415,0,0.021505
3.08992033222997,-0.1265,270.1865,0,0.021505
3.0898087568976,-0.1265,112.7015,0,0.021505
3.08980848439511,-0.1265,112.5415,0,0.021505
3.08978365952909,-0.1265,99.6565,0,0.021505
3.08980011804236,-0.1265,107.8415,0,0.021505
3.08980998201876,-0.1265,113.4265,0,0.021505
3.08980893530632,-0.1265,112.8065,0,0.021505
4.97196697386188,-0.1265,110.2265,0,-0.216315
4.02563500105231,123.815,0,28.9034,211.72365
3.94136610533736,417.735,0,212.9045,714.32685
3.69054814641748,424.595,0,837.166,726.05745
3.60297011535639,434.495,0,1297.34,742.98645
3.55061117647269,427.72,0,1661.329,731.4012
3.53014441590782,455.245,0,1971.187,778.46895
3.57515346732698,601.205,0,2059.685,1028.06055
3.69805294706268,631.305,0,1201.776,1079.53155
3.70341096834032,430.265,0,798.773,735.75315
3.83306179993749,456.745,0,449.424,781.03395
5.56256757406744,465.5424,137.5426,0,1899.412992
7.20825144522284,17.4821,506.4229,0,71.326968
7.34097864267653,-0.1265,527.6365,0,-0.51612
7.34092505648074,-0.1265,558.1865,0,-0.51612
7.34097630088802,-0.1265,528.9015,0,-0.51612
3.08996050385365,-0.1265,544.7365,0,0.021505
3.08991478561678,-0.1265,252.6165,0,0.021505
3.08980988962902,-0.1265,113.3715,0,0.021505
3.08980588264498,-0.1265,111.0365,0,0.021505
3.08979187736201,-0.1265,103.5815,0,0.021505
3.08980305604271,-0.1265,109.4465,0,0.021505
3.08979128147641,-0.1265,103.2865,0,0.021505
3.08981505609377,-0.1265,116.5315,0,0.021505
4.9718918824368,-0.1265,114.5915,0,-0.216315
3.99646961465117,119.7,0,38.53,204.687
3.84358536563164,412.415,0,383.613,705.22965
3.62723270837588,438.51,0,1164.879,749.8521
3.53406885605812,435.535,0,1846.367,744.76485
3.58324651840492,558.125,0,1836.276,954.39375
3.63448003193482,634.185,0,1627.529,1084.45635
3.6877507794796,622.575,0,1243.69,1064.60325
3.665088573519,595.755,0,1323.35,1018.74105
3.79204642103348,586.565,0,712.093,1003.02615
3.84973637053314,474.595,0,426.946,811.55745
5.56309371859472,448.2706,132.7444,0,1828.944048
7.19049225495559,20.8754,527.9296,0,85.171632
7.34097241049921,-0.1265,531.0165,0,-0.51612
7.34099978013825,-0.1265,516.4865,0,-0.51612
7.34096916936522,-0.1265,532.7915,0,-0.51612
3.08996143524376,-0.1265,557.8865,0,0.021505
3.08991450103072,-0.1265,251.7765,0,0.021505
3.08980890983974,-0.1265,112.7915,0,0.021505
3.08980193141052,-0.1265,108.8265,0,0.021505
3.08980599647266,-0.1265,111.1015,0,0.021505
3.08980958663343,-0.1265,113.1915,0,0.021505
3.0897820921384,-0.1265,98.9415,0,0.021505
3.08977758471793,-0.1265,96.9415,0,0.021505
4.97200415070391,-0.1265,108.1865,0,-0.216315
4.08348417080635,127.265,0,9.74119999999999,217.62315
3.97173439620948,423.76,0,170.598,724.6296
3.71753563780161,443.66,0,770.821,758.6586
3.60944692622189,423.01,0,1223.957,723.3471
3.62601695863883,435.975,0,1164.888,745.51725
3.73485628294345,627.78,0,1005.132,1073.5038
3.71966831883989,623.23,0,1072.0015,1065.7233
3.69915784961761,432.59,0,819.246,739.7289
3.75964937736825,412.01,0,586.043,704.5371
3.99308391488195,455.44,0,151.4846,778.8024
6.030628693205,286.6967,319.9533,0,1169.722536
7.1759685543757,21.6003,494.0697,0,88.129224
7.34096143332026,-0.1265,537.0765,0,-0.51612
7.34090694787229,-0.1265,569.3265,0,-0.51612
7.34095131452712,-0.1265,542.7865,0,-0.51612
3.08995956859379,-0.1265,532.1415,0,0.021505
3.0899117176772,-0.1265,243.8465,0,0.021505
3.08980278512704,-0.1265,109.2965,0,0.021505
3.08981040084286,-0.1265,113.6765,0,0.021505
3.08977129274635,-0.1265,94.2815,0,0.021505
3.08980466603387,-0.1265,110.3465,0,0.021505
3.08977409171845,-0.1265,95.4465,0,0.021505
3.08979746370499,-0.1265,106.4315,0,0.021505
4.97171422118497,-0.1265,126.4415,0,-0.216315
4.02110455082205,119.56,0,29.4996,204.4476
3.89317301422928,434.44,0,304.405,742.8924
3.6650430612482,428.23,0,951.43,732.2733
3.58948339032731,425.97,0,1358.82,728.4087
3.53882792446036,418.425,0,1729.273,715.50675
3.54785020444367,443.51,0,1747.691,758.4021
3.55452140097753,430.37,0,1638.001,735.9327
3.5970729715358,428.895,0,1318.031,733.41045
3.64122376077575,425.88,0,1058.548,728.2548
3.70452126633484,450.09,0,831.242,769.6539
5.3036347919024,605.3141,2.16089999999986,0,2469.681528
7.1886547380153,19.0508,475.4742,0,77.727264
7.34095668397009,-0.1265,539.7415,0,-0.51612
7.34096419934483,-0.1265,535.5365,0,-0.51612
7.34098254578198,-0.1265,525.5415,0,-0.51612
3.08996316050491,-0.1265,584.0015,0,0.021505
3.08990667589565,-0.1265,230.6865,0,0.021505
3.08980130002726,-0.1265,108.4815,0,0.021505
3.08979158489487,-0.1265,103.4365,0,0.021505
3.08980032219576,-0.1265,107.9515,0,0.021505
3.08979179676343,-0.1265,103.5415,0,0.021505
3.08980449733405,-0.1265,110.2515,0,0.021505
3.08981223834075,-0.1265,114.7865,0,0.021505
4.97190630411506,-0.1265,113.7265,0,-0.216315
4.14861557538085,113.3474,9.27759999999998,0,193.824054
3.94696999498989,433,0,211.82,740.43
3.8032587665829,441.975,0,507.242,755.77725
3.64164936161757,426.79,0,1058.675,729.8109
3.72508112259651,443.005,0,742.821,757.53855
3.74817974645317,431.065,0,647.808,737.12115
3.6987460004457,440.96,0,836.709,754.0416
3.74983172979673,431.915,0,643.983,738.57465
3.65951878685433,430.41,0,981.399,736.0011
3.95812889877642,458.785,0,206.18,784.52235
5.85896148714184,345.4763,260.7737,0,1409.543304
7.21012840195115,17.4933,514.5767,0,71.372664
7.34094228306284,-0.1265,547.9865,0,-0.51612
7.34096846920806,-0.1265,533.1765,0,-0.51612
7.34095316803899,-0.1265,541.7315,0,-0.51612
3.08996725385382,-0.1265,656.9715,0,0.021505
3.08991844698485,-0.1265,263.9465,0,0.021505
3.08978891522745,-0.1265,102.1315,0,0.021505
3.08976695546633,-0.1265,92.5315,0,0.021505
3.08978065858522,-0.1265,98.2965,0,0.021505
3.08979369426843,-0.1265,104.4915,0,0.021505
3.08978911187711,-0.1265,102.2265,0,0.021505
3.08983216068244,-0.1265,128.3815,0,0.021505
4.97181848369321,-0.1265,119.2065,0,-0.216315
4.12954519948472,114.9174,3.97759999999998,0,196.508754
4.0441134517287,436.875,0,78.99,747.05625
3.72053117409093,420.79,0,720.8569,719.5509
3.6257830295693,420.52,0,1124.85,719.0892
3.57785046190477,429.055,0,1450.158,733.68405
3.53489434190098,424.95,0,1793.532,726.6645
3.54231987555681,457.66,0,1856.708,782.5986
3.54920486213936,431.185,0,1687.125,737.32635
3.60231915888431,418.73,0,1254.238,716.0283
3.75609426917434,447.475,0,647.463,765.18225
5.46532241158789,497.55,87.7549999999998,0,2030.004
7.2289250736155,18.4668,641.3882,0,75.344544
7.34077206435066,-0.1265,668.7465,0,-0.51612
7.34077545154667,-0.1265,665.8265,0,-0.51612
7.34074150538005,-0.1265,696.2965,0,-0.51612
3.0899686371336,-0.1265,685.9365,0,0.021505
3.08992895218933,-0.1265,302.9365,0,0.021505
3.08979919416211,-0.1265,107.3465,0,0.021505
3.08993719765145,-0.1265,342.6765,0,0.021505
3.08993030833821,-0.1265,308.8265,0,0.021505
3.08993093503461,-0.1265,311.6265,0,0.021505
3.08992813064482,-0.1265,299.4765,0,0.021505
3.0899399089343,-0.1265,358.1265,0,0.021505
4.97059925451591,-0.1265,361.2265,0,-0.216315
4.42536289624843,150.932,172.018,0,258.09372
4.55161264783017,667.515,1393.185,0,1141.45065
4.34377811766567,1249.84,913.21,0,2137.2264
4.21567226333451,1712.777,457.173,0,2928.84867
4.15224353265709,1981.51,180.49,0,3388.3821
4.11306752622881,2253.1,0,10.2079999999996,3852.801
4.09592504670702,2210.2,0,100.869,3779.442
4.10435364077389,2050.3,0,51.7039999999997,3506.013
4.19393970126935,1805.163,367.237,0,3086.82873
4.30462905042117,1422.202,810.648,0,2431.96542
6.58296629147323,605.018,2050.682,0,2468.47344
7.31389344077705,14.917,2301.433,0,60.86136
7.34021728866171,-0.1265,2375.5265,0,-0.51612
7.34021964202843,-0.1265,2350.0765,0,-0.51612
7.34017525752367,-0.1265,2945.1765,0,-0.51612
3.08999281903655,-0.1265,2994.9765,0,0.021505
3.08995725276724,-0.1265,503.3265,0,0.021505
3.08993515236405,-0.1265,331.8765,0,0.021505
3.08993376422775,-0.1265,324.9265,0,0.021505
3.08993547341748,-0.1265,333.5265,0,0.021505
3.08993394732679,-0.1265,325.8265,0,0.021505
3.08993280180987,-0.1265,320.2765,0,0.021505
3.08993535703926,-0.1265,332.9265,0,0.021505
4.97065495717943,-0.1265,330.5265,0,-0.216315
4.62553935847449,83.8361,248.5139,0,143.359731
4.77934936436505,278.1366,1938.4134,0,475.613586
4.56329466067237,662.034,1459.466,0,1132.07814
4.4856457097381,845.652,1294.248,0,1446.06492
4.36783636441454,1225.921,1029.479,0,2096.32491
4.3286274537023,1350.953,899.947,0,2310.12963
4.40161553331003,1104.964,1114.386,0,1889.48844
4.44128225603318,923.088,1139.312,0,1578.48048
4.51039138569628,781.329,1344.321,0,1336.07259
4.63269011253216,543.135,1667.165,0,928.76085
6.99364420364222,239.4619,2341.8881,0,977.004552
7.33660650125832,2.5328,3040.1172,0,10.333824
7.34017083145289,-0.1265,3021.4765,0,-0.51612
7.34017371206549,-0.1265,2971.3765,0,-0.51612
7.34017397849741,-0.1265,2966.8265,0,-0.51612
3.08999285114373,-0.1265,3008.4265,0,0.021505
3.08995611434962,-0.1265,490.2765,0,0.021505
3.08993396760866,-0.1265,325.9265,0,0.021505
3.08993297981915,-0.1265,321.1265,0,0.021505
3.08993308409063,-0.1265,321.6265,0,0.021505
3.08993125516465,-0.1265,313.0765,0,0.021505
3.08993449060006,-0.1265,328.5265,0,0.021505
3.08993758045532,-0.1265,344.7765,0,0.021505
4.97064954875557,-0.1265,333.2765,0,-0.216315
4.48557493049186,129.6662,198.3838,0,221.729202
4.59657873131816,609.648,1572.452,0,1042.49808
4.37899080660246,1159.634,1035.966,0,1982.97414
4.22273442991742,1685.343,485.957,0,2881.93653
4.16530528464997,1949.86,243.79,0,3334.2606
4.14278879871282,2093.167,140.633,0,3579.31557
4.18834417961796,1887.782,354.268,0,3228.10722
4.21035325430053,1659.411,416.589,0,2837.59281
4.33477966194894,1270.051,878.849,0,2171.78721
4.46996286046949,886.56,1258.69,0,1516.0176
6.81549631191775,387.695,2240.405,0,1581.7956
7.3387078936207,0.9503,2998.7997,0,3.877224
7.34017766465572,-0.1265,2905.2765,0,-0.51612
7.34017353100734,-0.1265,2974.4765,0,-0.51612
7.34016896630577,-0.1265,3054.8265,0,-0.51612
3.08999277973733,-0.1265,2978.6765,0,0.021505
3.08995973400665,-0.1265,534.3265,0,0.021505
3.08992671002834,-0.1265,293.6765,0,0.021505
3.08993003625882,-0.1265,307.6265,0,0.021505
3.08993165932308,-0.1265,314.9265,0,0.021505
3.08993309449994,-0.1265,321.6765,0,0.021505
3.08993167018033,-0.1265,314.9765,0,0.021505
3.08993676367021,-0.1265,340.3265,0,0.021505
4.97064721660805,-0.1265,334.4765,0,-0.216315
4.59339289761769,88.6164,225.1336,0,151.534044
4.68624577259123,425.747,1714.203,0,728.02737
4.50047771508137,830.583,1363.817,0,1420.29693
4.37429210487309,1177.471,1025.029,0,2013.47541
4.2436090562227,1605.194,568.406,0,2744.88174
4.22764851519946,1667.522,506.078000000001,0,2851.46262
4.14335925371735,2068.0073,141.8927,0,3536.292483
4.13202940355448,2001.26,81.3400000000001,0,3422.1546
4.29233628686471,1416.591,741.409,0,2422.37061
4.41030023831416,1046.56,1104.34,0,1789.6176
6.74371771657357,453.2472,2194.8028,0,1849.248576
7.33968347050892,0.2347,3024.7653,0,0.957576
7.34017531407806,-0.1265,2944.2265,0,-0.51612
7.34017435464509,-0.1265,2960.4265,0,-0.51612
7.34017089367372,-0.1265,3020.3765,0,-0.51612
3.08999270255913,-0.1265,2947.1765,0,0.021505
3.08996103273667,-0.1265,552.1265,0,0.021505
3.08993564720123,-0.1265,334.4265,0,0.021505
3.08993606809098,-0.1265,336.6265,0,0.021505
3.08993031962893,-0.1265,308.8765,0,0.021505
3.08993248535822,-0.1265,318.7765,0,0.021505
3.08993277029826,-0.1265,320.1265,0,0.021505
3.08993958819968,-0.1265,356.2265,0,0.021505
4.97067997177197,-0.1265,318.3765,0,-0.216315
4.49870194950294,120.5923,196.3577,0,206.212833
4.64628181572845,482.618,1584.132,0,825.27678
4.46988408024689,874.522,1241.128,0,1495.43262
4.2924075970836,1412.078,739.422,0,2414.65338
4.2404928008001,1597.041,549.459,0,2730.94011
4.23296586875407,1689.746,540.904,0,2889.46566
4.19641448061217,1836.535,386.565,0,3140.47485
4.24948677203,1498.389,559.361,0,2562.24519
4.32222318240899,1291.409,826.241,0,2208.30939
4.46204724559992,901.137,1231.363,0,1540.94427
6.78483932356925,411.696,2202.254,0,1679.71968
7.32796158664848,6.9442,2339.6058,0,28.332336
7.34021839198891,-0.1265,2363.5265,0,-0.51612
7.34021967942348,-0.1265,2349.6765,0,-0.51612
7.34022147522704,-0.1265,2330.6265,0,-0.51612
3.08999086399503,-0.1265,2354.1265,0,0.021505
3.08995190366867,-0.1265,447.3765,0,0.021505
3.08993084619751,-0.1265,311.2265,0,0.021505
3.08980526742338,-0.1265,110.6865,0,0.021505
3.08979898769436,-0.1265,107.2365,0,0.021505
3.08980345204202,-0.1265,109.6665,0,0.021505
3.08979951241569,-0.1265,107.5165,0,0.021505
3.08980646786989,-0.1265,111.3715,0,0.021505
4.97185068893385,-0.1265,117.1365,0,-0.216315
4.42475307552182,47.6806,54.1744,0,81.533826
4.06908650344914,445.695,0,50.584,762.13845
3.73301278833125,461.18,0,744.863,788.6178
3.60735876258523,428.05,0,1251.132,731.9655
3.58594171668501,432.81,0,1405.047,740.1051
3.63099324348737,450.35,0,1175.075,770.0985
3.63609983750149,421.75,0,1074.056,721.1925
3.62857515551785,434.74,0,1147.491,743.4054
3.75024534499892,430.44,0,640.516,736.0524
3.94516639416704,459.67,0,227.8787,786.0357
5.85399345092701,318.8993,237.7757,0,1301.109144
7.33353101475387,0.8582,539.5518,0,3.501456
7.34096345238973,-0.1265,535.9515,0,-0.51612
7.340958576288,-0.1265,538.6765,0,-0.51612
7.34095766028962,-0.1265,539.1915,0,-0.51612
3.08995839809953,-0.1265,517.1765,0,0.021505
3.08990967644384,-0.1265,238.3415,0,0.021505
3.08979099748769,-0.1265,103.1465,0,0.021505
3.08980230468337,-0.1265,109.0315,0,0.021505
3.08980562823972,-0.1265,110.8915,0,0.021505
3.08981849793431,-0.1265,118.7365,0,0.021505
3.08979017158023,-0.1265,102.7415,0,0.021505
3.08982255649024,-0.1265,121.4465,0,0.021505
4.97199132824259,-0.1265,108.8815,0,-0.216315
4.4279080939441,52.264,60.336,0,89.37144
4.06232273519007,416.34,0,54.6704000000001,711.9414
3.83329607536754,440.92,0,433.315,753.9732
3.65589692603935,445.585,0,1033.448,761.95035
3.59172869611374,442.955,0,1397.441,757.45305
3.57975428721449,445.155,0,1490.315,761.21505
3.57092351798313,450.62,0,1577.055,770.5602
3.57801037114689,442.085,0,1493.002,755.96535
3.62160250664467,434.325,0,1185.251,742.69575
3.80303413588178,443.415,0,509.472,758.23965
5.81936167411249,359.483,245.557,0,1466.69064
7.33553611462106,0.5603,510.9947,0,2.286024
7.34094468905267,-0.1265,546.5915,0,-0.51612
7.34081564086011,-0.1265,633.0315,0,-0.51612
7.34078533350274,-0.1265,657.4515,0,-0.51612
3.08996776023993,-0.1265,667.2865,0,0.021505
3.08992510452455,-0.1265,287.3865,0,0.021505
3.08980614512298,-0.1265,111.1865,0,0.021505
3.08993371318662,-0.1265,324.6765,0,0.021505
3.08993099044199,-0.1265,311.8765,0,0.021505
3.08993233665855,-0.1265,318.0765,0,0.021505
3.08993724346937,-0.1265,342.9265,0,0.021505
3.08993870136978,-0.1265,351.0765,0,0.021505
4.97063015350733,-0.1265,343.5265,0,-0.216315
4.74129190195235,51.5534,282.3466,0,88.156314
4.62343818486296,540.0992,1584.7508,0,923.569632
4.41732502133381,1013.518,1108.832,0,1733.11578
4.2463120307636,1580.824,573.676,0,2703.20904
4.20910337416307,1806.151,446.749,0,3088.51821
4.17459185555712,1929.095,289.055,0,3298.75245
4.19006741511782,1807.216,347.884,0,3090.33936
4.21633571865828,1624.262,436.788,0,2777.48802
4.31949056934882,1265.972,795.928,0,2164.81212
4.53295881245991,744.3502,1423.6998,0,1272.838842
6.91176058471728,306.583,2307.767,0,1250.85864
7.34022548591073,-0.1265,2289.1765,0,-0.51612
7.3402243440603,-0.1265,2300.8265,0,-0.51612
7.34021435125955,-0.1265,2408.0765,0,-0.51612
7.34021699632138,-0.1265,2378.7265,0,-0.51612
3.08999058067995,-0.1265,2283.3265,0,0.021505
3.0899544311737,-0.1265,472.1765,0,0.021505
3.08993111202584,-0.1265,312.4265,0,0.021505
3.08993378462221,-0.1265,325.0265,0,0.021505
3.08992906701938,-0.1265,303.4265,0,0.021505
3.08993167018033,-0.1265,314.9765,0,0.021505
3.08993299026092,-0.1265,321.1765,0,0.021505
3.08993355959014,-0.1265,323.9265,0,0.021505
4.97069182389937,-0.1265,312.9265,0,-0.216315
4.84247351458345,27.8508,317.7492,0,47.624868
4.70576489450613,391.3728,1750.0272,0,669.247488
4.51165363284426,810.6773,1403.1227,0,1386.258183
4.36358880678932,1168.848,958.302,0,1998.73008
4.32645727276042,1310.641,861.309,0,2241.19611
4.2957205314969,1422.749,762.651,0,2432.90079
4.24845707112028,1573.01,581.89,0,2689.8471
4.2518841292254,1534.066,584.834,0,2623.25286
4.34029423256886,1243.097,889.503,0,2125.69587
4.5122396043403,777.203,1348.897,0,1329.01713
6.93878542351622,284.3402,2322.8098,0,1160.108016
7.34022435381238,-0.1265,2300.7265,0,-0.51612
7.34022282342737,-0.1265,2316.5265,0,-0.51612
7.34022666930467,-0.1265,2277.2265,0,-0.51612
7.34021805520964,-0.1265,2367.1765,0,-0.51612
3.08999055834824,-0.1265,2277.9265,0,0.021505
3.08995635926039,-0.1265,493.0265,0,0.021505
3.08993348766792,-0.1265,323.5765,0,0.021505
3.08993209093909,-0.1265,316.9265,0,0.021505
3.08993678225964,-0.1265,340.4265,0,0.021505
3.0899312661507,-0.1265,313.1265,0,0.021505
3.0899356856928,-0.1265,334.6265,0,0.021505
3.08993305284327,-0.1265,321.4765,0,0.021505
4.97067414417208,-0.1265,321.1265,0,-0.216315
4.76997334995317,40.3902,264.5098,0,69.067242
4.66744602414484,451.387,1648.413,0,771.87177
4.49293728032354,821.437,1301.513,0,1404.65727
4.4317966117794,1033.833,1217.067,0,1767.85443
4.44265373943554,996.187,1237.913,0,1703.47977
4.39480059342479,1108.049,1078.001,0,1894.76379
4.3317728244306,1313.794,892.456,0,2246.58774
4.22852078156427,1593.17,487.83,0,2724.3207
4.33232141608758,1280.208,872.592,0,2189.15568
4.4701224060517,884.983,1257.417,0,1513.32093
6.84940226271491,356.549,2252.101,0,1454.71992
7.34021963268166,-0.1265,2350.1765,0,-0.51612
7.3402232233702,-0.1265,2312.3765,0,-0.51612
7.3402292314515,-0.1265,2251.7765,0,-0.51612
7.34023246308311,-0.1265,2220.4765,0,-0.51612
3.08999039665327,-0.1265,2239.5765,0,0.021505
3.08995466174457,-0.1265,474.5765,0,0.021505
3.08993388640636,-0.1265,325.5265,0,0.021505
3.08993351851079,-0.1265,323.7265,0,0.021505
3.08993137581831,-0.1265,313.6265,0,0.021505
3.08993717012857,-0.1265,342.5265,0,0.021505
3.08993238984071,-0.1265,318.3265,0,0.021505
3.08993752605502,-0.1265,344.4765,0,0.021505
4.97065140699273,-0.1265,332.3265,0,-0.216315
4.7486781466287,49.8119,285.2381,0,85.178349
4.57260166458819,651.486,1500.364,0,1114.04106
4.29987607284151,1345.273,742.277,0,2300.41683
4.15901243582913,1926.362,209.088,0,3294.07902
4.0835348927738,2093.3,0,159.959,3579.543
4.07861253073484,2172.05,0,193.096,3714.2055
4.1029313354461,2198.15,0,62.944,3758.8365
4.13923173894816,1983.964,115.735999999999,0,3392.57844
4.22783854484346,1618.803,492.247,0,2768.15313
4.4233912084578,1019.2259,1150.0741,0,1742.876289
6.81412757518397,400.7007,2307.4493,0,1634.858856
7.34021695983414,-0.1265,2379.1265,0,-0.51612
7.34017259671069,-0.1265,2990.5765,0,-0.51612
7.34017437526258,-0.1265,2960.0765,0,-0.51612
7.34017557350457,-0.1265,2939.8765,0,-0.51612
3.08999248910344,-0.1265,2863.4265,0,0.021505
3.08995860231561,-0.1265,519.7265,0,0.021505
3.08993139770985,-0.1265,313.7265,0,0.021505
3.08993524024049,-0.1265,332.3265,0,0.021505
3.08993401825889,-0.1265,326.1765,0,0.021505
3.08992883227682,-0.1265,302.4265,0,0.021505
3.08993410923375,-0.1265,326.6265,0,0.021505
3.08993382537345,-0.1265,325.2265,0,0.021505
4.97066015408631,-0.1265,327.9265,0,-0.216315
4.8608155888053,22.7363,310.6137,0,38.879073
4.69053565392198,415.2008,1710.1492,0,709.993368
4.4467016896126,942.747,1195.153,0,1612.09737
4.32401594130606,1300.327,841.473,0,2223.55917
4.23534496978261,1646.627,539.473,0,2815.73217
4.1995864182837,1792.369,393.581,0,3064.95099
4.20570469619204,1755.155,416.595,0,3001.31505
4.25065956169435,1512.078,570.322,0,2585.65338
4.3876511840292,1104.6102,1034.3398,0,1888.883442
4.5460581229303,736.2608,1497.2392,0,1259.005968
7.03904218101208,269.4295,3113.7205,0,1099.27236
7.34016781806119,-0.1265,3075.7265,0,-0.51612
7.34017288578608,-0.1265,2985.5765,0,-0.51612
7.34017387006942,-0.1265,2968.6765,0,-0.51612
7.34016879500051,-0.1265,3057.9265,0,-0.51612
3.0899928828473,-0.1265,3021.8265,0,0.021505
3.08995886363788,-0.1265,523.0265,0,0.021505
3.08992848912706,-0.1265,300.9765,0,0.021505
3.08981688287912,-0.1265,117.6915,0,0.021505
3.08979211878374,-0.1265,103.7015,0,0.021505
3.08981579274221,-0.1265,116.9965,0,0.021505
3.08977117106572,-0.1265,94.2315,0,0.021505
3.08981800640638,-0.1265,118.4165,0,0.021505
4.97173144112668,-0.1265,125.1865,0,-0.216315
4.60319271473918,29.126,77.529,0,49.80546
4.01187898082614,427.04,0,117.138,730.2384
3.72540074308109,424.94,0,711.457,726.6474
3.61391297915911,418.315,0,1184.541,715.31865
3.56073314115337,426.75,0,1573.045,729.7425
3.56369807328513,457.96,0,1662.666,783.1116
3.57017354489282,451.785,0,1587.14,772.55235
3.58600172507545,422.825,0,1372.224,723.03075
3.65863502043079,434.045,0,993.806,742.21695
3.84931239269414,458.26,0,413.207,783.6246
6.0979551069534,310.5227,398.9923,0,1266.932616
7.34076047229673,-0.1265,678.9365,0,-0.51612
7.34070905490257,-0.1265,728.1515,0,-0.51612
7.34071764716515,-0.1265,719.4365,0,-0.51612
7.34074104757755,-0.1265,696.7265,0,-0.51612
3.0899687778348,-0.1265,689.0265,0,0.021505
3.08993331648545,-0.1265,322.7465,0,0.021505
3.08978004162895,-0.1265,98.0215,0,0.021505
3.08976077246964,-0.1265,90.1465,0,0.021505
3.08979554778078,-0.1265,105.4365,0,0.021505
3.08981287552154,-0.1265,115.1765,0,0.021505
3.08978230170018,-0.1265,99.0365,0,0.021505
3.08983494955619,-0.1265,130.5465,0,0.021505
4.97166924534199,-0.1265,129.8415,0,-0.216315
4.62393048733037,28.8148,84.7502,0,49.273308
4.03620019157669,434.355,0,88.1914,742.74705
3.72727080486465,427.335,0,709.183,730.74285
3.61252683185372,443.42,0,1264.055,758.2482
3.56369994416783,434.525,0,1577.568,743.03775
3.55742561816636,445.45,0,1670.142,761.7195
3.56973560227832,440.475,0,1550.841,753.21225
3.59695973587785,423.825,0,1303.173,724.74075
3.67233192374664,426.52,0,915.8,729.3492
3.88225346638322,458.75,0,343.18,784.4625
6.27966858625592,280.7992,518.8758,0,1145.660736
7.34075967197455,-0.1265,679.6515,0,-0.51612
7.34070775684332,-0.1265,729.4865,0,-0.51612
7.34073736853497,-0.1265,700.2015,0,-0.51612
7.34074483337867,-0.1265,693.1865,0,-0.51612
3.08996964600652,-0.1265,708.7265,0,0.021505
3.08993165823716,-0.1265,314.9215,0,0.021505
3.08980431944021,-0.1265,110.1515,0,0.021505
3.08993354932506,-0.1265,323.8765,0,0.021505
3.08993606809098,-0.1265,336.6265,0,0.021505
3.08993493654763,-0.1265,330.7765,0,0.021505
3.08993313610479,-0.1265,321.8765,0,0.021505
3.0899372983627,-0.1265,343.2265,0,0.021505
4.97063291917015,-0.1265,342.0265,0,-0.216315
4.92177554058227,9.5809,320.5691,0,16.383339
4.76369205518433,289.8987,1823.0513,0,495.726777
4.56343438195187,675.6316,1490.4184,0,1155.330036
4.41748418018737,1012.8004,1108.9496,0,1731.888684
4.37508515980006,1180.509,1032.191,0,2018.67039
4.38012092883187,1115.699,1002.901,0,1907.84529
4.3388836135127,1271.436,902.064,0,2174.15556
4.37771256049911,1084.488,962.062,0,1854.47448
4.49167821119768,844.6993,1330.4007,0,1444.435803
4.65647997411649,499.8095,1726.4405,0,854.674245
7.15360277923456,158.8679,3159.6821,0,648.181032
7.34017365361836,-0.1265,2972.3765,0,-0.51612
7.34017473242278,-0.1265,2954.0265,0,-0.51612
7.34016943780247,-0.1265,3046.3265,0,-0.51612
7.34017064506194,-0.1265,3024.7765,0,-0.51612
3.08999305780519,-0.1265,3097.9765,0,0.021505
3.08995994027832,-0.1265,537.0765,0,0.021505
3.08993201580028,-0.1265,316.5765,0,0.021505
3.08993339496738,-0.1265,323.1265,0,0.021505
3.08992983080103,-0.1265,306.7265,0,0.021505
3.08993837640967,-0.1265,349.2265,0,0.021505
3.08993566645277,-0.1265,334.5265,0,0.021505
3.08993698602441,-0.1265,341.5265,0,0.021505
4.9706029291461,-0.1265,359.0265,0,-0.216315
4.96516291039261,0.953,334.997,0,1.62963
4.89218120412229,102.7814,2052.9686,0,175.756194
4.79291342225163,240.432,1840.818,0,411.13872
4.73756269811078,340.7284,1825.2216,0,582.645564
4.68621534742414,415.9623,1674.5377,0,711.295533
4.72338600188205,366.5288,1808.4212,0,626.764248
4.35453452753546,1232.326,959.223999999999,0,2107.27746
4.38842254744328,1043.252,980.948,0,1783.96092
4.49001455110902,823.497,1286.803,0,1408.17987
4.63145539687382,526.952,1607.748,0,901.08792
7.09828918322109,210.5994,3133.6506,0,859.245552
7.34017004349103,-0.1265,3035.4765,0,-0.51612
7.34016618885064,-0.1265,3105.8765,0,-0.51612
7.34017141299982,-0.1265,3011.2265,0,-0.51612
7.34017260536889,-0.1265,2990.4265,0,-0.51612
3.08999272317774,-0.1265,2955.5265,0,0.021505
3.0899590165106,-0.1265,524.9765,0,0.021505
3.0899328961677,-0.1265,320.7265,0,0.021505
3.08993236857788,-0.1265,318.2265,0,0.021505
3.08993062310165,-0.1265,310.2265,0,0.021505
3.08993081282464,-0.1265,311.0765,0,0.021505
3.08993451054972,-0.1265,328.6265,0,0.021505
3.08993758951283,-0.1265,344.8265,0,0.021505
4.97062397327745,-0.1265,346.9265,0,-0.216315
4.9027807486631,13.6175,319.1825,0,23.285925
4.76357208152441,296.6667,1864.1833,0,507.300057
4.57647498805238,645.749,1514.501,0,1104.23079
4.43886366133438,966.834,1179.066,0,1653.28614
4.36265024827812,1184.928,966.322,0,2026.22688
4.29174164888218,1463.058,762.492,0,2501.82918
4.26595711161732,1517.886,650.914,0,2595.58506
4.23315095366215,1553.844,498.306,0,2657.07324
4.37488556848063,1124.428,982.072,0,1922.77188
4.62802124499159,547.295,1642.055,0,935.87445
7.0613177357846,190.9778,2414.0222,0,779.189424
7.34016526027966,-0.1265,3123.3265,0,-0.51612
7.34017425751399,-0.1265,2962.0765,0,-0.51612
7.34017389350185,-0.1265,2968.2765,0,-0.51612
7.34017470876372,-0.1265,2954.4265,0,-0.51612
3.08999261027925,-0.1265,2910.3765,0,0.021505
3.08995812673356,-0.1265,513.8265,0,0.021505
3.08993422008513,-0.1265,327.1765,0,0.021505
3.08993311530883,-0.1265,321.7765,0,0.021505
3.08993538617315,-0.1265,333.0765,0,0.021505
3.08992968166279,-0.1265,306.0765,0,0.021505
3.08993566645277,-0.1265,334.5265,0,0.021505
3.08993750790051,-0.1265,344.3765,0,0.021505
4.97072534525281,-0.1265,298.4765,0,-0.216315
4.91029305425673,11.724,312.326,0,20.04804
4.68718937180934,427.3302,1729.1698,0,730.734642
4.49156210990972,835.136,1314.614,0,1428.08256
4.30177019664829,1370.943,766.357,0,2344.31253
4.23029130342777,1661.939,518.061,0,2841.91569
4.23119424024605,1668.865,524.935,0,2853.75915
4.4358737445525,1012.178,1216.122,0,1730.82438
4.44566692039971,923.5896,1164.9104,0,1579.338216
4.4908487037491,828.3991,1299.6009,0,1416.562461
4.57290236715947,651.0859,1501.5641,0,1113.356889
7.0745134539545,227.749,3044.551,0,929.21592
7.34017473833855,-0.1265,2953.9265,0,-0.51612
7.3401690548575,-0.1265,3053.2265,0,-0.51612
7.34017113733612,-0.1265,3016.0765,0,-0.51612
7.34017135893392,-0.1265,3012.1765,0,-0.51612
3.08999295685505,-0.1265,3053.5765,0,0.021505
3.08995774414033,-0.1265,509.1765,0,0.021505
3.08993188660331,-0.1265,315.9765,0,0.021505
3.08993234730168,-0.1265,318.1265,0,0.021505
3.08993602054007,-0.1265,336.3765,0,0.021505
3.08993121118534,-0.1265,312.8765,0,0.021505
3.08993414958654,-0.1265,326.8265,0,0.021505
3.08993574334389,-0.1265,334.9265,0,0.021505
4.97061136414059,-0.1265,354.0765,0,-0.216315
4.90695175104355,12.2406,307.5094,0,20.931426
4.6787644315103,432.0301,1672.6199,0,738.771471
4.43794349433383,977.17,1186.23,0,1670.9607
4.28723854518289,1435.6927,724.3573,0,2455.034517
4.2055050395226,1798.7569,425.8931,0,3075.874299
4.16597821720348,1954.592,247.858,0,3342.35232
4.17534282807661,1886.4954,286.5046,0,3225.907134
4.20898203834537,1636.0592,404.0908,0,2797.661232
4.34864490871635,1210.5822,910.4178,0,2070.095562
4.54967653583557,709.0745,1466.5755,0,1212.517395
7.02784345026747,219.314,2427.886,0,894.80112
7.34016935718461,-0.1265,3047.7765,0,-0.51612
7.34016911579068,-0.1265,3052.1265,0,-0.51612
7.34016815157882,-0.1265,3069.6265,0,-0.51612
7.34016980293128,-0.1265,3039.7765,0,-0.51612
3.08999285850322,-0.1265,3011.5265,0,0.021505
3.08995804094837,-0.1265,512.7765,0,0.021505
3.08993190817023,-0.1265,316.0765,0,0.021505
3.08978309218456,-0.1265,99.3965,0,0.021505
3.08978177150193,-0.1265,98.7965,0,0.021505
3.08979918478641,-0.1265,107.3415,0,0.021505
3.08978893594468,-0.1265,102.1415,0,0.021505
3.08982261503627,-0.1265,121.4865,0,0.021505
4.97172839752784,-0.1265,125.4065,0,-0.216315
4.88169454850794,6.396,111.064,0,10.93716
4.19674643273198,351.29,74.275,0,600.7059
3.90696052583048,425.69,0,273.7735,727.9299
3.76840112412889,429.39,0,585.4672,734.2569
3.69518100304584,427.035,0,823.9211,730.22985
3.60323696381725,427.885,0,1275.9449,731.68335
3.54932247847738,445.85,0,1743.434,762.4035
3.57857357651111,441.85,0,1488.008,755.5635
3.6342857741426,428.36,0,1100.329,732.4956
3.83792813297469,441.02,0,422.87,754.1442
6.14292969556756,242.0732,340.9168,0,987.658656
7.34095979737363,-0.1265,537.9915,0,-0.51612
7.34075998518668,-0.1265,679.3715,0,-0.51612
7.34080400225255,-0.1265,642.1915,0,-0.51612
7.34077549815299,-0.1265,665.7865,0,-0.51612
3.08996657748297,-0.1265,643.6815,0,0.021505
3.0899310590238,-0.1265,312.1865,0,0.021505
3.08978362687836,-0.1265,99.6415,0,0.021505
3.08979378329266,-0.1265,104.5365,0,0.021505
3.08979299922513,-0.1265,104.1415,0,0.021505
3.08979180684167,-0.1265,103.5465,0,0.021505
3.08979773991639,-0.1265,106.5765,0,0.021505
3.08980682425544,-0.1265,111.5765,0,0.021505
4.9717862731578,-0.1265,121.3515,0,-0.216315
4.81356932352761,11.6404,103.9646,0,19.905084
4.142767811335,396.4965,26.6185,0,678.009015
3.80581965947132,430.275,0,487.4598,735.77025
3.70777674019304,403.235,0,733.431,689.53185
3.64351691880524,442.485,0,1087.953,756.64935
3.67129678578784,451.975,0,975.173,772.87725
3.66063223679886,449.075,0,1018.616,767.91825
3.76192152195125,421.45,0,592.941,720.6795
3.87087158015311,421.65,0,337.016,721.0215
4.25309001680583,334.0079,128.6721,0,571.153509
6.87242259021934,76.762,516.288,0,313.18896
7.34100603578588,-0.1265,513.2765,0,-0.51612
7.34093281413933,-0.1265,553.5465,0,-0.51612
7.34095695891318,-0.1265,539.5865,0,-0.51612
7.34094417923526,-0.1265,546.8865,0,-0.51612
3.08995970760141,-0.1265,533.9765,0,0.021505
3.08990877410296,-0.1265,235.9865,0,0.021505
3.08979268992177,-0.1265,103.9865,0,0.021505
3.08993125516465,-0.1265,313.0765,0,0.021505
3.08993372340114,-0.1265,324.7265,0,0.021505
3.08993138676583,-0.1265,313.6765,0,0.021505
3.08992955497284,-0.1265,305.5265,0,0.021505
3.08993696755463,-0.1265,341.4265,0,0.021505
4.970622626276,-0.1265,347.6765,0,-0.216315
4.97068200842756,-0.1265,317.4265,0,-0.216315
4.74860151277429,317.046,1814.654,0,542.14866
4.55493430891123,676.351,1433.749,0,1156.56021
4.4778534172044,875.403,1290.847,0,1496.93913
4.37812081110832,1173.811,1043.639,0,2007.21681
4.3568956878244,1243.932,981.568,0,2127.12372
4.36040791091933,1237.401,996.299,0,2115.95571
4.37203008701752,1133.531,974.469,0,1938.33801
4.45861873998955,921.803,1238.797,0,1576.28313
4.58767751017477,610.8279,1510.3721,0,1044.515709
7.12317312234961,183.4583,3085.1917,0,748.509864
7.34016740437748,-0.1265,3083.3265,0,-0.51612
7.34016868742183,-0.1265,3059.8765,0,-0.51612
7.34017395504207,-0.1265,2967.2265,0,-0.51612
7.34017216777718,-0.1265,2998.0265,0,-0.51612
3.08999278143387,-0.1265,2979.3765,0,0.021505
3.08996001848018,-0.1265,538.1265,0,0.021505
3.08993578172056,-0.1265,335.1265,0,0.021505
3.08993200505259,-0.1265,316.5265,0,0.021505
3.08993687504311,-0.1265,340.9265,0,0.021505
3.0899338050041,-0.1265,325.1265,0,0.021505
3.08993151786411,-0.1265,314.2765,0,0.021505
3.08993429043293,-0.1265,327.5265,0,0.021505
4.97067100738739,-0.1265,322.6265,0,-0.216315
4.9511513720467,3.7588,333.4912,0,6.427548
4.7591583901188,290.7591,1776.6409,0,497.198061
4.54650879827641,700.8213,1428.1787,0,1198.404423
4.38038672882425,1125.72,1013.38,0,1924.9812
4.28699701290594,1445.317,727.933,0,2471.49207
4.22503265802659,1711.437,505.563,0,2926.55727
4.26707988026964,1588.634,687.416,0,2716.56414
4.21592737381354,1635.184,437.716000000001,0,2796.16464
4.35185887660769,1220.109,935.041,0,2086.38639
4.50940064851816,793.551,1358.999,0,1356.97221
7.10442920423321,202.7956,3106.7544,0,827.406048
7.34016688743392,-0.1265,3092.8765,0,-0.51612
7.34017070432402,-0.1265,3023.7265,0,-0.51612
7.34017497233215,-0.1265,2949.9765,0,-0.51612
7.3401709446154,-0.1265,3019.4765,0,-0.51612
3.08999302719233,-0.1265,3084.3765,0,0.021505
3.08995974907983,-0.1265,534.5265,0,0.021505
3.08993082395251,-0.1265,311.1265,0,0.021505
3.08993557007971,-0.1265,334.0265,0,0.021505
3.08993414958654,-0.1265,326.8265,0,0.021505
3.08993080169319,-0.1265,311.0265,0,0.021505
3.08993127713323,-0.1265,313.1765,0,0.021505
3.08993536675348,-0.1265,332.9765,0,0.021505
4.97062442357404,-0.1265,346.6765,0,-0.216315
4.95765897288704,2.2906,312.8094,0,3.916926
4.69946705975565,403.9293,1745.3207,0,690.719103
4.44445778996696,932.011,1168.539,0,1593.73881
4.30124754943813,1371.869,764.131,0,2345.89599
4.22400592507793,1691.98,494.47,0,2893.2858
4.14763207336087,2031.155,161.195,0,3473.27505
4.21073103483323,1782.391,449.459,0,3047.88861
4.21474624357044,1621.854,428.396,0,2773.37034
4.27846204385478,1412.019,667.531,0,2414.55249
4.52679933695217,768.342,1427.808,0,1313.86482
7.0721853278601,230.9719,3056.7781,0,942.365352
7.34017405183616,-0.1265,2965.5765,0,-0.51612
7.34016788356664,-0.1265,3074.5265,0,-0.51612
7.34017746916631,-0.1265,2908.4765,0,-0.51612
7.34017462305331,-0.1265,2955.8765,0,-0.51612
3.08999262662162,-0.1265,2916.8265,0,0.021505
3.08996119796436,-0.1265,554.4765,0,0.021505
3.0899366705588,-0.1265,339.8265,0,0.021505
3.08993423014403,-0.1265,327.2265,0,0.021505
3.08993517191275,-0.1265,331.9765,0,0.021505
3.0899328752222,-0.1265,320.6265,0,0.021505
3.08993641778292,-0.1265,338.4765,0,0.021505
3.08993369274814,-0.1265,324.5765,0,0.021505
4.97062343377808,-0.1265,347.2265,0,-0.216315
4.96644315975438,0.6943,332.4057,0,1.187253
4.76090043099477,294.7789,1821.1211,0,504.071919
4.51912994535485,767.331,1375.569,0,1312.13601
4.374871825803,1148.249,1002.801,0,1963.50579
4.2587372789704,1557.249,629.401,0,2662.89579
4.29012134598985,1422,732.55,0,2431.62
4.29598017496086,1443.998,775.452,0,2469.23658
4.37979356841999,1080.435,969.464999999999,0,1847.54385
4.50609114491315,809.8452,1365.4548,0,1384.835292
4.68125684064386,446.4349,1751.0151,0,763.403679
7.18774982109441,99.6337,2470.7163,0,406.505496
7.34021395140411,-0.1265,2412.5765,0,-0.51612
7.3402220755927,-0.1265,2324.3265,0,-0.51612
7.340176483049,-0.1265,2924.7265,0,-0.51612
7.34017998492454,-0.1265,2867.8265,0,-0.51612
3.08999258761002,-0.1265,2901.4765,0,0.021505
3.08995599311197,-0.1265,488.9265,0,0.021505
3.08993488729795,-0.1265,330.5265,0,0.021505
3.08993240046711,-0.1265,318.3765,0,0.021505
3.08993461011605,-0.1265,329.1265,0,0.021505
3.08993268612264,-0.1265,319.7265,0,0.021505
3.08993197278912,-0.1265,316.3765,0,0.021505
3.08993596338553,-0.1265,336.0765,0,0.021505
4.97066707578633,-0.1265,324.5265,0,-0.216315
4.9579499371428,2.4406,341.4594,0,4.173426
4.70901792567184,376.8974,1715.7026,0,644.494554
4.47406105200611,884.2302,1280.3698,0,1512.033642
4.32077060200456,1267.893,803.707,0,2168.09703
4.22601699467544,1679.824,501.326,0,2872.49904
4.15225187205205,2065.056,188.144,0,3531.24576
4.15709795566672,2001.043,207.257,0,3421.78353
4.1882038864338,1744.589,326.711,0,2983.24719
4.37355105908469,1181.595,1024.405,0,2020.52745
4.58897112831112,624.511,1553.689,0,1067.91381
7.10221693826698,162.577,2464.423,0,663.31416
7.34021031583438,-0.1265,2454.2765,0,-0.51612
7.34021389377049,-0.1265,2413.2265,0,-0.51612
7.34021318696797,-0.1265,2421.2265,0,-0.51612
7.34022552039513,-0.1265,2288.8265,0,-0.51612
3.089992807388,-0.1265,2990.1265,0,0.021505
3.08995568478394,-0.1265,485.5265,0,0.021505
3.08992685958775,-0.1265,294.2765,0,0.021505
3.08979609059058,-0.1265,105.7165,0,0.021505
3.0897896687809,-0.1265,102.4965,0,0.021505
3.08979188743244,-0.1265,103.5865,0,0.021505
3.08977018066012,-0.1265,93.8265,0,0.021505
3.08982620607168,-0.1265,123.9915,0,0.021505
4.9717289501133,-0.1265,125.3665,0,-0.216315
4.97190269904168,-0.1265,113.9415,0,-0.216315
4.24366125346422,300.556,106.479,0,513.95076
3.88865460719182,420.735,0,302.969,719.45685
3.72067762190913,425.05,0,727.653,726.8355
3.69715831499083,443.56,0,847.921,758.4876
3.67570945892431,460.415,0,973.064,787.30965
3.60895521321332,442.565,0,1283.59,756.78615
3.61184192064441,427.905,0,1223.867,731.71755
3.67117911585366,425.895,0,919.41,728.28045
3.91166289384878,456.225,0,284.71,780.14475
6.33337040195173,199.9948,410.6152,0,815.978784
7.3410030638809,-0.1265,514.7965,0,-0.51612
7.34097458639276,-0.1265,529.8315,0,-0.51612
7.34094625650973,-0.1265,545.6865,0,-0.51612
7.34091317398378,-0.1265,565.4465,0,-0.51612
3.08995885537391,-0.1265,522.9215,0,0.021505
3.08990950921213,-0.1265,237.9015,0,0.021505
3.08977570571087,-0.1265,96.1315,0,0.021505
3.08978479612923,-0.1265,100.1815,0,0.021505
3.08981312756075,-0.1265,115.3315,0,0.021505
3.08978555794323,-0.1265,100.5365,0,0.021505
3.08977583430189,-0.1265,96.1865,0,0.021505
3.08980409661712,-0.1265,110.0265,0,0.021505
4.97185156019293,-0.1265,117.0815,0,-0.216315
4.97191237120238,-0.1265,113.3665,0,-0.216315
4.3589944786142,242.2713,193.4937,0,414.283923
3.93703003682386,439.965,0,231.306,752.34015
3.7552507451082,420.18,0,610.436,718.5078
3.69602117741843,420.93,0,808.955,719.7903
3.66643114212266,436.86,0,964.305,747.0306
3.63210454068831,451.16,0,1170.978,771.4836
3.65736168041266,421.215,0,970.22,720.27765
3.77375009233821,427.045,0,567.315,730.24695
4.0292170122184,454.51,0,101.3738,777.2121
6.63454663006772,126.8701,480.0149,0,517.630008
7.34080395215728,-0.1265,642.2315,0,-0.51612
7.34079503557188,-0.1265,649.4315,0,-0.51612
7.34079853512157,-0.1265,646.5865,0,-0.51612
7.34081627295135,-0.1265,632.5415,0,-0.51612
3.08996647327021,-0.1265,641.6815,0,0.021505
3.08992431774231,-0.1265,284.4015,0,0.021505
3.08979121055161,-0.1265,103.2515,0,0.021505
3.08993658652379,-0.1265,339.3765,0,0.021505
3.08993299026092,-0.1265,321.1765,0,0.021505
3.08993320878892,-0.1265,322.2265,0,0.021505
3.08993677296629,-0.1265,340.3765,0,0.021505
3.08993727092804,-0.1265,343.0765,0,0.021505
4.97065456080442,-0.1265,330.7265,0,-0.216315
4.97066015408631,-0.1265,327.9265,0,-0.216315
4.75896493661396,305.3463,1863.5037,0,522.142173
4.59184328053764,617.97,1558.48,0,1056.7287
4.42040769258452,1027.045,1141.455,0,1756.24695
4.34933763609675,1237.322,934.328,0,2115.82062
4.32655138051132,1319.715,867.785,0,2256.71265
4.3635211605899,1262.507,1034.693,0,2158.88697
4.37855271774516,1100.167,980.483,0,1881.28557
4.47717666045858,845.371,1242.529,0,1445.58441
4.65009324308758,490.7938,1641.8562,0,839.257398
7.28299643667494,37.7842,2628.8158,0,154.159536
7.34021896644292,-0.1265,2357.3265,0,-0.51612
7.34022195144135,-0.1265,2325.6265,0,-0.51612
7.34021834579328,-0.1265,2364.0265,0,-0.51612
7.340174631916,-0.1265,2955.7265,0,-0.51612
3.08999266610021,-0.1265,2932.5265,0,0.021505
3.08995650929726,-0.1265,494.7265,0,0.021505
3.08993683796243,-0.1265,340.7265,0,0.021505
3.08993469946724,-0.1265,329.5765,0,0.021505
3.08993416974441,-0.1265,326.9265,0,0.021505
3.08993020655679,-0.1265,308.3765,0,0.021505
3.08993140865039,-0.1265,313.7765,0,0.021505
3.08993565682844,-0.1265,334.4765,0,0.021505
4.9706361766172,-0.1265,340.2765,0,-0.216315
4.97064317539512,-0.1265,336.5765,0,-0.216315
4.85627922009937,153.083,1995.717,0,261.77193
4.70859860638847,393.5551,1787.3949,0,672.979221
4.60396867612934,572.3458,1529.1542,0,978.711318
4.54829208880204,694.0236,1426.1764,0,1186.780356
4.52098239294723,791.685,1431.615,0,1353.78135
4.2767427337848,1467.084,684.566,0,2508.71364
4.36439957957997,1098.46,904.74,0,1878.3666
4.57826747953724,644.504,1524.396,0,1102.10184
4.71219079170816,390.187,1807.663,0,667.21977
7.32871485843002,7.165,2576.085,0,29.2332
7.340220604311,-0.1265,2339.8265,0,-0.51612
7.34022634623317,-0.1265,2280.4765,0,-0.51612
7.340218882867,-0.1265,2358.2265,0,-0.51612
7.34022032649833,-0.1265,2342.7765,0,-0.51612
3.08999072849938,-0.1265,2319.7265,0,0.021505
3.08995512064002,-0.1265,479.4265,0,0.021505
3.08993198354701,-0.1265,316.4265,0,0.021505
3.08976954031303,-0.1265,93.5665,0,0.021505
3.0898034161079,-0.1265,109.6465,0,0.021505
3.08980035926976,-0.1265,107.9715,0,0.021505
3.08981311132065,-0.1265,115.3215,0,0.021505
3.08980410553979,-0.1265,110.0315,0,0.021505
4.9719480203704,-0.1265,111.2965,0,-0.216315
4.97185608807012,-0.1265,116.7965,0,-0.216315
4.31760753132579,252.6985,156.9565,0,432.114435
3.97973881029603,446.555,0,167.843,763.60905
3.87317930348958,428.565,0,338.028,732.84615
3.77315968176612,422.915,0,563.448,723.18465
3.79374515937875,430.335,0,518.027,735.87285
3.85336931989707,434.49,0,383.154,742.9779
3.86027921486065,437.52,0,371.312,748.1592
3.96451571983944,436.52,0,186.481,746.4492
4.27917336080134,304.9796,144.9554,0,521.515116
7.22992854250086,15.921,558.299,0,64.95768
7.34079301388143,-0.1265,651.0865,0,-0.51612
7.34078889265071,-0.1265,654.4865,0,-0.51612
7.34076430121571,-0.1265,675.5365,0,-0.51612
7.34071516114751,-0.1265,721.9365,0,-0.51612
3.08996992238282,-0.1265,715.2365,0,0.021505
3.08992665003317,-0.1265,293.4365,0,0.021505
3.08977708904518,-0.1265,96.7265,0,0.021505
3.08979528503501,-0.1265,105.3015,0,0.021505
3.08981164631022,-0.1265,114.4265,0,0.021505
3.08980755032731,-0.1265,111.9965,0,0.021505
3.08977394923975,-0.1265,95.3865,0,0.021505
3.08983932727402,-0.1265,134.0965,0,0.021505
4.97172777629125,-0.1265,125.4515,0,-0.216315
4.97184650251604,-0.1265,117.4015,0,-0.216315
4.41925101754347,201.1105,222.1995,0,343.898955
4.08792039147698,443.78,0,29.0303000000001,758.8638
3.88694082889881,418.2,0,304.2531,715.122
3.85362701967479,437.28,0,385.0673,747.7488
3.81791663306926,435.38,0,463.6684,744.4998
3.8409429952397,425.795,0,401.7334,728.10945
3.88258323353026,440.225,0,328.6811,752.78475
3.95653477898971,415.91,0,189.2433,711.2061
4.25926602754449,331.1039,134.4161,0,566.187669
7.26125670138365,14.7678,735.6422,0,60.252624
7.34073464490099,-0.1265,702.7965,0,-0.51612
7.34077108966539,-0.1265,669.5915,0,-0.51612
7.34075801513768,-0.1265,681.1365,0,-0.51612
7.340768174603,-0.1265,672.1315,0,-0.51612
3.08996893187333,-0.1265,692.4415,0,0.021505
3.0899281894423,-0.1265,299.7215,0,0.021505
3.08978374654955,-0.1265,99.6965,0,0.021505
3.08993162673059,-0.1265,314.7765,0,0.021505
3.0899307125125,-0.1265,310.6265,0,0.021505
3.08993198354701,-0.1265,316.4265,0,0.021505
3.08993573374255,-0.1265,334.8765,0,0.021505
3.08993507405121,-0.1265,331.4765,0,0.021505
4.9706258689007,-0.1265,345.8765,0,-0.216315
4.97069504712851,-0.1265,311.4765,0,-0.216315
4.89376661680747,120.619,2464.381,0,206.25849
4.69786895931129,409.4261,1753.8739,0,700.118631
4.67051242952511,450.926,1672.824,0,771.08346
4.54232013136191,738.881,1476.519,0,1263.48651
4.50599023174448,830.476,1399.574,0,1420.11396
4.49066075464516,864.587,1355.163,0,1478.44377
4.40379662579473,1024.347,1044.953,0,1751.63337
4.44412995226726,912.089,1141.711,0,1559.67219
4.64988710934024,479.598,1602.752,0,820.11258
7.29229227297037,40.1085,3349.8915,0,163.64268
7.34017184675832,-0.1265,3003.6265,0,-0.51612
7.34017548992723,-0.1265,2941.2765,0,-0.51612
7.34017503167048,-0.1265,2948.9765,0,-0.51612
7.340169396094,-0.1265,3047.0765,0,-0.51612
3.08999265470254,-0.1265,2927.9765,0,0.021505
3.08995964711633,-0.1265,533.1765,0,0.021505
3.08993219799258,-0.1265,317.4265,0,0.021505
3.08977750417729,-0.1265,96.9065,0,0.021505
3.08978952468106,-0.1265,102.4265,0,0.021505
3.08978916356613,-0.1265,102.2515,0,0.021505
3.08977013152902,-0.1265,93.8065,0,0.021505
3.08982038528838,-0.1265,119.9815,0,0.021505
4.97180332378797,-0.1265,120.2065,0,-0.216315
4.97189785792935,-0.1265,114.2315,0,-0.216315
4.37325844744182,278.0556,240.6744,0,475.475076
3.81672002797358,421.775,0,451.958,721.23525
3.68122810757143,435.675,0,897.298,745.00425
3.61936832610625,427.075,0,1178.022,730.29825
3.66778869045531,441.84,0,969.109,755.5464
3.65866102060369,438.985,0,1004.994,750.66435
3.74688678211609,423.315,0,640.0989,723.86865
3.88353387020369,438.76,0,325.75,750.2796
4.21357592539762,368.5717,96.0632999999999,0,630.257607
7.15438963603071,29.5579,590.6121,0,120.596232
7.34080095782215,-0.1265,644.6315,0,-0.51612
7.34080690588365,-0.1265,639.8815,0,-0.51612
7.34079077823751,-0.1265,652.9265,0,-0.51612
7.34078120281803,-0.1265,660.9265,0,-0.51612
3.08996783017083,-0.1265,668.7365,0,0.021505
3.08991688680102,-0.1265,258.9965,0,0.021505
3.08979622584298,-0.1265,105.7865,0,0.021505
3.08978661123156,-0.1265,101.0315,0,0.021505
3.08978749685025,-0.1265,101.4515,0,0.021505
3.08979678426814,-0.1265,106.0765,0,0.021505
3.08977983896149,-0.1265,97.9315,0,0.021505
3.08983011213942,-0.1265,126.8365,0,0.021505
4.971845085019,-0.1265,117.4915,0,-0.216315
4.97188940373924,-0.1265,114.7415,0,-0.216315
4.4114653800506,206.681,219.409,0,353.42451
3.96485494767519,429.41,0,182.942,734.2911
3.75441265092048,410.695,0,599.06,702.28845
3.7185960636538,448.08,0,774.628,766.2168
3.70464141717748,445.96,0,823.151,762.5916
3.69625929302042,432.97,0,831.167,740.3787
3.76270990760804,435.38,0,610.213,744.4998
3.87048246168998,417.58,0,334.508,714.0618
4.16929314340954,398.0141,53.9758999999999,0,680.604111
7.25134864554755,16.7932,739.2868,0,68.516256
7.34074325662241,-0.1265,694.6565,0,-0.51612
7.34071906192596,-0.1265,718.0215,0,-0.51612
7.34073805392118,-0.1265,699.5515,0,-0.51612
7.3407294585383,-0.1265,707.7915,0,-0.51612
3.08996924687374,-0.1265,699.5315,0,0.021505
3.08993610038524,-0.1265,336.7965,0,0.021505
3.08979956847339,-0.1265,107.5465,0,0.021505
3.08993201580028,-0.1265,316.5765,0,0.021505
3.08993383555343,-0.1265,325.2765,0,0.021505
3.08993454045144,-0.1265,328.7765,0,0.021505
3.08993761666959,-0.1265,344.9765,0,0.021505
3.08993578172056,-0.1265,335.1265,0,0.021505
4.97065884714314,-0.1265,328.5765,0,-0.216315
4.9706753016872,-0.1265,320.5765,0,-0.216315
4.82363786026884,206.1947,1996.6553,0,352.592937
4.57943542525001,638.1951,1517.8049,0,1091.313621
4.43347946820941,975.6752,1158.3248,0,1668.404592
4.36356024319702,1207.318,989.682,0,2064.51378
4.34072194014814,1304.6468,935.9532,0,2230.946028
4.18718347037651,1906.123,351.527,0,3259.47033
4.22603244844464,1626.739,485.561,0,2781.72369
4.36742771954697,1172.168,982.082,0,2004.40728
4.58506520883142,620.862,1516.338,0,1061.67402
7.30318361832438,24.8711,2706.4789,0,101.474088
7.34022078833482,-0.1265,2337.8765,0,-0.51612
7.34017501386476,-0.1265,2949.2765,0,-0.51612
7.34016817349514,-0.1265,3069.2265,0,-0.51612
7.34016866261546,-0.1265,3060.3265,0,-0.51612
3.0899928624142,-0.1265,3013.1765,0,0.021505
3.08996106095983,-0.1265,552.5265,0,0.021505
3.08993472919673,-0.1265,329.7265,0,0.021505
3.0899350446351,-0.1265,331.3265,0,0.021505
3.08993387624203,-0.1265,325.4765,0,0.021505
3.08993375402582,-0.1265,324.8765,0,0.021505
3.08993176774063,-0.1265,315.4265,0,0.021505
3.08993423014403,-0.1265,327.2265,0,0.021505
4.97064974386008,-0.1265,333.1765,0,-0.216315
4.97065189777095,-0.1265,332.0765,0,-0.216315
4.8131689470952,220.307,1961.493,0,376.72497
4.62275748429548,558.6809,1633.8691,0,955.344339
4.50812834932771,795.444,1354.106,0,1360.20924
4.36052246576002,1198.467,965.583,0,2049.37857
4.3497947700512,1251.144,947.306,0,2139.45624
4.24289526709354,1623.843,571.257,0,2776.77153
4.27661578486366,1382.791,644.609,0,2364.57261
4.40797508941254,1065.545,1110.905,0,1822.08195
4.62475881063402,554.697,1638.053,0,948.53187
7.32653785065414,8.4268,2537.0732,0,34.381344
7.34022778473257,-0.1265,2266.0765,0,-0.51612
7.34021904543436,-0.1265,2356.4765,0,-0.51612
7.34023123930459,-0.1265,2232.2265,0,-0.51612
7.34022800611497,-0.1265,2263.8765,0,-0.51612
3.08999050247243,-0.1265,2264.5265,0,0.021505
3.08995199492827,-0.1265,448.2265,0,0.021505
3.08993263340575,-0.1265,319.4765,0,0.021505
3.08993370296895,-0.1265,324.6265,0,0.021505
3.08993383555343,-0.1265,325.2765,0,0.021505
3.0899328961677,-0.1265,320.7265,0,0.021505
3.08993582005142,-0.1265,335.3265,0,0.021505
3.08993587746199,-0.1265,335.6265,0,0.021505
4.97060921189557,-0.1265,355.3265,0,-0.216315
4.9706558507808,-0.1265,330.0765,0,-0.216315
4.87869621834912,121.1511,2026.6989,0,207.168381
4.71662462264859,368.3935,1749.4565,0,629.952885
4.60366764424161,579.27,1545.43,0,990.5517
4.57696663055918,657.9223,1546.6277,0,1125.047133
4.55981627600838,679.7705,1474.3295,0,1162.407555
4.30079473891367,1360.182,755.268,0,2325.91122
4.29932512792887,1316.312,723.538,0,2250.89352
4.41073679989689,1027.705,1086.895,0,1757.37555
4.60326664452869,582.548,1551.202,0,996.15708
7.30346131403087,24.2214,2656.1786,0,98.823312
7.34021387161197,-0.1265,2413.4765,0,-0.51612
7.34017047033754,-0.1265,3027.8765,0,-0.51612
7.34017232010633,-0.1265,2995.3765,0,-0.51612
7.34017257362641,-0.1265,2990.9765,0,-0.51612
3.08999272809904,-0.1265,2957.5265,0,0.021505
3.08995505498215,-0.1265,478.7265,0,0.021505
3.08992955497284,-0.1265,305.5265,0,0.021505
3.08993016122511,-0.1265,308.1765,0,0.021505
3.08993471928991,-0.1265,329.6765,0,0.021505
3.0899352304882,-0.1265,332.2765,0,0.021505
3.08993232601208,-0.1265,318.0265,0,0.021505
3.08993280180987,-0.1265,320.2765,0,0.021505
4.97062704816457,-0.1265,345.2265,0,-0.216315
4.97066615135646,-0.1265,324.9765,0,-0.216315
4.76476005716428,286.8839,1816.4661,0,490.571469
4.49256513045116,836.4643,1322.9857,0,1430.353953
4.30776014472795,1295.9613,754.4387,0,2216.093823
4.29963263175843,1450.5041,798.9959,0,2480.362011
4.24321368444749,1625.563,573.537,0,2779.71273
4.22607431802867,1673.396,499.704,0,2861.50716
4.21995283434475,1593.03,445.82,0,2724.0813
4.372904722883,1185.011,1023.689,0,2026.36881
4.57854334471565,652.436,1545.164,0,1115.66556
7.30834702951464,25.6224,3251.4276,0,104.539392
7.34017213332495,-0.1265,2998.6265,0,-0.51612
7.34017834302906,-0.1265,2894.2265,0,-0.51612
7.34017585766473,-0.1265,2935.1265,0,-0.51612
7.340172518826,-0.1265,2991.9265,0,-0.51612
3.08999277245743,-0.1265,2975.6765,0,0.021505
3.08995789306738,-0.1265,510.9765,0,0.021505
3.08993371318662,-0.1265,324.6765,0,0.021505
3.08993793176101,-0.1265,346.7265,0,0.021505
3.08993237921097,-0.1265,318.2765,0,0.021505
3.08993557007971,-0.1265,334.0265,0,0.021505
3.08993161585952,-0.1265,314.7265,0,0.021505
3.08993953724413,-0.1265,355.9265,0,0.021505
4.97064711979861,-0.1265,334.5265,0,-0.216315
4.97064867223333,-0.1265,333.7265,0,-0.216315
4.79410637377778,240.8108,1859.4892,0,411.786468
4.54766029204021,722.07,1479.43,0,1234.7397
4.3679499268659,1157.0969,972.3031,0,1978.635699
4.28519142362428,1448.083,719.767,0,2476.22193
4.26121427101367,1540.695,635.655000000001,0,2634.58845
4.24303750821117,1589.458,559.892,0,2717.97318
4.28891969407266,1377.326,703.424,0,2355.22746
4.40129895611202,1053.964,1061.186,0,1802.27844
4.61726473004485,545.3206,1552.9794,0,932.498226
7.32133463855003,12.2041,2643.2459,0,49.792728
7.3402222046662,-0.1265,2322.9765,0,-0.51612
7.34022533332082,-0.1265,2290.7265,0,-0.51612
7.34022089700568,-0.1265,2336.7265,0,-0.51612
7.3402303003449,-0.1265,2241.3265,0,-0.51612
3.08999088683723,-0.1265,2360.0265,0,0.021505
3.0899523881742,-0.1265,451.9265,0,0.021505
3.08993344649956,-0.1265,323.3765,0,0.021505
3.08980615386002,-0.1265,111.1915,0,0.021505
3.08981176171948,-0.1265,114.4965,0,0.021505
3.08980907948881,-0.1265,112.8915,0,0.021505
3.08977535425709,-0.1265,95.9815,0,0.021505
3.08981426541778,-0.1265,116.0365,0,0.021505
4.97180671268745,-0.1265,119.9815,0,-0.216315
4.97181505053344,-0.1265,119.4315,0,-0.216315
4.41696721546883,202.6968,221.3532,0,346.611528
3.98792518460827,436.16,0,152.282,745.8336
3.74101888534253,415.02,0,645.337,709.6842
3.67705511735283,431.035,0,905.25,737.06985
3.69157004322647,450.97,0,884.928,771.1587
3.66967622058311,437.74,0,951.659,748.5354
3.6812574860777,422.37,0,869.776,722.2527
3.75355423848866,424.605,0,621.904,726.07455
4.07197725371832,470.075,0,49.8140000000001,803.82825
7.23260948671546,16.246,584.729,0,66.28368
7.34095387268206,-0.1265,541.3315,0,-0.51612
7.34099800156047,-0.1265,517.4065,0,-0.51612
7.34098171411942,-0.1265,525.9865,0,-0.51612
7.34097258457964,-0.1265,530.9215,0,-0.51612
3.08995861227467,-0.1265,519.8515,0,0.021505
3.08991793034097,-0.1265,262.2865,0,0.021505
3.08979653431857,-0.1265,105.9465,0,0.021505
3.08979829954464,-0.1265,106.8715,0,0.021505
3.08981505609377,-0.1265,116.5315,0,0.021505
3.08978975103511,-0.1265,102.5365,0,0.021505
3.08980614512298,-0.1265,111.1865,0,0.021505
3.08981058454113,-0.1265,113.7865,0,0.021505
4.97171762407842,-0.1265,126.1915,0,-0.216315
4.97187393607575,-0.1265,115.6865,0,-0.216315
4.36819137145468,234.3743,197.2107,0,400.780053
3.9329674377316,442.445,0,239.356,756.58095
3.71198611120399,434.785,0,775.353,743.48235
3.64973154223665,429.945,0,1026.552,735.20595
3.66836643049267,434.43,0,950.279,742.8753
3.73364167040862,433.64,0,698.301,741.5244
3.80829656717641,422.45,0,472.616,722.3895
3.97796876256807,443.69,0,169.365,758.7099
4.28716506879219,298.8003,150.6747,0,510.948513
7.33483478878049,0.7545,594.4705,0,3.07836
7.34096491137873,-0.1265,535.1415,0,-0.51612
7.34092289783339,-0.1265,559.4915,0,-0.51612
7.3409806788482,-0.1265,526.5415,0,-0.51612
7.34078327162962,-0.1265,659.1815,0,-0.51612
3.08996609506782,-0.1265,634.5265,0,0.021505
3.08992949607975,-0.1265,305.2715,0,0.021505
3.08980855259351,-0.1265,112.5815,0,0.021505
3.08993830569449,-0.1265,348.8265,0,0.021505
3.08992910209727,-0.1265,303.5765,0,0.021505
3.08993349795206,-0.1265,323.6265,0,0.021505
3.08993849097672,-0.1265,349.8765,0,0.021505
3.08993943507471,-0.1265,355.3265,0,0.021505
4.9706609609394,-0.1265,327.5265,0,-0.216315
4.97067017583538,-0.1265,323.0265,0,-0.216315
4.78707744136033,252.6048,1856.1952,0,431.954208
4.52559356340965,768.445,1419.955,0,1314.04095
4.33299275711807,1229.646,841.604,0,2102.69466
4.25048465645516,1576.711,593.789,0,2696.17581
4.28239554835482,1509.488,734.962,0,2581.22448
4.28522727594287,1471.768,731.732,0,2516.72328
4.2753635977197,1367.499,631.401,0,2338.42329
4.46786148379515,926.319,1301.881,0,1584.00549
4.67030616687389,446.84,1655.91,0,764.0964
7.31289953252051,17.4352,2590.0148,0,71.135616
7.34022034531097,-0.1265,2342.5765,0,-0.51612
7.34021816581693,-0.1265,2365.9765,0,-0.51612
7.34022475437902,-0.1265,2296.6265,0,-0.51612
7.34022257838943,-0.1265,2319.0765,0,-0.51612
3.08999095030622,-0.1265,2376.5765,0,0.021505
3.08995728248681,-0.1265,503.6765,0,0.021505
3.08993407893668,-0.1265,326.4765,0,0.021505
3.08993410923375,-0.1265,326.6265,0,0.021505
3.08992870250494,-0.1265,301.8765,0,0.021505
3.08993406883147,-0.1265,326.4265,0,0.021505
3.08993232601208,-0.1265,318.0265,0,0.021505
3.0899333123497,-0.1265,322.7265,0,0.021505
4.97062235757329,-0.1265,347.8265,0,-0.216315
4.97064779807351,-0.1265,334.1765,0,-0.216315
4.87026276133081,132.409,2005.341,0,226.41939
4.66878766122414,455.0403,1673.2097,0,778.118913
4.528432311147,744.8567,1394.7933,0,1273.704957
4.44925347357861,965.1024,1238.9476,0,1650.325104
4.42310110409405,1038.6179,1170.2321,0,1776.036609
4.43080748918341,1002.0452,1173.8048,0,1713.497292
4.46313225292948,882.5607,1212.3393,0,1509.178797
4.57123161108318,637.3389,1458.3611,0,1089.849519
4.75185514551748,307.8817,1797.6683,0,526.477707
7.32913441940861,6.7931,2537.2069,0,27.715848
7.34016858548669,-0.1265,3061.7265,0,-0.51612
7.34017521884957,-0.1265,2945.8265,0,-0.51612
7.34017382907784,-0.1265,2969.3765,0,-0.51612
7.34016986720033,-0.1265,3038.6265,0,-0.51612
3.08999290222681,-0.1265,3030.0765,0,0.021505
3.08995928035772,-0.1265,528.3765,0,0.021505
3.08993599197556,-0.1265,336.2265,0,0.021505
3.08993503482381,-0.1265,331.2765,0,0.021505
3.08993076827735,-0.1265,310.8765,0,0.021505
3.08993295892585,-0.1265,321.0265,0,0.021505
3.08993051101306,-0.1265,309.7265,0,0.021505
3.08994180343063,-0.1265,369.7765,0,0.021505
4.97065150508925,-0.1265,332.2765,0,-0.216315
4.97067163240689,-0.1265,322.3265,0,-0.216315
4.89501354885599,97.7086,2032.7414,0,167.081706
4.76740500532185,289.3763,1863.7237,0,494.833473
4.62858962497435,534.097,1606.903,0,913.30587
4.59578913621534,626.622,1610.178,0,1071.52362
4.56817498974805,665.856,1501.894,0,1138.61376
4.55959539861282,692.126,1499.574,0,1183.53546
4.6303055069835,511.684,1552.416,0,874.97964
4.76053445786548,293.3567,1808.1433,0,501.639957
4.86563397820109,139.688,2009.362,0,238.86648
7.34020363992758,-0.1265,2534.7265,0,-0.51612
7.34017726497373,-0.1265,2911.8265,0,-0.51612
7.34017741426241,-0.1265,2909.3765,0,-0.51612
7.34017518019254,-0.1265,2946.4765,0,-0.51612
7.34017040842454,-0.1265,3028.9765,0,-0.51612
3.08999276723113,-0.1265,2973.5265,0,0.021505
3.08995216045435,-0.1265,449.7765,0,0.021505
3.08993621032055,-0.1265,337.3765,0,0.021505
3.08992711985319,-0.1265,295.3265,0,0.021505
3.08993209093909,-0.1265,316.9265,0,0.021505
3.08993262285246,-0.1265,319.4265,0,0.021505
3.08992935827884,-0.1265,304.6765,0,0.021505
3.08993557973001,-0.1265,334.0765,0,0.021505
4.9706434623788,-0.1265,336.4265,0,-0.216315
4.97065644787094,-0.1265,329.7765,0,-0.216315
4.91121133873034,75.5877,2047.4623,0,129.254967
4.79063330384884,254.484,1917.166,0,435.16764
4.64956538698784,483.6617,1613.7383,0,827.061507
4.60707892543957,597.8148,1621.1352,0,1022.263308
4.57610887286727,666.2225,1559.8275,0,1139.240475
4.42223496207765,1056.214,1184.836,0,1806.12594
4.47042141531004,829.28,1179.97,0,1418.0688
4.6406943200782,515.939,1647.261,0,882.25569
4.82906814176907,192.7018,1952.7482,0,329.520078
7.34016006334057,-0.1265,3224.7265,0,-0.51612
7.34017283657497,-0.1265,2986.4265,0,-0.51612
7.34017372083595,-0.1265,2971.2265,0,-0.51612
7.34017230572414,-0.1265,2995.6265,0,-0.51612
7.34018128725118,-0.1265,2847.2265,0,-0.51612
3.08999282227222,-0.1265,2996.3265,0,0.021505
3.08995890294464,-0.1265,523.5265,0,0.021505
3.08993447063824,-0.1265,328.4265,0,0.021505
3.08992887934955,-0.1265,302.6265,0,0.021505
3.08993433056415,-0.1265,327.7265,0,0.021505
3.08993095720824,-0.1265,311.7265,0,0.021505
3.08993370296895,-0.1265,324.6265,0,0.021505
3.08993780610718,-0.1265,346.0265,0,0.021505
4.97064731344646,-0.1265,334.4265,0,-0.216315
4.9706596508027,-0.1265,328.1765,0,-0.216315
4.83481995275163,223.4331,2379.5169,0,382.070601
4.54093168305615,717.614,1424.736,0,1227.11994
4.34438057411429,1243.1553,911.5947,0,2125.795563
4.25163895017618,1594.625,606.625,0,2726.80875
4.23785046862629,1646.615,552.585,0,2815.71165
4.25574395955714,1585.719,624.931,0,2711.57949
4.27886145582132,1405.834,666.616,0,2403.97614
4.46859787942519,901.621,1271.679,0,1541.77191
4.68352705883598,443.114,1758.786,0,757.72494
7.33904982723998,0.795,3412.105,0,3.2436
7.34016651591769,-0.1265,3099.7765,0,-0.51612
7.34016986999574,-0.1265,3038.5765,0,-0.51612
7.34017577680991,-0.1265,2936.4765,0,-0.51612
7.34017330957932,-0.1265,2978.2765,0,-0.51612
3.08999288166938,-0.1265,3021.3265,0,0.021505
3.08995965847111,-0.1265,533.3265,0,0.021505
3.08993074598219,-0.1265,310.7765,0,0.021505
3.08979924102746,-0.1265,107.3715,0,0.021505
3.08981221374712,-0.1265,114.7715,0,0.021505
3.08979270990472,-0.1265,103.9965,0,0.021505
3.08980012733111,-0.1265,107.8465,0,0.021505
3.08983024624359,-0.1265,126.9365,0,0.021505
4.97167642511441,-0.1265,129.2865,0,-0.216315
4.97185943859679,-0.1265,116.5865,0,-0.216315
4.49266455785407,192.113,303.997,0,328.51323
3.94227918261159,431.63,0,218.5366,738.0873
3.78039469161296,430.27,0,553.3132,735.7617
3.71137301262812,434.3,0,776.7199,742.653
3.74356795950887,451.32,0,693.3243,771.7572
3.64966977379675,443.145,0,1058.377,757.77795
3.68991817790158,432.42,0,855.111,739.4382
3.77671685590899,413.32,0,541.183,706.7772
4.14603603520071,519.676,39.1489999999999,0,888.64596
7.27227797166452,13.493,785.917,0,55.05144
7.34075663163172,-0.1265,682.3815,0,-0.51612
7.34073751077966,-0.1265,700.0665,0,-0.51612
7.34075242348677,-0.1265,686.1965,0,-0.51612
7.34073823866599,-0.1265,699.3765,0,-0.51612
3.08996923213393,-0.1265,699.1965,0,0.021505
3.08992754465496,-0.1265,297.0565,0,0.021505
3.08979344657513,-0.1265,104.3665,0,0.021505
3.08980215918343,-0.1265,108.9515,0,0.021505
3.08979971780747,-0.1265,107.6265,0,0.021505
3.0898006646058,-0.1265,108.1365,0,0.021505
3.08980139178138,-0.1265,108.5315,0,0.021505
3.08983430735389,-0.1265,130.0415,0,0.021505
4.97168616048983,-0.1265,128.5415,0,-0.216315
4.97178789719684,-0.1265,121.2415,0,-0.216315
4.47630854618486,207.7585,304.0965,0,355.267035
3.94791185879532,511.31,0,248.386,874.3401
3.66472572341865,411.385,0,915.366,703.46835
3.58881551336047,431.32,0,1380.433,737.5572
3.58186397169018,428.285,0,1418.824,732.36735
3.60660667246518,440.215,0,1291.391,752.76765
3.66383291612025,444.625,0,993.481,760.30875
3.76348241248705,433.385,0,605.155,741.08835
4.08868502183473,458.805,0,29.1388,784.55655
7.33767605186697,0.4414,774.0536,0,1.800912
7.3407832894606,-0.1265,659.1665,0,-0.51612
7.34072161553965,-0.1265,715.4815,0,-0.51612
7.34072530173477,-0.1265,711.8465,0,-0.51612
7.34078114370081,-0.1265,660.9765,0,-0.51612
3.08996796459346,-0.1265,671.5415,0,0.021505
3.08992909040849,-0.1265,303.5265,0,0.021505
3.08980401627654,-0.1265,109.9815,0,0.021505
3.089933104906,-0.1265,321.7265,0,0.021505
3.08993425025262,-0.1265,327.3265,0,0.021505
3.08993133199329,-0.1265,313.4265,0,0.021505
3.08993455041262,-0.1265,328.8265,0,0.021505
3.08993576253795,-0.1265,335.0265,0,0.021505
4.97063125686696,-0.1265,342.9265,0,-0.216315
4.97064538216774,-0.1265,335.4265,0,-0.216315
4.85400638980468,192.8477,2457.3023,0,329.769567
4.54950554532101,691.571,1429.229,0,1182.58641
4.35948578619457,1143.2783,915.6717,0,1955.005893
4.28870647804122,1430.363,729.387,0,2445.92073
4.28621952551011,1483.273,742.827,0,2536.39683
4.22050915426532,1702.081,479.219,0,2910.55851
4.27923343746634,1406.225,668.675,0,2404.64475
4.41036496444138,1018.991,1075.609,0,1742.47461
4.67311931330655,455.1366,1711.2634,0,778.283586
7.34015906685218,-0.1265,3244.9265,0,-0.51612
7.34017417224566,-0.1265,2963.5265,0,-0.51612
7.34017502870261,-0.1265,2949.0265,0,-0.51612
7.34017465555425,-0.1265,2955.3265,0,-0.51612
7.34017464668916,-0.1265,2955.4765,0,-0.51612
3.08999272969703,-0.1265,2958.1765,0,0.021505
3.08995814303385,-0.1265,514.0265,0,0.021505
3.08993101258006,-0.1265,311.9765,0,0.021505
3.08993658652379,-0.1265,339.3765,0,0.021505
3.08993483797366,-0.1265,330.2765,0,0.021505
3.08993654910326,-0.1265,339.1765,0,0.021505
3.08993275978782,-0.1265,320.0765,0,0.021505
3.08993842933976,-0.1265,349.5265,0,0.021505
4.97063552244813,-0.1265,340.6265,0,-0.216315
4.97064031957516,-0.1265,338.0765,0,-0.216315
4.85088237316997,195.0686,2410.1814,0,333.567306
4.55903335115954,674.4552,1457.4448,0,1153.318392
4.35826360594898,1175.249,934.701,0,2009.67579
4.28426657405238,1427.146,704.554,0,2440.41966
4.24801100344375,1633.08,601.72,0,2792.5668
4.22863096139557,1651.801,506.348999999999,0,2824.57971
4.3319744688756,1241.263,844.237,0,2122.55973
4.41437571217543,1039.098,1119.752,0,1776.85758
4.65078856119071,478.867,1607.533,0,818.86257
7.33161310097544,6.6669,3229.9331,0,27.200952
7.34016521795777,-0.1265,3124.1265,0,-0.51612
7.34017083428012,-0.1265,3021.4265,0,-0.51612
7.34016985881465,-0.1265,3038.7765,0,-0.51612
7.34017072973465,-0.1265,3023.2765,0,-0.51612
3.08999285328192,-0.1265,3009.3265,0,0.021505
3.08995749357363,-0.1265,506.1765,0,0.021505
3.08993749881929,-0.1265,344.3265,0,0.021505
3.08993511323126,-0.1265,331.6765,0,0.021505
3.0899317352515,-0.1265,315.2765,0,0.021505
3.08992969315747,-0.1265,306.1265,0,0.021505
3.08993138676583,-0.1265,313.6765,0,0.021505
3.08993878860936,-0.1265,351.5765,0,0.021505
4.97065575137136,-0.1265,330.1265,0,-0.216315
4.97068351694534,-0.1265,316.7265,0,-0.216315
4.88432623322391,115.1221,2067.5279,0,196.858791
4.70060005898608,400.7899,1742.4101,0,685.350729
4.57799921949273,647.917,1530.533,0,1107.93807
4.42518622444088,996.92,1135.18,0,1704.7332
4.37454087219687,1155.907,1007.643,0,1976.60097
4.38843708454073,1140.669,1072.631,0,1950.54399
4.42899305367753,982.704,1140.696,0,1680.42384
4.55459815746623,688.642,1457.508,0,1177.57782
4.75473810085266,319.3923,1898.4077,0,546.160833
7.33641921832873,2.3321,2652.5679,0,9.514968
7.34021096919646,-0.1265,2446.6765,0,-0.51612
7.34022753368292,-0.1265,2268.5765,0,-0.51612
7.34017151268425,-0.1265,3009.4765,0,-0.51612
7.34017445778131,-0.1265,2958.6765,0,-0.51612
3.08999296457407,-0.1265,3056.9265,0,0.021505
3.08995951417004,-0.1265,531.4265,0,0.021505
3.08993675437139,-0.1265,340.2765,0,0.021505
3.08993463992693,-0.1265,329.2765,0,0.021505
3.08993597291838,-0.1265,336.1265,0,0.021505
3.08993243232629,-0.1265,318.5265,0,0.021505
3.08993595384984,-0.1265,336.0265,0,0.021505
3.0899380479858,-0.1265,347.3765,0,0.021505
4.97062804947978,-0.1265,344.6765,0,-0.216315
4.97062003849533,-0.1265,349.1265,0,-0.216315
4.89261418098913,99.6726,2003.1274,0,170.440146
4.67954166566819,436.6364,1697.3136,0,746.648244
4.59595293062823,606.014,1558.436,0,1036.28394
4.51545086865663,805.313,1418.937,0,1377.08523
4.47910324039186,883.036,1309.914,0,1509.99156
4.45269908673419,957.465,1250.085,0,1637.26515
4.4684378716576,853.073,1202.277,0,1458.75483
4.58276777693334,632.4586,1527.9914,0,1081.504206
4.73853409202583,341.1793,1838.1707,0,583.416603
7.33362728221532,5.0934,3250.7566,0,20.781072
7.34017129068888,-0.1265,3013.3765,0,-0.51612
7.34017325721859,-0.1265,2979.1765,0,-0.51612
7.34017589362409,-0.1265,2934.5265,0,-0.51612
7.34017121965808,-0.1265,3014.6265,0,-0.51612
3.08999271590664,-0.1265,2952.5765,0,0.021505
3.0899578806969,-0.1265,510.8265,0,0.021505
3.08993582962699,-0.1265,335.3765,0,0.021505
3.08993297981915,-0.1265,321.1265,0,0.021505
3.08993012718769,-0.1265,308.0265,0,0.021505
3.08993677296629,-0.1265,340.3765,0,0.021505
3.08993603956892,-0.1265,336.4765,0,0.021505
3.08993362111407,-0.1265,324.2265,0,0.021505
4.9706558507808,-0.1265,330.0765,0,-0.216315
4.9706391843356,-0.1265,338.6765,0,-0.216315
4.87571760669238,121.8562,1966.3938,0,208.374102
4.69826153312864,405.5781,1741.0719,0,693.538551
4.55466141904711,689.899,1460.601,0,1179.72729
4.45368576466035,947.885,1243.565,0,1620.88335
4.41651576778828,1047.801,1141.599,0,1791.73971
4.46661588671686,933.643,1304.307,0,1596.52953
4.47234646561804,830.848,1193.202,0,1420.75008
4.60195553815445,588.205,1556.495,0,1005.83055
4.81684366136111,209.2609,1917.8891,0,357.836139
7.34019639841114,-0.1265,2628.1765,0,-0.51612
7.34017078905556,-0.1265,3022.2265,0,-0.51612
7.34016985881465,-0.1265,3038.7765,0,-0.51612
7.34017156114425,-0.1265,3008.6265,0,-0.51612
7.34016827767577,-0.1265,3067.3265,0,-0.51612
3.0899928635985,-0.1265,3013.6765,0,0.021505
3.08996017765894,-0.1265,540.2765,0,0.021505
3.0899333123497,-0.1265,322.7265,0,0.021505
3.0897869600321,-0.1265,101.1965,0,0.021505
3.08979315850474,-0.1265,104.2215,0,0.021505
3.08979782548405,-0.1265,106.6215,0,0.021505
3.08979651506621,-0.1265,105.9365,0,0.021505
3.0897993534151,-0.1265,107.4315,0,0.021505
4.97161424888156,-0.1265,134.2565,0,-0.216315
4.97195118321179,-0.1265,111.1165,0,-0.216315
4.61671384119461,111.3659,316.3091,0,190.435689
4.18289349625836,384.9847,66.4152999999998,0,658.323837
3.80997795930949,417.34,0,462.92,713.6514
3.78763443343262,436.935,0,542.184,747.15885
3.7933484445834,448.925,0,541.475,767.66175
3.73393248302116,438.285,0,704.81,749.46735
3.81769452025164,425.2,0,453.346,727.092
3.90368806255721,423.185,0,277.849,723.64635
4.28023722565822,315.0435,150.9415,0,538.724385
7.34085770051774,-0.1265,602.0015,0,-0.51612
7.34076611074703,-0.1265,673.9415,0,-0.51612
7.34079059048433,-0.1265,653.0815,0,-0.51612
7.34076770612616,-0.1265,672.5415,0,-0.51612
7.34078284392948,-0.1265,659.5415,0,-0.51612
3.08996528279468,-0.1265,619.6865,0,0.021505
3.08991961604091,-0.1265,267.7815,0,0.021505
3.08978693892513,-0.1265,101.1865,0,0.021505
3.08978108282816,-0.1265,98.4865,0,0.021505
3.08978414811023,-0.1265,99.8815,0,0.021505
3.08979630304953,-0.1265,105.8265,0,0.021505
3.08977943250409,-0.1265,97.7515,0,0.021505
3.08982160707101,-0.1265,120.8015,0,0.021505
4.97175092174012,-0.1265,123.7965,0,-0.216315
4.97191881738791,-0.1265,112.9865,0,-0.216315
4.72997474280786,71.7745,367.7905,0,122.734395
4.25762814672175,315.9847,126.5303,0,540.333837
3.98206085575172,425.035,0,156.507,726.80985
3.88203728884162,413.405,0,309.6533,706.92255
3.77579337980463,423.82,0,557.4424,724.7322
3.65674581818047,439.125,0,1014.407,750.90375
3.75562681549594,437.635,0,634.648,748.35585
3.90582567663896,431.81,0,279.715,738.3951
4.28557731529491,301.824,150.446,0,516.11904
7.34086968903208,-0.1265,593.7065,0,-0.51612
7.34091804690022,-0.1265,562.4465,0,-0.51612
7.34097192523565,-0.1265,531.2815,0,-0.51612
7.34100046813348,-0.1265,516.1315,0,-0.51612
7.34082875097247,-0.1265,623.0215,0,-0.51612
3.08996743065668,-0.1265,660.5365,0,0.021505
3.08992190890159,-0.1265,275.6365,0,0.021505
3.08980409661712,-0.1265,110.0265,0,0.021505
3.08993138676583,-0.1265,313.6765,0,0.021505
3.089929979308,-0.1265,307.3765,0,0.021505
3.08993526947973,-0.1265,332.4765,0,0.021505
3.08993271771318,-0.1265,319.8765,0,0.021505
3.0899318326262,-0.1265,315.7265,0,0.021505
4.9706434623788,-0.1265,336.4265,0,-0.216315
4.97064480502931,-0.1265,335.7265,0,-0.216315
4.94209354930969,35.0238,2076.0762,0,59.890698
4.82321820581732,203.2076,1960.9424,0,347.484996
4.73780693451668,325.6234,1746.8266,0,556.816014
4.69200016934951,411.6416,1708.7584,0,703.907136
4.66750966498403,462.9521,1691.1979,0,791.648091
4.38225187134047,1147.03,1043.12,0,1961.4213
4.42440672809237,943.795,1070.455,0,1613.88945
4.58326703198562,615.36,1490.19,0,1052.2656
4.77138823590226,284.0102,1877.2398,0,485.657442
7.34018827058772,-0.1265,2741.6265,0,-0.51612
7.34022142771798,-0.1265,2331.1265,0,-0.51612
7.34022785009625,-0.1265,2265.4265,0,-0.51612
7.34022264079889,-0.1265,2318.4265,0,-0.51612
7.3402333353753,-0.1265,2212.1765,0,-0.51612
3.08999261674884,-0.1265,2912.9265,0,0.021505
3.0899553767351,-0.1265,482.1765,0,0.021505
3.08992827446815,-0.1265,300.0765,0,0.021505
3.08993472919673,-0.1265,329.7265,0,0.021505
3.08992983080103,-0.1265,306.7265,0,0.021505
3.0899333123497,-0.1265,322.7265,0,0.021505
3.08993263340575,-0.1265,319.4765,0,0.021505
3.08993439066917,-0.1265,328.0265,0,0.021505
4.97064818629794,-0.1265,333.9765,0,-0.216315
4.97062325415222,-0.1265,347.3265,0,-0.216315
4.94449340016361,33.0777,2151.4223,0,56.562867
4.71202136032952,371.8249,1720.9751,0,635.820579
4.52312828187198,740.589,1352.761,0,1266.40719
4.41255406367091,1058.8074,1130.3426,0,1810.560654
4.39613160665553,1087.193,1065.207,0,1859.10003
4.27945216923198,1483.071,706.379,0,2536.05141
4.30415845653331,1318.823,749.327,0,2255.18733
4.46693169401764,900.364,1259.736,0,1539.62244
4.69115366654579,437.543,1808.107,0,748.19853
7.33762794938551,1.9479,3346.5521,0,7.947432
7.34016907700994,-0.1265,3052.8265,0,-0.51612
7.34017686102521,-0.1265,2918.4765,0,-0.51612
7.34017348725963,-0.1265,2975.2265,0,-0.51612
7.34017142723335,-0.1265,3010.9765,0,-0.51612
3.08999288096244,-0.1265,3021.0265,0,0.021505
3.08995923017934,-0.1265,527.7265,0,0.021505
3.08992916048338,-0.1265,303.8265,0,0.021505
3.0899317352515,-0.1265,315.2765,0,0.021505
3.08993712420345,-0.1265,342.2765,0,0.021505
3.08993035347917,-0.1265,309.0265,0,0.021505
3.08993452052,-0.1265,328.6765,0,0.021505
3.08993812819447,-0.1265,347.8265,0,0.021505
4.97065436279678,-0.1265,330.8265,0,-0.216315
4.97063477647176,-0.1265,341.0265,0,-0.216315
4.94971402243954,31.2613,2572.6387,0,53.456823
4.67118289348605,454.4777,1691.8223,0,777.156867
4.49230047125652,825.5558,1304.0942,0,1411.700418
4.41852619761064,1061.0573,1167.9927,0,1814.407983
4.37152742385897,1174.5172,1006.8828,0,2008.424412
4.34341481389703,1253.934,914.216,0,2144.22714
4.37525318583694,1101.685,964.165,0,1883.88135
4.54739011737033,716.151,1465.449,0,1224.61821
4.73878113848663,333.0576,1797.0424,0,569.528496
7.34015885143873,-0.1265,3249.3265,0,-0.51612
7.34017117990656,-0.1265,3015.3265,0,-0.51612
7.34016768720352,-0.1265,3078.1265,0,-0.51612
7.34017489525244,-0.1265,2951.2765,0,-0.51612
7.34017509995934,-0.1265,2947.8265,0,-0.51612
3.08999284305456,-0.1265,3005.0265,0,0.021505
3.08996241524642,-0.1265,572.4265,0,0.021505
3.08993733490494,-0.1265,343.4265,0,0.021505
3.08993157234065,-0.1265,314.5265,0,0.021505
3.08993308409063,-0.1265,321.6265,0,0.021505
3.08993216591199,-0.1265,317.2765,0,0.021505
3.0899318542273,-0.1265,315.8265,0,0.021505
3.08993791384156,-0.1265,346.6265,0,0.021505
4.97064317539512,-0.1265,336.5765,0,-0.216315
4.97064231597795,-0.1265,337.0265,0,-0.216315
4.9497849246104,31.3876,2592.3124,0,53.672796
4.72560771720353,360.3083,1800.4417,0,616.127193
4.54992129424836,682.523,1413.277,0,1167.11433
4.45421928560337,940.112,1236.588,0,1607.59152
4.39345649317508,1117.754,1079.696,0,1911.35934
4.4062010231072,1099.166,1135.434,0,1879.57386
4.4170513019434,989.935,1081.515,0,1692.78885
4.56250375556687,681.0408,1495.8092,0,1164.579768
4.76801029229905,288.7241,1866.8259,0,493.718211
7.34015992942431,-0.1265,3227.4265,0,-0.51612
7.3401691435021,-0.1265,3051.6265,0,-0.51612
7.34017476496445,-0.1265,2953.4765,0,-0.51612
7.34016993711319,-0.1265,3037.3765,0,-0.51612
7.34017377640278,-0.1265,2970.2765,0,-0.51612
3.08999285850322,-0.1265,3011.5265,0,0.021505
3.08996081618225,-0.1265,549.0765,0,0.021505
3.08993397774493,-0.1265,325.9765,0,0.021505
3.08993027444407,-0.1265,308.6765,0,0.021505
3.08992675994939,-0.1265,293.8765,0,0.021505
3.08993280180987,-0.1265,320.2765,0,0.021505
3.0899307125125,-0.1265,310.6265,0,0.021505
3.08993621032055,-0.1265,337.3765,0,0.021505
4.97063720732252,-0.1265,339.7265,0,-0.216315
4.97063282659033,-0.1265,342.0765,0,-0.216315
4.95070200574644,24.5816,2129.0184,0,42.034536
4.70165854013564,405.353,1772.397,0,693.15363
4.56075770165524,659.566,1436.834,0,1127.85786
4.47982600880765,859.273,1279.077,0,1469.35683
4.485059129017,845.32,1290.13,0,1445.4972
4.5143916673325,783.645,1373.905,0,1340.03295
4.49918831629471,789.829,1289.021,0,1350.60759
4.59361782277289,598.32,1521.68,0,1023.1272
4.77253668937254,285.2476,1899.7024,0,487.773396
7.34015982789671,-0.1265,3229.4765,0,-0.51612
7.34016883917506,-0.1265,3057.1265,0,-0.51612
7.34017172668466,-0.1265,3005.7265,0,-0.51612
7.34017212471405,-0.1265,2998.7765,0,-0.51612
7.34017493378381,-0.1265,2950.6265,0,-0.51612
3.08999281831712,-0.1265,2994.6765,0,0.021505
3.08995860231561,-0.1265,519.7265,0,0.021505
3.08992852477869,-0.1265,301.1265,0,0.021505
3.08979842243646,-0.1265,106.9365,0,0.021505
3.08978075921234,-0.1265,98.3415,0,0.021505
3.08980001580903,-0.1265,107.7865,0,0.021505
3.08978403972745,-0.1265,99.8315,0,0.021505
3.08983197052745,-0.1265,128.2365,0,0.021505
4.9719059681832,-0.1265,113.7465,0,-0.216315
4.97186424610134,-0.1265,116.2865,0,-0.216315
4.9182207125143,15.7898,489.8752,0,27.000558
4.23448545233417,331.028,107.552,0,566.05788
4.02899922223457,424.98,0,95.0549999999999,726.7158
3.96236945096829,434.075,0,188.656,742.26825
3.81552947571097,437.51,0,471.699,748.1421
3.84331323342096,453.13,0,422.104,774.8523
3.8330405167185,424.87,0,418.107,726.5277
3.94669016582209,413.265,0,202.585,706.68315
4.377540476573,231.6128,205.2722,0,396.057888
7.34073020160055,-0.1265,707.0715,0,-0.51612
7.34080461642673,-0.1265,641.7015,0,-0.51612
7.34077615123009,-0.1265,665.2265,0,-0.51612
7.34073764253664,-0.1265,699.9415,0,-0.51612
7.34074338508693,-0.1265,694.5365,0,-0.51612
3.08996934965833,-0.1265,701.8765,0,0.021505
3.08992978497976,-0.1265,306.5265,0,0.021505
3.08978934943701,-0.1265,102.3415,0,0.021505
3.08976936730174,-0.1265,93.4965,0,0.021505
3.08977794069814,-0.1265,97.0965,0,0.021505
3.0897900486681,-0.1265,102.6815,0,0.021505
3.08977527209267,-0.1265,95.9465,0,0.021505
3.08981232846228,-0.1265,114.8415,0,0.021505
4.97169887338656,-0.1265,127.5815,0,-0.216315
4.97185465582358,-0.1265,116.8865,0,-0.216315
4.95975029022246,3.1625,521.2875,0,5.407875
4.36915744903312,239.5418,202.6532,0,409.616478
4.09866256571749,404.305,0,15.752,691.36155
4.03426689974883,432.14,0,90.1188,738.9594
3.91215612474211,443.105,0,275.643,757.70955
3.94256391592638,450.77,0,227.756,770.8167
3.90256767902638,430.535,0,284.669,736.21485
4.08069761277345,430.92,0,36.022,736.8732
4.41189869714668,234.2875,249.2725,0,400.631625
7.34069749386287,-0.1265,740.2165,0,-0.51612
7.34075502114957,-0.1265,683.8365,0,-0.51612
7.34075041055797,-0.1265,688.0365,0,-0.51612
7.34074316030316,-0.1265,694.7465,0,-0.51612
7.34074390475044,-0.1265,694.0515,0,-0.51612
3.08996955684362,-0.1265,706.6515,0,0.021505
3.08992845701016,-0.1265,300.8415,0,0.021505
3.08980472811307,-0.1265,110.3815,0,0.021505
3.08993230470908,-0.1265,317.9265,0,0.021505
3.08993395746929,-0.1265,325.8765,0,0.021505
3.08993265450241,-0.1265,319.5765,0,0.021505
3.08993360061876,-0.1265,324.1265,0,0.021505
3.08993884952946,-0.1265,351.9265,0,0.021505
4.97064041436051,-0.1265,338.0265,0,-0.216315
4.97063956230126,-0.1265,338.4765,0,-0.216315
4.96007300621971,15.1894,2586.1106,0,25.973874
4.73573023306677,325.9739,1727.4261,0,557.415369
4.58942871851033,610.879,1523.071,0,1044.60309
4.51520134452812,774.791,1363.559,0,1324.89261
4.49302428602231,853.82,1353.38,0,1460.0322
4.50365209034118,808.725,1347.975,0,1382.91975
4.5850893813171,603.3539,1473.7461,0,1031.735169
4.69598227745462,404.1048,1713.5952,0,691.019208
4.82902044260473,196.1603,1986.9897,0,335.434113
7.34015629942369,-0.1265,3302.3765,0,-0.51612
7.3401706873878,-0.1265,3024.0265,0,-0.51612
7.34017762491209,-0.1265,2905.9265,0,-0.51612
7.34016829139336,-0.1265,3067.0765,0,-0.51612
7.34017412523677,-0.1265,2964.3265,0,-0.51612
3.08999271960562,-0.1265,2954.0765,0,0.021505
3.0899607374889,-0.1265,547.9765,0,0.021505
3.08993226206282,-0.1265,317.7265,0,0.021505
3.08993145237765,-0.1265,313.9765,0,0.021505
3.08993269665611,-0.1265,319.7765,0,0.021505
3.08993813709372,-0.1265,347.8765,0,0.021505
3.0899352304882,-0.1265,332.2765,0,0.021505
3.08993704136884,-0.1265,341.8265,0,0.021505
4.97068644515563,-0.1265,315.3765,0,-0.216315
4.97071022265562,-0.1265,304.8265,0,-0.216315
4.96156849676745,13.1212,2634.8788,0,22.437252
4.79594489069317,299.6609,2344.6891,0,512.420139
4.65417025630422,585.958,2000.642,0,1001.98818
4.58006705575562,782.278,1866.022,0,1337.69538
4.55532715731271,860.653,1827.797,0,1471.71663
4.54003771955208,864.585,1709.365,0,1478.44035
4.49891485786753,782.249,1275.001,0,1337.64579
4.62568968607712,523.3521,1552.4979,0,894.932091
4.84381687031092,215.1217,2485.0283,0,367.858107
7.34015410139096,-0.1265,3349.4765,0,-0.51612
7.34016703596442,-0.1265,3090.1265,0,-0.51612
7.34017356310301,-0.1265,2973.9265,0,-0.51612
7.3401730074867,-0.1265,2983.4765,0,-0.51612
7.34017239205331,-0.1265,2994.1265,0,-0.51612
3.0899928151979,-0.1265,2993.3765,0,0.021505
3.08995763592505,-0.1265,507.8765,0,0.021505
3.08993312570843,-0.1265,321.8265,0,0.021505
3.08993531815318,-0.1265,332.7265,0,0.021505
3.08993212309062,-0.1265,317.0765,0,0.021505
3.08993049978428,-0.1265,309.6765,0,0.021505
3.08993488729795,-0.1265,330.5265,0,0.021505
3.08993620085827,-0.1265,337.3265,0,0.021505
4.97060529110301,-0.1265,357.6265,0,-0.216315
4.97066431016189,-0.1265,325.8765,0,-0.216315
4.96495422167105,7.6982,2593.5018,0,13.163922
4.82690987866879,235.2904,2341.2596,0,402.346584
4.66624409559557,461.1493,1673.7507,0,788.565303
4.5618175359659,689.461,1509.439,0,1178.97831
4.50813223772455,781.8911,1331.0589,0,1337.033781
4.47259711279399,890.044,1279.756,0,1521.97524
4.53562170167408,709.939,1374.911,0,1213.99569
4.67733260672343,439.373,1688.427,0,751.32783
4.86754448785888,172.863,2539.387,0,295.59573
7.34015139375268,-0.1265,3409.3765,0,-0.51612
7.34017146994816,-0.1265,3010.2265,0,-0.51612
7.34016827218936,-0.1265,3067.4265,0,-0.51612
7.34016918231335,-0.1265,3050.9265,0,-0.51612
7.34017714025165,-0.1265,2913.8765,0,-0.51612
3.08999270218766,-0.1265,2947.0265,0,0.021505
3.0899597151493,-0.1265,534.0765,0,0.021505
3.08992981935132,-0.1265,306.6765,0,0.021505
3.0899349168567,-0.1265,330.6765,0,0.021505
3.08993111202584,-0.1265,312.4265,0,0.021505
3.08993184342846,-0.1265,315.7765,0,0.021505
3.08992923041989,-0.1265,304.1265,0,0.021505
3.08993691208029,-0.1265,341.1265,0,0.021505
4.9706703835301,-0.1265,322.9265,0,-0.216315
4.97062722998433,-0.1265,345.1265,0,-0.216315
4.96146538141762,13.0091,2580.4909,0,22.245561
4.71497023977595,461.6396,2172.0604,0,789.403716
4.48700745460389,845.468,1302.382,0,1445.75028
4.36963568651774,1205.2348,1022.3652,0,2060.951508
4.28405705422212,1455.0022,717.1978,0,2488.053762
4.2641594860834,1565.255,661.545,0,2676.58605
4.28954491174298,1359.562,697.488,0,2324.85102
4.45395610050133,923.705,1213.445,0,1579.53555
4.681197459554,444.117,1741.383,0,759.44007
7.34015024787318,-0.1265,3435.3765,0,-0.51612
7.34016952684922,-0.1265,3044.7265,0,-0.51612
7.34017372668341,-0.1265,2971.1265,0,-0.51612
7.34016938497521,-0.1265,3047.2765,0,-0.51612
7.34017075797756,-0.1265,3022.7765,0,-0.51612
3.08999268754674,-0.1265,2941.1265,0,0.021505
3.0899578889447,-0.1265,510.9265,0,0.021505
3.08993257003639,-0.1265,319.1765,0,0.021505
3.0899325065477,-0.1265,318.8765,0,0.021505
3.08993433056415,-0.1265,327.7265,0,0.021505
3.08993293801951,-0.1265,320.9265,0,0.021505
3.0899307125125,-0.1265,310.6265,0,0.021505
3.08993712420345,-0.1265,342.2765,0,0.021505
4.9706492563184,-0.1265,333.4265,0,-0.216315
4.97062379334061,-0.1265,347.0265,0,-0.216315
4.96294882165156,10.8868,2618.4132,0,18.616428
4.74031849171156,406.891,2215.559,0,695.78361
4.49804861572888,836.9184,1358.5316,0,1431.130464
4.40494107942712,1067.202,1095.198,0,1824.91542
4.40506691803088,1069.4619,1098.2381,0,1828.779849
4.41108208481685,1073.983,1137.867,0,1836.51093
4.39733463504212,1037.317,1022.833,0,1773.81207
4.60156418879889,604.258,1595.992,0,1033.28118
4.81020130632786,228.4103,1987.3897,0,390.581613
7.34015023037974,-0.1265,3435.7765,0,-0.51612
7.34017254477975,-0.1265,2991.4765,0,-0.51612
7.34017084841771,-0.1265,3021.1765,0,-0.51612
7.34017342022265,-0.1265,2976.3765,0,-0.51612
7.34017113449884,-0.1265,3016.1265,0,-0.51612
3.08999298293929,-0.1265,3064.9265,0,0.021505
3.08995761087354,-0.1265,507.5765,0,0.021505
3.08993383555343,-0.1265,325.2765,0,0.021505
3.08980292067798,-0.1265,109.3715,0,0.021505
3.08980942632939,-0.1265,113.0965,0,0.021505
3.08979929723701,-0.1265,107.4015,0,0.021505
3.0898058914057,-0.1265,111.0415,0,0.021505
3.08982668928584,-0.1265,124.3365,0,0.021505
4.97185394052889,-0.1265,116.9315,0,-0.216315
4.9719064721254,-0.1265,113.7165,0,-0.216315
4.94360949948854,7.7428,486.2172,0,13.240188
4.29051860667752,341.7522,176.5578,0,584.396262
3.90811212990552,411.695,0,262.8394,703.99845
3.81803891541363,440.775,0,469.1179,753.72525
3.7696289907341,427.36,0,579.2361,730.7856
3.70956867109409,449.555,0,810.838,768.73905
3.75262330611397,432.665,0,636.542,739.85715
3.8827295161589,416.885,0,310.986,712.87335
4.29921596021124,308.858,169.642,0,528.14718
7.34067633451642,-0.1265,763.3665,0,-0.51612
7.34077463684208,-0.1265,666.5265,0,-0.51612
7.34072956165094,-0.1265,707.6915,0,-0.51612
7.34074640604448,-0.1265,691.7265,0,-0.51612
7.34073652147296,-0.1265,701.0065,0,-0.51612
3.08996869352041,-0.1265,687.1715,0,0.021505
3.08992912546326,-0.1265,303.6765,0,0.021505
3.08979468893058,-0.1265,104.9965,0,0.021505
3.08977627739314,-0.1265,96.3765,0,0.021505
3.08980867182391,-0.1265,112.6515,0,0.021505
3.08979975510622,-0.1265,107.6465,0,0.021505
3.08977780303461,-0.1265,97.0365,0,0.021505
3.08982180662642,-0.1265,120.9365,0,0.021505
4.97175248210575,-0.1265,123.6865,0,-0.216315
4.97187499187386,-0.1265,115.6215,0,-0.216315
4.95635918747677,4.0373,498.0377,0,6.903783
4.37919561445687,233.8865,209.1785,0,399.945915
4.1158859026148,406.6165,0.843499999999949,0,695.314215
4.00901066061198,434.525,0,122.9756,743.03775
3.94184268234442,438.085,0,222.5077,749.12535
3.73036271458744,448.915,0,734.197,767.64465
3.77406311627144,417.685,0,554.034,714.24135
3.87668587126425,409.06,0,316.157,699.4926
4.25843592711571,319.95,128.99,0,547.1145
7.34065337972601,-0.1265,790.1765,0,-0.51612
7.34074089332971,-0.1265,696.8715,0,-0.51612
7.34071539409951,-0.1265,721.7015,0,-0.51612
7.3407471678283,-0.1265,691.0215,0,-0.51612
7.3407463358873,-0.1265,691.7915,0,-0.51612
3.08996946802235,-0.1265,704.5965,0,0.021505
3.08992668879128,-0.1265,293.5915,0,0.021505
3.08976812391165,-0.1265,92.9965,0,0.021505
3.08993021788051,-0.1265,308.4265,0,0.021505
3.08993268612264,-0.1265,319.7265,0,0.021505
3.08993416974441,-0.1265,326.9265,0,0.021505
3.08993257003639,-0.1265,319.1765,0,0.021505
3.08993496606169,-0.1265,330.9265,0,0.021505
4.97062942007458,-0.1265,343.9265,0,-0.216315
4.97064222062891,-0.1265,337.0765,0,-0.216315
4.96613601700546,5.8972,2598.0028,0,10.084212
4.75929178500566,374.2751,2288.8749,0,640.010421
4.54368893082047,710.6076,1429.1424,0,1215.138996
4.42573559242134,993.858,1134.842,0,1699.49718
4.44490267188469,984.2506,1236.7494,0,1683.068526
4.46539376477137,867.9741,1205.4259,0,1484.235711
4.43654375331618,925.4997,1115.7003,0,1582.604487
4.57393276964162,652.5647,1512.2853,0,1115.885637
4.78957738383078,263.2244,1968.3256,0,450.113724
7.34015094655263,-0.1265,3419.4765,0,-0.51612
7.34016559963692,-0.1265,3116.9265,0,-0.51612
7.34017546904533,-0.1265,2941.6265,0,-0.51612
7.34017214767837,-0.1265,2998.3765,0,-0.51612
7.34016664495297,-0.1265,3097.3765,0,-0.51612
3.08999288567271,-0.1265,3023.0265,0,0.021505
3.08995742203857,-0.1265,505.3265,0,0.021505
3.08993607759268,-0.1265,336.6765,0,0.021505
3.08993057830964,-0.1265,310.0265,0,0.021505
3.08993048855186,-0.1265,309.6265,0,0.021505
3.08993101258006,-0.1265,311.9765,0,0.021505
3.08992827446815,-0.1265,300.0765,0,0.021505
3.08993861388117,-0.1265,350.5765,0,0.021505
4.97065704604926,-0.1265,329.4765,0,-0.216315
4.97063795902658,-0.1265,339.3265,0,-0.216315
4.96733924250592,4.0212,2576.2788,0,6.876252
4.76995532521311,349.5851,2289.1149,0,597.790521
4.65135740381684,602.105,2026.995,0,1029.59955
4.53331565403868,902.886,1729.814,0,1543.93506
4.4987085818443,1015.189,1653.061,0,1735.97319
4.44501934732859,1169.403,1470.247,0,1999.67913
4.45607030983856,1085.14,1440.31,0,1855.5894
4.62017695002295,669.091,1932.459,0,1144.14561
4.81269724911263,272.4715,2417.0285,0,465.926265
7.34014899437027,-0.1265,3464.2765,0,-0.51612
7.34016835177732,-0.1265,3065.9765,0,-0.51612
7.34016981131144,-0.1265,3039.6265,0,-0.51612
7.34017624500008,-0.1265,2928.6765,0,-0.51612
7.34017458465869,-0.1265,2956.5265,0,-0.51612
3.08999293788905,-0.1265,3045.3765,0,0.021505
3.08995835378849,-0.1265,516.6265,0,0.021505
3.08993400813506,-0.1265,326.1265,0,0.021505
3.0899313539128,-0.1265,313.5265,0,0.021505
3.08993421002314,-0.1265,327.1265,0,0.021505
3.08993345679643,-0.1265,323.4265,0,0.021505
3.0899295087905,-0.1265,305.3265,0,0.021505
3.08993501519233,-0.1265,331.1765,0,0.021505
4.97062868834711,-0.1265,344.3265,0,-0.216315
4.97067922448807,-0.1265,318.7265,0,-0.216315
4.96744094829245,3.9422,2626.3578,0,6.741162
4.80427801627737,276.3539,2298.8461,0,472.565169
4.68040073219368,540.409,2110.141,0,924.09939
4.54926860481015,854.9119,1764.8381,0,1461.899349
4.47562962689668,1081.358,1577.642,0,1849.12218
4.43378505835644,1168.217,1389.033,0,1997.65107
4.47743109415343,1038.216,1527.834,0,1775.34936
4.59280580142388,731.603,1853.497,0,1251.04113
4.79980631619531,291.6094,2346.6906,0,498.652074
7.34014928310874,-0.1265,3457.5765,0,-0.51612
7.34017185820266,-0.1265,3003.4265,0,-0.51612
7.34017239205331,-0.1265,2994.1265,0,-0.51612
7.34017207019832,-0.1265,2999.7265,0,-0.51612
7.34017158395844,-0.1265,3008.2265,0,-0.51612
3.08999271541316,-0.1265,2952.3765,0,0.021505
3.08995824462379,-0.1265,515.2765,0,0.021505
3.08993187581473,-0.1265,315.9265,0,0.021505
3.08993195126312,-0.1265,316.2765,0,0.021505
3.08992917214906,-0.1265,303.8765,0,0.021505
3.08993264395573,-0.1265,319.5265,0,0.021505
3.08993384573027,-0.1265,325.3265,0,0.021505
3.08993311530883,-0.1265,321.7765,0,0.021505
4.97067372424071,-0.1265,321.3265,0,-0.216315
4.97063006173478,-0.1265,343.5765,0,-0.216315
4.9692004475503,1.1834,2528.5666,0,2.023614
4.84180211114264,213.2833,2418.3667,0,364.714443
4.67653151543576,456.7047,1747.7453,0,780.965037
4.60221670493565,600.7299,1591.6201,0,1027.248129
4.55632968725807,703.5553,1501.1947,0,1203.079563
4.58854606799539,622.3068,1545.0932,0,1064.144628
4.55031905518943,668.0872,1385.9628,0,1142.429112
4.75479338596577,374.8424,2228.7576,0,640.980504
4.85122832281612,201.129,2493.471,0,343.93059
7.34015284412768,-0.1265,3377.0265,0,-0.51612
7.34016997908854,-0.1265,3036.6265,0,-0.51612
7.34017635641135,-0.1265,2926.8265,0,-0.51612
7.34017765242502,-0.1265,2905.4765,0,-0.51612
7.34017208454122,-0.1265,2999.4765,0,-0.51612
3.0899928019712,-0.1265,2987.8765,0,0.021505
3.08995983553206,-0.1265,535.6765,0,0.021505
3.08993449060006,-0.1265,328.5265,0,0.021505
3.08993404861174,-0.1265,326.3265,0,0.021505
3.089933104906,-0.1265,321.7265,0,0.021505
3.08993060071287,-0.1265,310.1265,0,0.021505
3.08993421002314,-0.1265,327.1265,0,0.021505
3.0899366052175,-0.1265,339.4765,0,0.021505
4.97061440295847,-0.1265,352.3265,0,-0.216315
4.97063282659033,-0.1265,342.0765,0,-0.216315
4.97008295961589,-0.1265,2607.7265,0,-0.216315
4.84395936943734,200.1941,2315.6559,0,342.331911
4.77941964339641,332.1504,2315.9496,0,567.977184
4.62537603159037,556.711,1648.939,0,951.97581
4.57032740980806,654.979,1492.371,0,1120.01409
4.62551637232573,539.55,1599.2,0,922.6305
4.68948497652466,398.102,1630.598,0,680.75442
4.74242559481509,337.088,1858.712,0,576.42048
4.89786540420539,116.4378,2527.3622,0,199.108638
7.34014955779869,-0.1265,3451.2265,0,-0.51612
7.34016666109644,-0.1265,3097.0765,0,-0.51612
7.3401748389679,-0.1265,2952.2265,0,-0.51612
7.34017409293288,-0.1265,2964.8765,0,-0.51612
7.34017783912643,-0.1265,2902.4265,0,-0.51612
3.08999274172086,-0.1265,2963.0765,0,0.021505
3.08995720172308,-0.1265,502.7265,0,0.021505
3.0899269341388,-0.1265,294.5765,0,0.021505
3.08979537269194,-0.1265,105.3465,0,0.021505
3.08978830223412,-0.1265,101.8365,0,0.021505
3.08979227942064,-0.1265,103.7815,0,0.021505
3.08979660167315,-0.1265,105.9815,0,0.021505
3.08981347604158,-0.1265,115.5465,0,0.021505
4.97172998716395,-0.1265,125.2915,0,-0.216315
4.97203718091794,-0.1265,106.4365,0,-0.216315
4.97043959896235,-0.1265,492.3265,0,-0.216315
4.37629595897738,275.0844,242.1356,0,470.394324
4.05083585030097,497.18,0,80.677,850.1778
3.8309625132506,438.77,0,436.551,750.2967
3.80162647499368,453.8,0,525.118,775.998
3.77471350220665,427.09,0,564.714,730.3239
3.79585286615147,431.93,0,514.504,738.6003
3.91625752890317,441.56,0,267.446,755.0676
4.3826199509361,299.1394,272.5856,0,511.528374
7.34065665500612,-0.1265,786.2365,0,-0.51612
7.34080082732917,-0.1265,644.7365,0,-0.51612
7.34075729219473,-0.1265,681.7865,0,-0.51612
7.34077344696564,-0.1265,667.5515,0,-0.51612
7.34073266864318,-0.1265,704.6915,0,-0.51612
3.08996866044345,-0.1265,686.4465,0,0.021505
3.08993304033615,-0.1265,321.4165,0,0.021505
3.08979701444638,-0.1265,106.1965,0,0.021505
3.08980825386635,-0.1265,112.4065,0,0.021505
3.08979743508833,-0.1265,106.4165,0,0.021505
3.08977535425709,-0.1265,95.9815,0,0.021505
3.08978535460657,-0.1265,100.4415,0,0.021505
3.08983750618655,-0.1265,132.5965,0,0.021505
4.97199013740472,-0.1265,108.9465,0,-0.216315
4.97182978975372,-0.1265,118.4715,0,-0.216315
4.96647261261394,1.0381,501.1719,0,1.775151
4.22163032031064,391.9556,111.6944,0,670.244076
3.83234296914716,396.745,0,391.8726,678.43395
3.73984999125637,432.3,0,675.9502,739.233
3.72286868093918,449.125,0,760.976,768.00375
3.70269106053616,436.555,0,813.188,746.50905
3.76856757339364,438.735,0,597.726,750.23685
3.98465409513175,490.035,0,176.2884,837.95985
4.40538545436168,280.938,288.977,0,480.40398
7.34067248351267,-0.1265,767.7365,0,-0.51612
7.3407554632101,-0.1265,683.4365,0,-0.51612
7.3407314278588,-0.1265,705.8865,0,-0.51612
7.34074417826712,-0.1265,693.7965,0,-0.51612
7.3407550929492,-0.1265,683.7715,0,-0.51612
3.0899699587273,-0.1265,716.1015,0,0.021505
3.08993226846318,-0.1265,317.7565,0,0.021505
3.0898003778016,-0.1265,107.9815,0,0.021505
3.08993163759821,-0.1265,314.8265,0,0.021505
3.08993508385065,-0.1265,331.5265,0,0.021505
3.08993461011605,-0.1265,329.1265,0,0.021505
3.08993243232629,-0.1265,318.5265,0,0.021505
3.08993338465137,-0.1265,323.0765,0,0.021505
4.97066268206793,-0.1265,326.6765,0,-0.216315
4.97061650423871,-0.1265,351.1265,0,-0.216315
4.96962297658267,0.5807,2632.6193,0,0.992997
4.8533266888864,194.4486,2461.0014,0,332.507106
4.70783894032169,486.9441,2202.3059,0,832.674411
4.58469166893357,636.0667,1550.7333,0,1087.674057
4.53119517241755,776.2995,1472.6005,0,1327.472145
4.4681863409508,929.915,1308.985,0,1590.15465
4.50678918934322,760.5075,1286.4925,0,1300.467825
4.69883854068755,481.653,2074.097,0,823.62663
4.84214548285054,215.0013,2445.5487,0,367.652223
7.34014952097058,-0.1265,3452.0765,0,-0.51612
7.34017392866236,-0.1265,2967.6765,0,-0.51612
7.34016864057147,-0.1265,3060.7265,0,-0.51612
7.34017490414279,-0.1265,2951.1265,0,-0.51612
7.34017517127411,-0.1265,2946.6265,0,-0.51612
3.08999281459774,-0.1265,2993.1265,0,0.021505
3.08996054298576,-0.1265,545.2765,0,0.021505
3.08992762268888,-0.1265,297.3765,0,0.021505
3.08993597291838,-0.1265,336.1265,0,0.021505
3.08992984224701,-0.1265,306.7765,0,0.021505
3.08993309449994,-0.1265,321.6765,0,0.021505
3.08993230470908,-0.1265,317.9265,0,0.021505
3.08993441067973,-0.1265,328.1265,0,0.021505
4.97065307866139,-0.1265,331.4765,0,-0.216315
4.97066390238887,-0.1265,326.0765,0,-0.216315
4.96959651613543,0.6215,2632.7285,0,1.062765
4.82452437324295,245.0638,2390.4862,0,419.059098
4.68462039075765,509.2629,2032.9871,0,870.839559
4.56131455737233,829.5,1811.75,0,1418.445
4.50269645985555,995.359,1651.591,0,1702.06389
4.44653119663912,1169.954,1481.946,0,2000.62134
4.47258186760664,1024.284,1472.666,0,1751.52564
4.63201376563424,640.443,1959.357,0,1095.15753
4.80913289510115,276.6438,2387.4062,0,473.060898
7.3401521883713,-0.1265,3391.5765,0,-0.51612
7.34017241508903,-0.1265,2993.7265,0,-0.51612
7.34016816527585,-0.1265,3069.3765,0,-0.51612
7.34017507917013,-0.1265,2948.1765,0,-0.51612
7.34017100408575,-0.1265,3018.4265,0,-0.51612
3.08999285672409,-0.1265,3010.7765,0,0.021505
3.08995795481095,-0.1265,511.7265,0,0.021505
3.0899354152808,-0.1265,333.2265,0,0.021505
3.08993487743907,-0.1265,330.4765,0,0.021505
3.08993163759821,-0.1265,314.8265,0,0.021505
3.08993477868578,-0.1265,329.9765,0,0.021505
3.08993599197556,-0.1265,336.2265,0,0.021505
3.08993515236405,-0.1265,331.8765,0,0.021505
4.97065595022038,-0.1265,330.0265,0,-0.216315
4.97067184100555,-0.1265,322.2265,0,-0.216315
4.97008218269394,-0.1265,2632.3765,0,-0.216315
4.80169182136303,285.799,2332.101,0,488.71629
4.61743007456499,672.3199,1916.1801,0,1149.667029
4.55339584693592,835.82,1759.08,0,1429.2522
4.49112245555641,825.544,1296.806,0,1411.68024
4.48444750196759,894.018,1360.482,0,1528.77078
4.55264607161774,668.611,1402.239,0,1143.32481
4.70523430311444,483.1786,2154.2714,0,826.235406
4.8461279003947,202.9394,2395.6106,0,347.026374
7.34014831573619,-0.1265,3480.1265,0,-0.51612
7.34016529468216,-0.1265,3122.6765,0,-0.51612
7.34017658267767,-0.1265,2923.0765,0,-0.51612
7.34017668544312,-0.1265,2921.3765,0,-0.51612
7.34017327176006,-0.1265,2978.9265,0,-0.51612
3.08999272403945,-0.1265,2955.8765,0,0.021505
3.08996001476321,-0.1265,538.0765,0,0.021505
3.08993318803816,-0.1265,322.1265,0,0.021505
3.08993387624203,-0.1265,325.4765,0,0.021505
3.08993704136884,-0.1265,341.8265,0,0.021505
3.08993529869258,-0.1265,332.6265,0,0.021505
3.08993235794145,-0.1265,318.1765,0,0.021505
3.08994223333114,-0.1265,372.5265,0,0.021505
4.97065985202403,-0.1265,328.0765,0,-0.216315
4.97064041436051,-0.1265,338.0265,0,-0.216315
4.97008523138638,-0.1265,2538.2265,0,-0.216315
4.80365969611979,278.9616,2309.8384,0,477.024336
4.6593376615859,596.31,2089.69,0,1019.6901
4.48527870574949,887.036,1355.214,0,1516.83156
4.41297536088449,1057.838,1131.762,0,1808.90298
4.39861948468626,1121.64,1113.51,0,1918.0044
4.46692297260879,852.597,1192.853,0,1457.94087
4.68431861599788,516.047,2056.803,0,882.44037
4.84898801882718,201.6285,2445.9215,0,344.784735
7.34015376853117,-0.1265,3356.7265,0,-0.51612
7.34016924056363,-0.1265,3049.8765,0,-0.51612
7.3401727960692,-0.1265,2987.1265,0,-0.51612
7.3401713873854,-0.1265,3011.6765,0,-0.51612
7.34017439293859,-0.1265,2959.7765,0,-0.51612
3.08999266647536,-0.1265,2932.6765,0,0.021505
3.08995988423229,-0.1265,536.3265,0,0.021505
3.0899281666547,-0.1265,299.6265,0,0.021505
3.08993120018172,-0.1265,312.8265,0,0.021505
3.08993520121372,-0.1265,332.1265,0,0.021505
3.08993216591199,-0.1265,317.2765,0,0.021505
3.08993342589626,-0.1265,323.2765,0,0.021505
3.08993780610718,-0.1265,346.0265,0,0.021505
4.970586023377,-0.1265,369.3765,0,-0.216315
4.97061844307816,-0.1265,350.0265,0,-0.216315
4.9700835411257,-0.1265,2589.5765,0,-0.216315
4.80795326718545,278.4451,2381.4049,0,476.141121
4.63910977540657,636.847,2017.453,0,1089.00837
4.47673826563538,898.42,1317.73,0,1536.2982
4.41555001023435,1051.826,1140.324,0,1798.62246
4.38503843801453,1111.337,1026.063,0,1900.38627
4.44092417035899,912.4792,1124.2208,0,1560.339432
4.57918093506441,610.1896,1449.4604,0,1043.424216
4.82424397521169,251.6089,2448.6411,0,430.251219
7.34015104815779,-0.1265,3417.1765,0,-0.51612
7.34017164672874,-0.1265,3007.1265,0,-0.51612
7.34017407531763,-0.1265,2965.1765,0,-0.51612
7.34017458761152,-0.1265,2956.4765,0,-0.51612
7.34017223959699,-0.1265,2996.7765,0,-0.51612
3.08999281975584,-0.1265,2995.2765,0,0.021505
3.0899579219036,-0.1265,511.3265,0,0.021505
3.08993280180987,-0.1265,320.2765,0,0.021505
3.08981076788378,-0.1265,113.8965,0,0.021505
3.08978727613546,-0.1265,101.3465,0,0.021505
3.08979206853375,-0.1265,103.6765,0,0.021505
3.08980828805377,-0.1265,112.4265,0,0.021505
3.08982031024787,-0.1265,119.9315,0,0.021505
4.97164306304048,-0.1265,131.9065,0,-0.216315
4.97182338884042,-0.1265,118.8865,0,-0.216315
4.97042625031159,-0.1265,507.7365,0,-0.216315
4.47938088092592,212.3508,315.4242,0,363.119868
4.1217906321046,499.635,7.99999999999989,0,854.37585
3.87021626217083,421.845,0,338.44,721.35495
3.87288970992278,446.145,0,352.482,762.90795
3.8566857499689,429.15,0,371.571,733.8465
3.97993573383066,433.71,0,162.7332,741.6441
4.13045156536157,407.751,15.0090000000001,0,697.25421
4.55067784190509,185.8977,386.2973,0,317.885067
7.34065470999349,-0.1265,788.5715,0,-0.51612
7.34077573709829,-0.1265,665.5815,0,-0.51612
7.34074040972724,-0.1265,697.3265,0,-0.51612
7.34076868371924,-0.1265,671.6865,0,-0.51612
7.34074206509244,-0.1265,695.7715,0,-0.51612
3.08996955188674,-0.1265,706.5365,0,0.021505
3.08992841056814,-0.1265,300.6465,0,0.021505
3.08978795781835,-0.1265,101.6715,0,0.021505
3.08977465984167,-0.1265,95.6865,0,0.021505
3.08979349616136,-0.1265,104.3915,0,0.021505
3.0897662207776,-0.1265,92.2415,0,0.021505
3.08980780831773,-0.1265,112.1465,0,0.021505
3.0898075933738,-0.1265,112.0215,0,0.021505
4.97175717993396,-0.1265,123.3565,0,-0.216315
4.9717811986644,-0.1265,121.6965,0,-0.216315
4.96559154361757,1.3544,522.6506,0,2.316024
4.44253491396418,241.699,300.171,0,413.30529
4.13137599741301,476.207,18.598,0,814.31397
3.90627163628482,427.195,0,275.945,730.50345
3.80656418617942,437.345,0,493.603,747.85995
3.77950781038072,444.62,0,574.261,760.3002
3.81698934127477,423.065,0,452.712,723.44115
3.99959975568005,494.97,0,154.461,846.3987
4.35884427584461,312.8098,249.6152,0,534.904758
7.3406669177795,-0.1265,774.1415,0,-0.51612
7.34074376002888,-0.1265,694.1865,0,-0.51612
7.34073351207349,-0.1265,703.8815,0,-0.51612
7.34072165589911,-0.1265,715.4415,0,-0.51612
7.34073686322016,-0.1265,700.6815,0,-0.51612
3.08996908595485,-0.1265,695.8915,0,0.021505
3.08992949723546,-0.1265,305.2765,0,0.021505
3.08978220248434,-0.1265,98.9915,0,0.021505
3.08993167018033,-0.1265,314.9765,0,0.021505
3.08993221936279,-0.1265,317.5265,0,0.021505
3.08993330200807,-0.1265,322.6765,0,0.021505
3.08993812819447,-0.1265,347.8265,0,0.021505
3.08993884952946,-0.1265,351.9265,0,0.021505
4.970616240793,-0.1265,351.2765,0,-0.216315
4.97065357196271,-0.1265,331.2265,0,-0.216315
4.96938858290153,0.9316,2603.6184,0,1.593036
4.79498989886471,297.274,2310.076,0,508.33854
4.64189231111092,616.532,1980.118,0,1054.26972
4.48406395746744,859.911,1306.189,0,1470.44781
4.4090399326275,1064.591,1116.059,0,1820.45061
4.36220355226096,1243.216,1011.284,0,2125.89936
4.43693790130609,934.629,1128.921,0,1598.21559
4.59791754531842,597.955,1552.145,0,1022.50305
4.75410940879424,304.067,1800.283,0,519.95457
7.33546232777141,3.8214,3428.3286,0,15.591312
7.34017102675201,-0.1265,3018.0265,0,-0.51612
7.34017477384156,-0.1265,2953.3265,0,-0.51612
7.34017347851274,-0.1265,2975.3765,0,-0.51612
7.34017129637389,-0.1265,3013.2765,0,-0.51612
3.08999280774884,-0.1265,2990.2765,0,0.021505
3.08995970760141,-0.1265,533.9765,0,0.021505
3.08993417981871,-0.1265,326.9765,0,0.021505
3.08993501519233,-0.1265,331.1765,0,0.021505
3.08993128811225,-0.1265,313.2265,0,0.021505
3.08993384573027,-0.1265,325.3265,0,0.021505
3.08993658652379,-0.1265,339.3765,0,0.021505
3.08993786899763,-0.1265,346.3765,0,0.021505
4.97061968324722,-0.1265,349.3265,0,-0.216315
4.9706391843356,-0.1265,338.6765,0,-0.216315
4.97008136353267,-0.1265,2658.8765,0,-0.216315
4.75679746865119,376.5236,2266.8764,0,643.855356
4.53930744126084,867.44,1709.16,0,1483.3224
4.43483002239817,1210.183,1446.467,0,2069.41293
4.4101240335267,1321.968,1393.682,0,2260.56528
4.4192309399033,1278.917,1412.883,0,2186.94807
4.46333700285735,1068.789,1469.611,0,1827.62919
4.61090528096318,699.699,1932.551,0,1196.48529
4.77755788030007,333.4099,2295.7901,0,570.130929
7.34014962500255,-0.1265,3449.6765,0,-0.51612
7.34016600977782,-0.1265,3109.2265,0,-0.51612
7.34016902717512,-0.1265,3053.7265,0,-0.51612
7.34017747221753,-0.1265,2908.4265,0,-0.51612
7.34017215342041,-0.1265,2998.2765,0,-0.51612
3.08999274771787,-0.1265,2965.5265,0,0.021505
3.08995840614595,-0.1265,517.2765,0,0.021505
3.08993545405022,-0.1265,333.4265,0,0.021505
3.08993302156671,-0.1265,321.3265,0,0.021505
3.08993355959014,-0.1265,323.9265,0,0.021505
3.0899334052802,-0.1265,323.1765,0,0.021505
3.08993213380103,-0.1265,317.1265,0,0.021505
3.08993793176101,-0.1265,346.7265,0,0.021505
4.9706029291461,-0.1265,359.0265,0,-0.216315
4.97067142393772,-0.1265,322.4265,0,-0.216315
4.97008355241952,-0.1265,2589.2265,0,-0.216315
4.75827863069333,367.2075,2231.3925,0,627.924825
4.55896435857939,805.7817,1740.6683,0,1377.886707
4.45739929516461,1138.6472,1521.1528,0,1947.086712
4.31382412926179,1348.654,817.296,0,2306.19834
4.30137339204605,1420.916,792.134,0,2429.76636
4.32951261872159,1231.434,824.866,0,2105.75214
4.54702319378476,864.129,1765.221,0,1477.66059
4.75248865896962,391.6837,2295.9163,0,669.779127
7.34014997500271,-0.1265,3441.6265,0,-0.51612
7.34016850292698,-0.1265,3063.2265,0,-0.51612
7.34016864332665,-0.1265,3060.6765,0,-0.51612
7.34017583669523,-0.1265,2935.4765,0,-0.51612
7.34016909916818,-0.1265,3052.4265,0,-0.51612
3.08999259947138,-0.1265,2906.1265,0,0.021505
3.08996118745979,-0.1265,554.3265,0,0.021505
3.08993555077044,-0.1265,333.9265,0,0.021505
3.08993451054972,-0.1265,328.6265,0,0.021505
3.08993211237682,-0.1265,317.0265,0,0.021505
3.0899276348665,-0.1265,297.4265,0,0.021505
3.08993871010492,-0.1265,351.1265,0,0.021505
3.08993780610718,-0.1265,346.0265,0,0.021505
4.97064906150654,-0.1265,333.5265,0,-0.216315
4.97065209428937,-0.1265,331.9765,0,-0.216315
4.97008102979746,-0.1265,2669.8265,0,-0.216315
4.84104639278319,211.7069,2383.9431,0,362.018799
4.63948128768133,527.0641,1672.7359,0,901.279611
4.52070821910135,765.4696,1382.4304,0,1308.953016
4.45943436389464,918.8556,1239.7444,0,1571.243076
4.35136267079279,1241.54,948.71,0,2123.0334
4.38354290713782,1058.375,969.275,0,1809.82125
4.50806874996834,799.915,1361.335,0,1367.85465
4.78298497935222,322.1651,2301.4349,0,550.902321
7.34015473897093,-0.1265,3335.6765,0,-0.51612
7.34017020330774,-0.1265,3032.6265,0,-0.51612
7.34017056047318,-0.1265,3026.2765,0,-0.51612
7.34016977779576,-0.1265,3040.2265,0,-0.51612
7.34017006590334,-0.1265,3035.0765,0,-0.51612
3.08999296088948,-0.1265,3055.3265,0,0.021505
3.0899609371807,-0.1265,550.7765,0,0.021505
3.08993326060948,-0.1265,322.4765,0,0.021505
3.08993334335534,-0.1265,322.8765,0,0.021505
3.08993415966702,-0.1265,326.8765,0,0.021505
3.08992813064482,-0.1265,299.4765,0,0.021505
3.08993616298106,-0.1265,337.1265,0,0.021505
3.08993448062067,-0.1265,328.4765,0,0.021505
4.97060167137892,-0.1265,359.7765,0,-0.216315
4.97065764531874,-0.1265,329.1765,0,-0.216315
4.96960771581431,0.6067,2643.4433,0,1.037457
4.85566103860825,185.9406,2408.9594,0,317.958426
4.72632252610844,432.906,2172.094,0,740.26926
4.65349979787521,604.6438,2057.5062,0,1033.940898
4.62582733759845,708.9316,2104.4184,0,1212.273036
4.56990334305997,814.1346,1851.3154,0,1392.170166
4.58728035367859,714.2543,1762.7957,0,1221.374853
4.70839014560642,465.858,2113.342,0,796.61718
4.85262847319887,193.6345,2433.8155,0,331.114995
7.34015315935686,-0.1265,3370.0765,0,-0.51612
7.34017179241849,-0.1265,3004.5765,0,-0.51612
7.34017236038924,-0.1265,2994.6765,0,-0.51612
7.34016993711319,-0.1265,3037.3765,0,-0.51612
7.34017323395731,-0.1265,2979.5765,0,-0.51612
3.08999281627794,-0.1265,2993.8265,0,0.021505
3.08996008897162,-0.1265,539.0765,0,0.021505
3.08993488729795,-0.1265,330.5265,0,0.021505
3.08979612925244,-0.1265,105.7365,0,0.021505
3.08980444399987,-0.1265,110.2215,0,0.021505
3.08980210456572,-0.1265,108.9215,0,0.021505
3.08977416289046,-0.1265,95.4765,0,0.021505
3.08982593880136,-0.1265,123.8015,0,0.021505
4.97184484898105,-0.1265,117.5065,0,-0.216315
4.97195966788515,-0.1265,110.6365,0,-0.216315
4.97043443420525,-0.1265,498.1765,0,-0.216315
4.35904731068318,292.9695,234.0555,0,500.977845
3.9822643257126,514.635,0,189.1563,880.02585
3.83310262246691,500.025,0,491.904,855.04275
3.78544121818104,536.265,0,672.695,917.01315
3.72110373250533,524.015,0,895.276,896.06565
3.76789512899426,522.205,0,713.769,892.97055
3.87764075624256,493.53,0,379.327,843.9363
4.26213470675224,389.376,161.869,0,665.83296
7.34064360253815,-0.1265,802.1765,0,-0.51612
7.34076408057399,-0.1265,675.7315,0,-0.51612
7.34074698939912,-0.1265,691.1865,0,-0.51612
7.34072575559113,-0.1265,711.4015,0,-0.51612
7.34072165085393,-0.1265,715.4465,0,-0.51612
3.08996783570409,-0.1265,668.8515,0,0.021505
3.08993308409063,-0.1265,321.6265,0,0.021505
3.0897959357964,-0.1265,105.6365,0,0.021505
3.08979399071737,-0.1265,104.6415,0,0.021505
3.08979548945114,-0.1265,105.4065,0,0.021505
3.08980009017091,-0.1265,107.8265,0,0.021505
3.08978423473816,-0.1265,99.9215,0,0.021505
3.08982292177021,-0.1265,121.6965,0,0.021505
4.97176831237201,-0.1265,122.5815,0,-0.216315
4.97203306437591,-0.1265,106.6515,0,-0.216315
4.97043762018295,-0.1265,494.5515,0,-0.216315
4.37124118341605,281.431,240.879,0,481.24701
3.9860954157354,501.74,0,178.149,857.9754
3.82340796104142,486.455,0,503.53,831.83805
3.78802142902302,498.17,0,616.986,851.8707
3.82755774387949,521.175,0,527.903,891.20925
3.88152304068137,508.85,0,382.302,870.1335
3.96826227207416,521.175,0,215.954,891.20925
4.40419138527009,272.9743,279.0407,0,466.786053
7.33347761501154,1.2772,796.3828,0,5.210976
7.34074994169687,-0.1265,688.4665,0,-0.51612
7.34071864141517,-0.1265,718.4415,0,-0.51612
7.34073992675568,-0.1265,697.7815,0,-0.51612
7.34072413655219,-0.1265,712.9915,0,-0.51612
3.08996985893759,-0.1265,713.7315,0,0.021505
3.08992814145157,-0.1265,299.5215,0,0.021505
3.08978245585639,-0.1265,99.1065,0,0.021505
3.08993377442655,-0.1265,324.9765,0,0.021505
3.08993476879397,-0.1265,329.9265,0,0.021505
3.08993548309675,-0.1265,333.5765,0,0.021505
3.08993432053594,-0.1265,327.6765,0,0.021505
3.08993472919673,-0.1265,329.7265,0,0.021505
4.97066288514312,-0.1265,326.5765,0,-0.216315
4.97066738450004,-0.1265,324.3765,0,-0.216315
4.97008365581904,-0.1265,2586.0265,0,-0.216315
4.84948225328699,203.7565,2483.5435,0,348.423615
4.7181494916321,454.908,2178.892,0,777.89268
4.61054910725232,694.403,1914.647,0,1187.42913
4.53097087785853,930.428,1763.122,0,1591.03188
4.54788212786384,857.784,1759.316,0,1466.81064
4.61016740679241,673.683,1854.117,0,1151.99793
4.72291836722499,435.246,2141.754,0,744.27066
4.83190221542737,231.9168,2407.8832,0,396.577728
7.33806070035054,1.5882,3338.1618,0,6.479856
7.3401713248046,-0.1265,3012.7765,0,-0.51612
7.34016744511081,-0.1265,3082.5765,0,-0.51612
7.34017524264699,-0.1265,2945.4265,0,-0.51612
7.34017228271763,-0.1265,2996.0265,0,-0.51612
3.08999285719861,-0.1265,3010.9765,0,0.021505
3.08996028796534,-0.1265,541.7765,0,0.021505
3.08993014988299,-0.1265,308.1265,0,0.021505
3.0899328961677,-0.1265,320.7265,0,0.021505
3.08993238984071,-0.1265,318.3265,0,0.021505
3.08993475889917,-0.1265,329.8765,0,0.021505
3.08992729233687,-0.1265,296.0265,0,0.021505
3.08993377442655,-0.1265,324.9765,0,0.021505
4.97063236409719,-0.1265,342.3265,0,-0.216315
4.97063236409719,-0.1265,342.3265,0,-0.216315
4.97008482696675,-0.1265,2550.3265,0,-0.216315
4.86371809919358,172.9704,2437.0296,0,295.779384
4.73914196018595,404.3842,2186.5658,0,691.496982
4.66035220695448,591.765,2084.435,0,1011.91815
4.61977436575997,675.481,1947.119,0,1155.07251
4.6274810744101,671.935,2010.715,0,1149.00885
4.64327553420814,600.151,1940.749,0,1026.25821
4.73529681919355,412.9229,2182.6271,0,706.098159
4.86407507513105,178.4659,2524.1341,0,305.176689
7.34014812631491,-0.1265,3484.5765,0,-0.51612
7.3401655810423,-0.1265,3117.2765,0,-0.51612
7.34017265444841,-0.1265,2989.5765,0,-0.51612
7.3401727960692,-0.1265,2987.1265,0,-0.51612
7.3401718238742,-0.1265,3004.0265,0,-0.51612
3.08999292569247,-0.1265,3040.1265,0,0.021505
3.08995911779607,-0.1265,526.2765,0,0.021505
3.08993163759821,-0.1265,314.8265,0,0.021505
3.08992809459882,-0.1265,299.3265,0,0.021505
3.08993756233242,-0.1265,344.6765,0,0.021505
3.08993325025181,-0.1265,322.4265,0,0.021505
3.08993047731582,-0.1265,309.5765,0,0.021505
3.08993648351097,-0.1265,338.8265,0,0.021505
4.97060495254822,-0.1265,357.8265,0,-0.216315
4.97067965130619,-0.1265,318.5265,0,-0.216315
4.97008248667692,-0.1265,2622.6765,0,-0.216315
4.80946994207087,278.962,2413.638,0,477.02502
4.61966158324847,683.214,1968.336,0,1168.29594
4.4988326784208,1004.475,1636.575,0,1717.65225
4.42816655873968,1243.349,1437.251,0,2126.12679
4.45331289754612,1142.93,1496.72,0,1954.4103
4.50329206167897,939.991,1564.109,0,1607.38461
4.64603128793645,609.1456,1996.9544,0,1041.638976
4.8216036267347,259.3557,2469.8943,0,443.498247
7.33951139980321,0.3987,3328.5013,0,1.626696
7.34017015000213,-0.1265,3033.5765,0,-0.51612
7.34017080601197,-0.1265,3021.9265,0,-0.51612
7.34017226834169,-0.1265,2996.2765,0,-0.51612
7.34017402836104,-0.1265,2965.9765,0,-0.51612
3.08999285245055,-0.1265,3008.9765,0,0.021505
3.08996182477741,-0.1265,563.5765,0,0.021505
3.08992948567662,-0.1265,305.2265,0,0.021505
3.08993373361251,-0.1265,324.7765,0,0.021505
3.08993211237682,-0.1265,317.0265,0,0.021505
3.08992832228142,-0.1265,300.2765,0,0.021505
3.08993378462221,-0.1265,325.0265,0,0.021505
3.08993776110742,-0.1265,345.7765,0,0.021505
4.97061711982221,-0.1265,350.7765,0,-0.216315
4.97069337620022,-0.1265,312.2265,0,-0.216315
4.97008390242162,-0.1265,2578.4265,0,-0.216315
4.83585450355212,221.5265,2380.8235,0,378.810315
4.66584701931664,562.5928,2037.8072,0,962.033688
4.57777656880684,812.439,1917.161,0,1389.27069
4.48395714210313,1066.274,1618.826,0,1823.32854
4.53000666516748,950.831,1793.669,0,1625.92101
4.58086229696394,769.916,1843.434,0,1316.55636
4.67569888876045,524.9694,2000.3306,0,897.697674
4.82621513326935,244.2125,2415.9375,0,417.603375
7.34015122518861,-0.1265,3413.1765,0,-0.51612
7.34016823379452,-0.1265,3068.1265,0,-0.51612
7.34017369160452,-0.1265,2971.7265,0,-0.51612
7.34017646494677,-0.1265,2925.0265,0,-0.51612
7.34017284236306,-0.1265,2986.3265,0,-0.51612
3.08999279690815,-0.1265,2985.7765,0,0.021505
3.0899582121687,-0.1265,514.8765,0,0.021505
